1	abacă
2	abanos
3	abataj
4	abate
5	abdicare
6	abdicație
7	abdicațiune
8	abecedar
9	aberativ
10	aberațiune
11	abietacee
12	abietinee
13	abilita
14	abilitațiune
15	abis
16	abiturient
17	abiturientă
18	abjura
19	ablas
20	ablativ
21	ablațiune
22	ablegat
23	abnega
24	abnegare
25	abnegație
26	abnegațiune
27	aboală
28	aboliție
29	abolițiune
30	abondare
31	abondat
32	abori
33	abortiv
34	abrac
35	abracadabrant
36	abraș
37	abrevia
38	abreviare
39	abreviație
40	abreviațiune
41	abrogație
42	abrutizare
43	abrutizat
44	abscisă
45	absenteist
46	absolutism
47	absolutist
48	absolutiza
49	absolutoriu
50	absolvare
51	absolvat
52	absorbire
53	absorpțiune
54	abstențiune
55	abstractiv
56	abstracție
57	abstracțiune
58	abstrage
59	absurditate
60	abundant
61	abundanță
62	abundare
63	abura
64	aburca
65	abureală
66	aburos
67	abzice
68	abătătură
69	abțigui
70	academie
71	acant
72	acantă
73	acaparator
74	acaret
75	acaț
76	acațiu
77	accentuație
78	accentuațiune
79	acceptabil
80	acceptant
81	acceptantă
82	accesit
83	acefal
84	acelălalt
85	aceracee
86	aceră
87	acestași
88	acetilenă
89	achenă
90	achilimit
91	achilă
92	achingiu
93	achiu
94	achizițiune
95	aci
96	acic
97	aciclic
98	acicular
99	acidifica
100	acidula
101	acie
102	acioa
103	acioaie
104	acioare
105	acioat
106	aciolare
107	aciolat
108	aciotor
109	acirat
110	aciua
111	aciuare
112	aciuia
113	aciuiare
114	aciuiat
115	aciuire
116	aciuit
117	aciuător
118	aclama
119	aclamație
120	aclamațiune
121	aclaz
122	aclimata
123	aclimatare
124	aclimatiza
125	acol
126	acolisire
127	acolisit
128	acolit
129	acomodabil
130	acont
131	aconta
132	aconto
133	acopereală
134	acoperemânt
135	acoperitură
136	acoperământ
137	acordic
138	acordor
139	acos
140	acotiledonat
141	acreală
142	acrid
143	acridă
144	acrime
145	acrire
146	acritor
147	acritură
148	acriu
149	acriță
150	acrobată
151	acromatic
152	acrostih
153	acroșa
154	acroșaj
155	acru
156	acrum
157	acta
158	actinamea
159	actinie
160	actiniu
161	actinomorf
162	activiza
163	actoriță
164	acufunda
165	acufundat
166	aculeat
167	aculma
168	acuminat
169	acupla
170	acurat
171	acurateță
172	acuzațiune
173	acușa
174	acvaforte
175	acvilin
176	acvilă
177	acăstău
178	acătare
179	acăța
180	acățat
181	acățătoare
182	acție
183	adagiu
184	adamant
185	adamantin
186	adamască
187	adaoge
188	adaogere
189	adaptație
190	adaptațiune
191	adat
192	adaus
193	addenda
194	adeatiu
195	adecuat
196	adecva
197	ademană
198	ademeni
199	ademenire
200	ademenitor
201	adenită
202	adet
203	adetoriu
204	adeu
205	adeveri
206	adevericiune
207	adeverire
208	adeveritor
209	adeveritură
210	adevăra
211	adevărare
212	adevărăciune
213	adevărătate
214	adia
215	adiafor
216	adiaforie
217	adiaforisi
218	adiată
219	adiere
220	adimenit
221	adimenitor
222	adiutant
223	adiționa
224	adițiune
225	adjectiva
226	adjectiviza
227	administrațiune
228	admirabil
229	admirare
230	admirator
231	admirațiune
232	admonesta
233	admonestare
234	admonestație
235	admonia
236	admonițiune
237	adnota
238	adnotator
239	adoi
240	adopțiune
241	adorantă
242	adorare
243	adorat
244	adorator
245	adorație
246	adorațiune
247	adormitare
248	adormitat
249	adormitor
250	adresant
251	adresantă
252	adresărui
253	aducător
254	adula
255	adular
256	adulație
257	adulmeca
258	adulmecos
259	adulmăca
260	adulter
261	adulterină
262	adumbri
263	adunată
264	adunător
265	adunătură
266	adupleca
267	adusoare
268	adusătură
269	adventiv
270	adverbializa
271	advocat
272	advocatură
273	advocățesc
274	adânca
275	adâncare
276	adâncat
277	adâncit
278	adâncitură
279	adâncătură
280	adălmaș
281	adămesc
282	adăoga
283	adăogat
284	adăogi
285	adăogire
286	adăogit
287	adăogământ
288	adăogătură
289	adăosătură
290	adăoșag
291	adăpa
292	adăposteală
293	adăposti
294	adăpostire
295	adăpostitură
296	adăpostură
297	adăpăciune
298	adăpătoare
299	adăpătos
300	adăsta
301	adăstare
302	adătiu
303	adăugi
304	adăugire
305	adăugit
306	adăugământ
307	adăugătură
308	adăvăr
309	adăvăsi
310	aed
311	aerarium
312	aerație
313	aeresc
314	aerifer
315	aerofon
316	aeroion
317	aerometru
318	aeromobil
319	aeromodel
320	aeronaut
321	aeronaval
322	aeroplan
323	aeropurtat
324	aeros
325	aerostat
326	aerostatic
327	afabil
328	afabilitate
329	afanisi
330	afanisire
331	afanisit
332	afebril
333	afectație
334	afecție
335	afecționa
336	aferat
337	afereză
338	afierosi
339	afierosire
340	afierosit
341	afif
342	afige
343	afin
344	afinat
345	afinisi
346	afiniș
347	afină
348	afion
349	afipt
350	afirmațiune
351	afix
352	afișar
353	afluent
354	aflător
355	aflătoriu
356	aforisi
357	aforism
358	aforismă
359	aforistic
360	afresco
361	africat
362	africată
363	afronta
364	aftocrator
365	aftos
366	aftă
367	afuma
368	afumegat
369	afumătoare
370	afumător
371	afund
372	afunda
373	afundiș
374	afundător
375	afurca
376	afurisanie
377	afurisenie
378	afurisi
379	afurisit
380	afurisită
381	afânat
382	agabaniu
383	aganbani
384	agarean
385	agaricacee
386	agarinesc
387	agasa
388	agasant
389	agată
390	agavă
391	ageamiu
392	agem
393	agentură
394	ager
395	agerime
396	agesc
397	agest
398	agesti
399	agestru
400	ageu
401	agheazmă
402	aghesmui
403	aghian
404	aghiazmă
405	aghieu
406	aghimant
407	aghioasă
408	aghios
409	aghiotant
410	aghistin
411	aghistină
412	aghiuță
413	aghiău
414	agie
415	agiesc
416	agio
417	agiotagiu
418	agiotaj
419	agita
420	agitator
421	agitațiune
422	agiu
423	aglice
424	aglică
425	aglutinant
426	aglutinat
427	agneț
428	agnosticism
429	agoană
430	agod
431	agodi
432	agogic
433	agonal
434	agonic
435	agonie
436	agoniseală
437	agonisi
438	agonisire
439	agonisită
440	agonă
441	agorî
442	agostru
443	agrafă
444	agrar
445	agrarian
446	agrarianism
447	agregație
448	agreț
449	agriș
450	agrișă
451	agrotehnic
452	agrozootehnic
453	agrăi
454	agrăit
455	agud
456	agur
457	aguridă
458	agurijoară
459	aguriza
460	agurizi
461	agâmba
462	agârlâc
463	agă
464	agădui
465	agădăi
466	agănău
467	agărenie
468	agărlâc
469	agărni
470	agărnire
471	agărnit
472	agărnitură
473	agăța
474	agățătoare
475	ahotnic
476	ahotă
477	aht
478	ahtiat
479	ahtinam
480	ahtinamea
481	aian
482	aiar
483	aiasmă
484	aiazmă
485	aidamac
486	aiduc
487	aiepta
488	aiest
489	aiesta
490	aii
491	aiire
492	ainfas
493	aior
494	aist
495	aista
496	ait
497	aituri
498	aitură
499	aiurare
500	aiureală
501	aiuri
502	aiurire
503	aiurist
504	aiurit
505	aișor
506	ajag
507	ajunat
508	ajungere
509	ajunsătură
510	ajur
511	ajura
512	ajutaj
513	ajutora
514	ajutorat
515	ajutori
516	ajutorință
517	ajutorire
518	ajutoriu
519	ajutătorie
520	ajutătoriu
521	alabastru
522	alac
523	alaci
524	alagea
525	alah
526	alai
527	alaiu
528	alalt
529	alaman
530	alambica
531	alamă
532	alarmat
533	alaur
534	alaș
535	albaneză
536	albaspină
537	albatros
538	albață
539	albeală
540	albeață
541	albei
542	albeneț
543	albeț
544	albețe
545	albicios
546	albiciune
547	albie
548	albiire
549	albiit
550	albinar
551	albinel
552	albineț
553	albină
554	albinărel
555	albinărie
556	albioară
557	albior
558	albit
559	albitoare
560	albitor
561	albitorie
562	albitoriu
563	albitură
564	albiu
565	albiuță
566	albișoară
567	albiță
568	alboi
569	albotin
570	albumen
571	albuminoid
572	albuminos
573	alburiu
574	alburn
575	albăstrel
576	albăstri
577	albăstrime
578	albăstrit
579	albăstriu
580	albăstriță
581	alcaic
582	alcalic
583	alcaliniza
584	alcaliu
585	alcam
586	alcan
587	alciui
588	alcooliza
589	alcoolizare
590	alcoran
591	alcov
592	alcătuială
593	alcătuință
594	alcătuire
595	alcătuitor
596	alcăzit
597	aldan
598	aldovănire
599	aldovănit
600	aldui
601	alduit
602	aldămaș
603	aldămășar
604	aleam
605	alean
606	aleaneș
607	aleaniș
608	alee
609	alega
610	alegoriza
611	alegru
612	alegădi
613	alegătoare
614	alegător
615	alegătoresc
616	alelă
617	alem
618	aleman
619	alenzui
620	alenzuit
621	alenă
622	alergic
623	alergătoare
624	alergătură
625	alesidă
626	alesător
627	alesătură
628	aletiu
629	aleu
630	alexandrin
631	alexic
632	alexică
633	aleza
634	alfabetiza
635	alfavita
636	algebraic
637	algie
638	aliată
639	alici
640	alică
641	aliena
642	alienație
643	alijveriș
644	alilodidactic
645	alinat
646	alinea
647	alingări
648	alinta
649	alintare
650	alinător
651	alios
652	alipi
653	alipire
654	alipui
655	alisidă
656	aliterație
657	alizeu
658	alișveriș
659	almanac
660	almee
661	alnic
662	alodiu
663	aloes
664	aloghiță
665	aloi
666	alos
667	alotropic
668	aloviță
669	alpacă
670	alpaga
671	alpestru
672	altari
673	altariu
674	alterabil
675	alterație
676	alteță
677	altițe
678	alto
679	altoi
680	altoit
681	aluminos
682	alumn
683	alumosilicat
684	alun
685	alunar
686	alunea
687	alunecuș
688	alunecător
689	alungat
690	alunică
691	aluniu
692	aluniș
693	alună
694	aluvial
695	aluviu
696	aluzie
697	aluziune
698	alvanit
699	alvanită
700	alviță
701	alâm
702	alăm
703	alămi
704	alămojnă
705	alămâi
706	alămâie
707	alămâiță
708	alăsidă
709	alătra
710	alătrare
711	alătrat
712	alăturare
713	alăturaș
714	alău
715	alăută
716	amalgama
717	amalgamiza
718	aman
719	amandament
720	amanetare
721	amanetarisitor
722	amant
723	amantă
724	amarilidacee
725	amarnic
726	amară
727	amazoană
728	amazonă
729	ambac
730	ambar
731	ambarcație
732	ambardee
733	ambeta
734	ambetat
735	ambiț
736	ambiționa
737	ambiționare
738	ambițiune
739	ambreia
740	ambulacru
741	ambuscat
742	ambutisa
743	ameliorat
744	amendabil
745	amenința
746	amenințător
747	amenitate
748	ament
749	amentacee
750	amentaceu
751	americanism
752	americaniza
753	americanizare
754	americanizat
755	amerindiană
756	amerința
757	amerizare
758	amestecătură
759	amețeală
760	ameți
761	amețire
762	amețitor
763	amfibol
764	amfibrah
765	amfitrioană
766	amfitrion
767	amforă
768	amiant
769	amiaz
770	amiazi
771	amiazăzi
772	amic
773	amicabil
774	amicie
775	amiciție
776	amică
777	amidă
778	amiez
779	amilaceu
780	amintitor
781	amină
782	amirosi
783	amnar
784	amnestiat
785	amnestiată
786	amnios
787	amnistiată
788	amoc
789	amonit
790	amont
791	amoraș
792	amorez
793	amorezat
794	amoreză
795	amorf
796	amortisment
797	amortizație
798	amorțire
799	amorțit
800	amorțitor
801	ampenaj
802	amperspiră
803	amplexicaul
804	amploaiat
805	amploaiată
806	amploiat
807	amploiată
808	amproor
809	amurat
810	amurg
811	amurgire
812	amurgit
813	amuși
814	amuțat
815	amuțit
816	amvon
817	amânar
818	amânare
819	amăgeală
820	amăgeu
821	amăgi
822	amăgire
823	amăgitor
824	amăgitură
825	amăguli
826	amănunt
827	amănunți
828	amănunțime
829	amăreală
830	amăreț
831	amărime
832	amărunt
833	amărunțime
834	amărâre
835	amărâtă
836	amărî
837	amărăciune
838	anabaptist
839	anacolut
840	anacreontic
841	anacronism
842	anadol
843	anafor
844	anaforă
845	anagnost
846	anagramă
847	anahoret
848	analizabil
849	analoghie
850	analogie
851	analogist
852	anapest
853	anarhic
854	anarhie
855	anarhist
856	anatemiza
857	anchilozare
858	anchilozat
859	ancie
860	anclanșa
861	andante
862	andin
863	andosa
864	androceu
865	anecdotică
866	anecdotism
867	anecdotist
868	anecdotă
869	anelid
870	anelidă
871	anemiat
872	anemometru
873	aneu
874	anevoință
875	anexiune
876	angelică
877	angelologie
878	anghinară
879	anghină
880	angiosperm
881	anglaise
882	angli
883	anglicanism
884	anglicism
885	angloman
886	angărlâc
887	anhidridă
888	anihilator
889	anilină
890	animalcul
891	animalicul
892	animalitate
893	animaliza
894	animism
895	animist
896	animozitate
897	aninat
898	anodic
899	anodin
900	anofel
901	anomal
902	anonimă
903	anosti
904	anostit
905	antablament
906	antagonism
907	antecameră
908	antecesor
909	antedata
910	antedeluvian
911	antediluvian
912	antep
913	antepenultim
914	anteproiect
915	antepune
916	antereu
917	anteridie
918	anteriu
919	anteră
920	antevorbitor
921	antialcoolică
922	antiburghez
923	anticameră
924	anticanonic
925	anticar
926	anticariu
927	anticitate
928	anticlerical
929	anticlinal
930	anticoncepțional
931	anticorosiv
932	anticvar
933	anticărie
934	antidinastic
935	antifarmac
936	antifebril
937	antifeudal
938	antifona
939	antifonic
940	antihemoragic
941	antihârț
942	antiintelectualistă
943	antilopă
944	antiluetic
945	antimis
946	antimonarhic
947	antinomie
948	antiparticulă
949	antipatie
950	antipoetic
951	antiscorbutic
952	antisemită
953	antisifilitic
954	antitetic
955	antiunionist
956	antiunionistă
957	antologa
958	antologie
959	antret
960	antreu
961	antropocentrism
962	antropofag
963	antropogen
964	antropogonic
965	antropoid
966	antropometric
967	antroponim
968	antroponomastic
969	antă
970	anuitate
971	anular
972	anunțător
973	anvon
974	apalt
975	apanagiu
976	aparență
977	aparință
978	aparițiune
979	aparținător
980	apatrid
981	apaș
982	apelativ
983	apella
984	apelpiseală
985	apelpisie
986	apelpisit
987	apercepe
988	apercepție
989	apetal
990	aplaude
991	aplaudări
992	apleca
993	aplecare
994	aplecate
995	aplecăciune
996	aplecător
997	aplicațiune
998	apocalips
999	apocopă
1000	apod
1001	apodictic
1002	apofiză
1003	apolo
1004	apolog
1005	apoplectic
1006	apoplexie
1007	apoplixie
1008	aporie
1009	aporta
1010	aportare
1011	apostasie
1012	apostrofa
1013	apostrofare
1014	apostrofă
1015	apoteozat
1016	apoteoză
1017	apoziție
1018	apreciare
1019	apreciat
1020	apreciator
1021	apreciație
1022	aprehensiune
1023	apret
1024	apreta
1025	apretare
1026	apretură
1027	aprețiare
1028	aprețui
1029	aprețuire
1030	aprețuit
1031	apriat
1032	aprig
1033	aprinzătoare
1034	aprioric
1035	apriorist
1036	aprobativ
1037	aprod
1038	apropiare
1039	apropria
1040	apropriare
1041	apropriat
1042	aproximație
1043	aproximațiune
1044	aptitudine
1045	apucată
1046	apucitură
1047	apucător
1048	apucătură
1049	apunere
1050	apuntamente
1051	apusean
1052	apust
1053	apuțitură
1054	apăraie
1055	apărie
1056	apărământ
1057	apărător
1058	apărătură
1059	apăsa
1060	apăsător
1061	apătos
1062	apșoară
1063	arababură
1064	arac
1065	aracan
1066	aragonez
1067	arahidă
1068	arahnidă
1069	aramean
1070	arameean
1071	arameic
1072	aramă
1073	arap
1074	arapină
1075	arar
1076	arare
1077	arbalestră
1078	arbalț
1079	arbitrar
1080	arbitrariu
1081	arboradă
1082	arboraș
1083	arborescent
1084	arbur
1085	arbure
1086	arbuz
1087	arbănaș
1088	arcadian
1089	arcaliu
1090	arcanea
1091	arcat
1092	arcaș
1093	arcașă
1094	arcer
1095	arcos
1096	arcoză
1097	arcubalistă
1098	arcui
1099	arcuș
1100	arcărie
1101	arcășie
1102	ardeia
1103	ardeleană
1104	ardelenesc
1105	ardelenism
1106	ardica
1107	ardicare
1108	ardicat
1109	ardoare
1110	ardusătean
1111	arduzelean
1112	ardău
1113	arenda
1114	arendare
1115	arendaș
1116	arendă
1117	arendășesc
1118	arendășie
1119	areolă
1120	areometru
1121	areopag
1122	arestant
1123	arestantă
1124	arestui
1125	arestuire
1126	arestuit
1127	aret
1128	arete
1129	arfă
1130	argat
1131	argea
1132	argentifer
1133	argentin
1134	arginta
1135	argintar
1136	argintat
1137	argintit
1138	argintos
1139	argintui
1140	argintărie
1141	argințică
1142	argumentațiune
1143	argălâc
1144	argăsi
1145	argăsire
1146	argățel
1147	argățesc
1148	argăție
1149	argățime
1150	argățit
1151	arhaic
1152	arhaism
1153	arhaizant
1154	arhanghel
1155	arheolog
1156	arhidieceză
1157	arhiduce
1158	arhiducesă
1159	arhiereu
1160	arhipăstoresc
1161	arhitectonică
1162	arhitectonie
1163	arhivar
1164	arhon
1165	arhonda
1166	arhondar
1167	arhondaric
1168	arhondologie
1169	arhondărie
1170	arhonte
1171	arianism
1172	aric
1173	ariciu
1174	aridica
1175	aridicare
1176	arierat
1177	ariergardă
1178	arieșean
1179	arieșeancă
1180	arin
1181	arine
1182	ariniș
1183	ariniște
1184	arinos
1185	arină
1186	aripioară
1187	aristarh
1188	aristat
1189	aristocrat
1190	aristocratic
1191	aristocratism
1192	aristocratiza
1193	aristocrație
1194	aristofanic
1195	aristotelic
1196	aristotelism
1197	aritmetică
1198	ariște
1199	armadă
1200	armar
1201	armator
1202	armatură
1203	armaș
1204	armean
1205	armeancă
1206	armenească
1207	armie
1208	arminden
1209	armistiție
1210	armoarii
1211	armonic
1212	armonios
1213	armoniu
1214	armurar
1215	armurărie
1216	armân
1217	armărie
1218	armăsar
1219	armășel
1220	armășie
1221	arneu
1222	arni
1223	arnici
1224	arniciu
1225	arnăut
1226	arnăuțesc
1227	arom
1228	aromeală
1229	aromi
1230	aromire
1231	aromit
1232	aromitor
1233	aromânesc
1234	aron
1235	aronda
1236	arondisment
1237	arpegiu
1238	arpă
1239	arseniat
1240	arsenică
1241	artelnic
1242	articolaș
1243	articul
1244	articulatoriu
1245	artificialism
1246	artificialitate
1247	artificializat
1248	artificier
1249	artificios
1250	artilerist
1251	artiodactil
1252	artropod
1253	aruncătură
1254	arvanit
1255	arvoni
1256	arvonă
1257	arvunit
1258	arvună
1259	arz
1260	arzmahzar
1261	arzoi
1262	arândă
1263	arăbesc
1264	arăci
1265	arămeasă
1266	arămi
1267	arămioară
1268	arămită
1269	arămiu
1270	arămărie
1271	arăpesc
1272	arăpie
1273	arăpilă
1274	arăpoaică
1275	arătare
1276	arător
1277	arătoriu
1278	arătură
1279	arșic
1280	arșică
1281	arșiță
1282	arțag
1283	arțăgos
1284	asalta
1285	ascher
1286	asclepiad
1287	ascomicetă
1288	ascultoi
1289	ascultătoare
1290	ascunziș
1291	ascunzătoare
1292	ascunzător
1293	ascuțime
1294	ascuțitor
1295	ascuțiș
1296	ască
1297	aseca
1298	asedia
1299	asediator
1300	asediere
1301	asediu
1302	asemine
1303	asemui
1304	asemuire
1305	asemuitor
1306	asemăna
1307	asemănare
1308	aservi
1309	aserțiune
1310	asesor
1311	asfințire
1312	asfințit
1313	asfixiant
1314	asiatism
1315	asigurătoare
1316	asimetric
1317	asimilațiune
1318	asin
1319	asină
1320	asirian
1321	asmuța
1322	asmuțare
1323	asmuțat
1324	asmuți
1325	asociare
1326	asociațiune
1327	asoga
1328	asoreală
1329	aspectual
1330	asperitate
1331	aspid
1332	aspidă
1333	aspirațiune
1334	aspri
1335	asprime
1336	asprit
1337	aspriu
1338	astimpăra
1339	astmatic
1340	astmă
1341	astragal
1342	astrofizic
1343	astronautic
1344	astru
1345	astruca
1346	astrucare
1347	astrucat
1348	astupa
1349	astupare
1350	astupuș
1351	astupător
1352	astuție
1353	astâmpăra
1354	astâmpărare
1355	astăreală
1356	asudat
1357	asuma
1358	asupreală
1359	asupri
1360	asuprire
1361	asupritor
1362	asuprită
1363	asurzi
1364	asurzire
1365	asurzitor
1366	asămânat
1367	asămănare
1368	asămănat
1369	atac
1370	atacabil
1371	atavic
1372	atavism
1373	atavistic
1374	atel
1375	atenee
1376	ateneu
1377	atenuant
1378	atențiune
1379	aterizare
1380	aticism
1381	atică
1382	atingător
1383	atlaz
1384	atoatevăzător
1385	atomism
1386	atomist
1387	atomistic
1388	atomistică
1389	atomizat
1390	atomă
1391	atonal
1392	atonic
1393	atotcunoscător
1394	atotputere
1395	atotputernic
1396	atotputernicie
1397	atotstăpânitor
1398	atotțiitor
1399	atracțiune
1400	atributiv
1401	atribuțiune
1402	atrofiare
1403	atârnare
1404	atârnat
1405	atârnați
1406	atârnătoare
1407	atârnător
1408	atâtica
1409	auditoriu
1410	augmenta
1411	augmentabil
1412	augsburg
1413	augura
1414	augural
1415	auguriu
1416	aulic
1417	aurar
1418	aureolă
1419	auri
1420	auricul
1421	auriculă
1422	aurică
1423	auritură
1424	auroră
1425	auros
1426	ausculta
1427	auscultare
1428	auspiciu
1429	austriacă
1430	austru
1431	autarhie
1432	autocefal
1433	autocrator
1434	autocrată
1435	autodafe
1436	autogestionar
1437	autogramă
1438	autohtonism
1439	autohtoniza
1440	autopastișa
1441	autoregla
1442	autoritativ
1443	autoscopie
1444	autotrof
1445	autovaccin
1446	auzibil
1447	auzire
1448	auzitoare
1449	auzitor
1450	auă
1451	aușel
1452	avam
1453	avan
1454	avangardism
1455	avanie
1456	avanscenă
1457	avantagiu
1458	avantgardă
1459	avar
1460	avariție
1461	aventurieră
1462	avenă
1463	avgust
1464	avicular
1465	aviditate
1466	avocățel
1467	avocățesc
1468	avortare
1469	avrămeasă
1470	avucat
1471	avuție
1472	avânta
1473	avă
1474	axiomă
1475	azbucoavnă
1476	azimioară
1477	azimă
1478	azotos
1479	azur
1480	azurat
1481	azuriu
1482	azvârli
1483	azvârlire
1484	azvârlitură
1485	azvârlită
1486	așchie
1487	așchietor
1488	așezământ
1489	așezătură
1490	așterne
1491	așăzătură
1492	aține
1493	aținta
1494	aținti
1495	ațintire
1496	ațipeală
1497	ațipire
1498	ațipit
1499	ațișoară
1500	ațița
1501	ațițat
1502	ațânta
1503	ațântat
1504	ațâța
1505	ațâțare
1506	ațâțător
1507	ață
1508	babac
1509	babacă
1510	babadam
1511	babadan
1512	babaie
1513	babalear
1514	babaluc
1515	babalucă
1516	babalâc
1517	babalâcă
1518	babaș
1519	babetă
1520	babilon
1521	babiloneancă
1522	babilonesc
1523	babilonic
1524	babiță
1525	babon
1526	babord
1527	baborniță
1528	babușcă
1529	babuși
1530	babău
1531	bacal
1532	bacala
1533	bacalbașa
1534	bacalbașă
1535	bacalea
1536	bacalear
1537	bacaliar
1538	bacalica
1539	bacaloreat
1540	bacalâm
1541	bacanal
1542	bacanală
1543	bacantă
1544	bacara
1545	baci
1546	bacie
1547	bacilar
1548	baconiană
1549	bacteriofag
1550	bacșiș
1551	bade
1552	badian
1553	badieră
1554	badijona
1555	badog
1556	bae
1557	baedeker
1558	baederă
1559	baeractar
1560	baeramlâc
1561	bagabont
1562	bagadel
1563	bagagiu
1564	bagalii
1565	bagatea
1566	bagatel
1567	bagateliza
1568	bagatelă
1569	bagatâr
1570	bagdadie
1571	bageac
1572	bageacă
1573	bagnet
1574	bahamet
1575	bahmet
1576	bahnă
1577	baiader
1578	baiaderă
1579	baiarac
1580	baiaractar
1581	baictar
1582	baidel
1583	baider
1584	baidir
1585	baier
1586	baierac
1587	baieractar
1588	baieramlâc
1589	baieră
1590	bainet
1591	baionetă
1592	baior
1593	bair
1594	bairac
1595	bairactar
1596	bairactariu
1597	bairaiac
1598	bairamlâc
1599	baisse
1600	baiu
1601	bajocură
1602	balabustă
1603	baladin
1604	baladină
1605	baladă
1606	balalaică
1607	balamut
1608	balamută
1609	balamuți
1610	balamuție
1611	balamuțire
1612	balamuțit
1613	balangă
1614	balansier
1615	balanțare
1616	balaor
1617	balasta
1618	balaur
1619	balcanică
1620	balcic
1621	balconaș
1622	balegă
1623	balercă
1624	baletist
1625	baletistă
1626	balghemez
1627	baliemez
1628	baligă
1629	balimez
1630	baliniez
1631	balmeș
1632	balmoș
1633	balmuș
1634	balneo-climateric
1635	balneo-climatic
1636	balona
1637	balonaș
1638	balonzaid
1639	balsamat
1640	balsamină
1641	balsamui
1642	balt
1643	baltag
1644	balustradă
1645	balustru
1646	balzam
1647	balâcdiș
1648	bală
1649	balț
1650	balțat
1651	bambu
1652	bampir
1653	bamă
1654	banalitate
1655	banaliza
1656	banalizare
1657	banchet
1658	bancuță
1659	bandaja
1660	bandat
1661	banderiu
1662	bandieră
1663	bandit
1664	bandon
1665	bandor
1666	bandulieră
1667	bandură
1668	bangă
1669	banieră
1670	banimez
1671	baniță
1672	bantustan
1673	bantă
1674	baptister
1675	baptisteriu
1676	barabaftă
1677	baraban
1678	barabanci
1679	barabancă
1680	barabană
1681	baraboi
1682	barabor
1683	barac
1684	baracă
1685	baraectar
1686	baragladină
1687	baraiac
1688	baraiactar
1689	baraictar
1690	baraimlâc
1691	barancă
1692	barangă
1693	baratcă
1694	baraterie
1695	barată
1696	barbacană
1697	barbar
1698	barbarie
1699	barbarism
1700	barbetă
1701	barbituric
1702	barbișon
1703	barbișă
1704	barbun
1705	barbur
1706	barbură
1707	barc
1708	barcagiu
1709	barcarolă
1710	bard
1711	bardiș
1712	bardișă
1713	bardă
1714	barem
1715	bareș
1716	barhet
1717	bariamlâc
1718	bariton
1719	bariz
1720	bariș
1721	barlaboi
1722	barnee
1723	baroană
1724	barograf
1725	barometric
1726	baron
1727	baroneasă
1728	baronie
1729	baroniță
1730	baros
1731	barosană
1732	bartă
1733	barut
1734	barză
1735	barșon
1736	basamac
1737	baschetbal
1738	basculă
1739	basețe
1740	basilic
1741	basma
1742	basmagiu
1743	basmangiu
1744	basmu
1745	basnă
1746	basrelief
1747	bastard
1748	bastiment
1749	baston
1750	bastonaș
1751	bastă
1752	batalion
1753	batant
1754	batard
1755	batardou
1756	batată
1757	batavă
1758	batcă
1759	batist
1760	batistă
1761	batiște
1762	batjoc
1763	batjocori
1764	batjocorie
1765	batjocoritor
1766	batjocoritură
1767	batjocoros
1768	batjocorotură
1769	batjocoră
1770	batjocurit
1771	batjocuritură
1772	batjocură
1773	batoc
1774	batoză
1775	baudelairiană
1776	baur
1777	bazaconie
1778	bazalt
1779	bazaltic
1780	bazaochi
1781	bazea
1782	bazilar
1783	bazileu
1784	bazilisc
1785	bazinet
1786	bazofil
1787	bazăconie
1788	baș
1789	bașa
1790	bașcă
1791	bașfir
1792	bașibuzuc
1793	baște
1794	baștie
1795	baștină
1796	baștă
1797	bațagonie
1798	bdenie
1799	beantă
1800	beatifica
1801	beatitudine
1802	beată
1803	becar
1804	becațină
1805	becață
1806	becer
1807	becerie
1808	becher
1809	bechi
1810	beci
1811	beciariu
1812	becisnic
1813	becisnicie
1814	beciu
1815	beciznic
1816	bectemis
1817	bedreag
1818	beduin
1819	bedă
1820	beefsteak
1821	befstec
1822	beg
1823	beglerbeg
1824	begonie
1825	behăi
1826	beilerbei
1827	beilic
1828	beiu
1829	beizade
1830	beizadea
1831	beizdadea
1832	beizdedea
1833	beizeadea
1834	beizedea
1835	beizădea
1836	bejanie
1837	bejenerie
1838	bejenie
1839	bejenire
1840	bejenărie
1841	bejenărire
1842	bejinerie
1843	bejănar
1844	bejănie
1845	bejănărie
1846	bejănărit
1847	bel
1848	belacoasă
1849	belaliu
1850	belciug
1851	belciugat
1852	belea
1853	beleag
1854	belemnit
1855	belezic
1856	belfer
1857	belgi
1858	belit
1859	belitură
1860	belniță
1861	belorus
1862	belotă
1863	benchet
1864	benchetuire
1865	benedicțiune
1866	beneficient
1867	beneficientă
1868	bengal
1869	benghi
1870	beniș
1871	benișel
1872	benoar
1873	bentonic
1874	benuar
1875	benzenic
1876	beratliu
1877	berbant
1878	berbantlâc
1879	berbanță
1880	berbece
1881	berbecel
1882	berbeci
1883	berbeleaca
1884	berbelâc
1885	berbență
1886	berberă
1887	berbeștean
1888	berbință
1889	berbăntlâc
1890	berbănție
1891	berc
1892	bercă
1893	bereat
1894	berechet
1895	beregată
1896	beretă
1897	bergsonian
1898	bergsoniană
1899	beril
1900	berlic
1901	berneveci
1902	bernevici
1903	bertă
1904	berărie
1905	besacte
1906	besactea
1907	besacștea
1908	besadă
1909	besectea
1910	beserecă
1911	beserică
1912	besmetic
1913	bessi
1914	bestahtea
1915	bestie
1916	beteag
1917	beteală
1918	betegit
1919	betegos
1920	betegșig
1921	betegșâg
1922	beteji
1923	betejire
1924	betejit
1925	betel
1926	beteșag
1927	beteșig
1928	beteșug
1929	betona
1930	betulacee
1931	beu
1932	beucă
1933	beut
1934	beutură
1935	bezaconic
1936	bezaconie
1937	bezbojnic
1938	bezdadea
1939	bezdedee
1940	bezeadea
1941	bezedea
1942	bezer
1943	bezidea
1944	bezmen
1945	bezmetec
1946	beznă
1947	bezădea
1948	beș
1949	beșactea
1950	beșacștea
1951	beșicat
1952	beșică
1953	beșlegie
1954	beșlic
1955	beșteli
1956	bețic
1957	bețică
1958	beție
1959	bețiu
1960	bețiv
1961	bețivan
1962	bețișor
1963	bețiț
1964	bețâc
1965	bețârc
1966	bibazic
1967	bibi
1968	bibic
1969	bibică
1970	bibil
1971	bibiloi
1972	bibiță
1973	bibliofil
1974	bibliologie
1975	bibliotică
1976	bicaș
1977	bici
1978	bicisnic
1979	biciui
1980	biciuitor
1981	biciuli
1982	biciușcă
1983	biconcav
1984	biconvex
1985	bicorn
1986	bicăzean
1987	bide
1988	bidibiu
1989	bididiu
1990	bidiganie
1991	bidinea
1992	bidiviu
1993	bielă
1994	bielșug
1995	biert
1996	biet
1997	bifid
1998	biftec
1999	biftigă
2000	bifurcare
2001	bifurcat
2002	bifurcație
2003	bigot
2004	bigoterie
2005	bigotă
2006	bigudiu
2007	bigă
2008	biju
2009	bilabial
2010	bilabială
2011	bilabiat
2012	biletă
2013	bilios
2014	bilit
2015	bilitoare
2016	bilitor
2017	biliță
2018	bilobat
2019	bilșug
2020	bilț
2021	biman
2022	bimbaș
2023	bimbașa
2024	bimbașă
2025	bimensual
2026	bimpașa
2027	bimpașă
2028	binagiu
2029	binecrescut
2030	binecuvânta
2031	binefacere
2032	binefăcut
2033	binefăcător
2034	binevestire
2035	binevestit
2036	binevestitor
2037	binevoi
2038	binevoire
2039	binevoitor
2040	binevrere
2041	binevrut
2042	binețe
2043	biniș
2044	binișel
2045	binișliu
2046	bintătui
2047	biobibliografic
2048	biocenoză
2049	biofizic
2050	bion
2051	biotit
2052	bipenat
2053	bir
2054	birac
2055	birar
2056	birbant
2057	birefringent
2058	birjar
2059	birjă
2060	birjăresc
2061	birnic
2062	birnică
2063	birocrat
2064	birocratism
2065	birocratiza
2066	birt
2067	birtaș
2068	birtășiță
2069	birui
2070	biruință
2071	biruire
2072	biruitor
2073	birăiță
2074	birărie
2075	birău
2076	birșegălui
2077	birșiglui
2078	birșigui
2079	birșlugui
2080	birșugui
2081	birșăglui
2082	birșăgălui
2083	bisactea
2084	bisat
2085	bisectoare
2086	bisericoasă
2087	bisericos
2088	bisericuță
2089	bisexuat
2090	bisilabic
2091	bismarck
2092	bismark
2093	bistriț
2094	bitie
2095	bitumen
2096	biurocrat
2097	biurocratic
2098	biurocrată
2099	biurocrație
2100	biurou
2101	biușug
2102	bivalv
2103	bivalvă
2104	bivol
2105	bivolar
2106	bivoliță
2107	bivșug
2108	bizantinism
2109	bizantiniza
2110	bizantinolog
2111	bizantinologie
2112	bizantină
2113	bizarerie
2114	bizdadea
2115	bizeț
2116	bizunie
2117	bișactea
2118	bișug
2119	biț
2120	biță
2121	blacheu
2122	blagocestie
2123	blagocestiv
2124	blagocestivie
2125	blagocin
2126	blagodarenie
2127	blagoiavlenie
2128	blagomanie
2129	blagorodnicie
2130	blagorodnie
2131	blagoslovenie
2132	blagoslovi
2133	blagoslovire
2134	blagoslovit
2135	blagă
2136	blajenie
2137	blajin
2138	blam
2139	blamabil
2140	blanchetă
2141	blastemă
2142	blaza
2143	blazgonie
2144	blaznă
2145	bleandă
2146	bleau
2147	bleav
2148	bleg
2149	blehui
2150	blehuire
2151	blehuit
2152	blehăi
2153	blendisit
2154	blendă
2155	blenoragie
2156	bleojdit
2157	blestema
2158	blestemare
2159	blestemat
2160	blestemăție
2161	bleui
2162	bleuire
2163	bleuit
2164	blești
2165	blid
2166	blidar
2167	blidișel
2168	blinda
2169	blocus
2170	blojeritură
2171	blojiritură
2172	blojitură
2173	blojori
2174	blojăritură
2175	blondin
2176	blondă
2177	blândețe
2178	blândeță
2179	blănar
2180	blănit
2181	blănui
2182	blănuire
2183	blănuit
2184	blăstem
2185	blăstema
2186	blăstemare
2187	blăstemat
2188	blăstăm
2189	blăstăma
2190	blăstămat
2191	blăstămăție
2192	blăznitură
2193	boactăr
2194	boacă
2195	boacăn
2196	boacănă
2197	boaghe
2198	boaltă
2199	boarcă
2200	boare
2201	boarfă
2202	boartă
2203	boarță
2204	boașă
2205	bobeală
2206	bobeică
2207	bobletic
2208	bobleț
2209	boboană
2210	bobocel
2211	bobolâc
2212	bobornic
2213	bobot
2214	bobotaie
2215	bobotit
2216	bobotă
2217	bobou
2218	boboș
2219	bobârnac
2220	bocal
2221	bocancă
2222	boccea
2223	bocceagiu
2224	boccealâc
2225	boccegiu
2226	bocceluță
2227	bocciu
2228	boceală
2229	bocet
2230	boci
2231	bocioacă
2232	bocire
2233	bocitoare
2234	bociulie
2235	bocluc
2236	bocâncar
2237	bocâncariu
2238	bocănit
2239	bocșă
2240	bodaproste
2241	bodogăni
2242	bodoni
2243	bodârlău
2244	boernaș
2245	bogaci
2246	bogasier
2247	bogasieresc
2248	bogasiu
2249	bogaz
2250	bogdănesc
2251	boghet
2252	boglar
2253	boglari
2254	bogoslov
2255	bogoslovie
2256	bogză
2257	bogăseresc
2258	bogătan
2259	bogătate
2260	bogătaș
2261	boi
2262	boială
2263	boiama
2264	boiangiu
2265	boiereasă
2266	boierenaș
2267	boieresc
2268	boierie
2269	boierime
2270	boierinaș
2271	boierire
2272	boierism
2273	boierit
2274	boieriță
2275	boiernaș
2276	boieroaică
2277	boieroaie
2278	boierănaș
2279	boinic
2280	boire
2281	boit
2282	boitar
2283	boiu
2284	boiștean
2285	bojbăi
2286	bojbăit
2287	bojdeucă
2288	bojniță
2289	bojoc
2290	bojogar
2291	bolboacă
2292	bolboană
2293	bolbolosi
2294	bolboroseală
2295	bolborosi
2296	bolborăsi
2297	bolboșa
2298	bold
2299	boldaș
2300	boldei
2301	boldi
2302	boldit
2303	boldă
2304	boldășiță
2305	boleac
2306	bolejniță
2307	boleșniță
2308	bolfă
2309	bolgie
2310	bolișniță
2311	bolnicereasă
2312	bolnicios
2313	bolnăvicios
2314	bolnăvior
2315	bolnăvos
2316	boloboc
2317	bolohăniș
2318	bolohănos
2319	bolond
2320	bolovan
2321	bolovăniș
2322	bolovănos
2323	boloza
2324	boltaș
2325	bolti
2326	boltit
2327	boltitură
2328	boltiță
2329	boltă
2330	bolund
2331	bolând
2332	bombar
2333	bombardare
2334	bombastic
2335	bombat
2336	bomboni
2337	bombonică
2338	bombonieră
2339	bombăneală
2340	bombăni
2341	bombănire
2342	bombănitor
2343	bompres
2344	bonapartist
2345	bonc
2346	bondar
2347	bondiță
2348	bondoc
2349	bondriș
2350	bondroș
2351	bondă
2352	bonet
2353	bonetă
2354	bonetărie
2355	bonețică
2356	bongar
2357	bonier
2358	bonjur
2359	bonjurist
2360	bonomie
2361	bonsoar
2362	bont
2363	bonton
2364	bontănit
2365	bonvivant
2366	bonz
2367	bonzar
2368	borangic
2369	borborosi
2370	borborosit
2371	borceag
2372	borcut
2373	borcănat
2374	borcănaș
2375	bordaj
2376	bordei
2377	bordeiaș
2378	boreală
2379	boreasă
2380	borfaș
2381	borhot
2382	borneu
2383	borniță
2384	boroboață
2385	boroni
2386	bort
2387	borteli
2388	bortit
2389	bortos
2390	bortă
2391	borură
2392	borviz
2393	borât
2394	borî
2395	borș
2396	borșean
2397	borșeancă
2398	borț
2399	boschet
2400	boscoană
2401	boscorodi
2402	boscărie
2403	bosma
2404	bosorcaie
2405	bostănar
2406	bostănel
2407	bostănărie
2408	bosumflat
2409	botcă
2410	botei
2411	botejune
2412	boteza
2413	botezător
2414	botfor
2415	botină
2416	botiș
2417	botișor
2418	botă
2419	bouar
2420	boulean
2421	bour
2422	bourean
2423	bourel
2424	bouresc
2425	bouț
2426	bovarism
2427	boxeră
2428	boxă
2429	boz
2430	bozafer
2431	bozie
2432	boș
2433	boșcă
2434	boț
2435	boți
2436	boțit
2437	brabete
2438	bracă
2439	bragagerie
2440	bragagiu
2441	bragă
2442	brahagiu
2443	brahalniță
2444	brahicefal
2445	brahiopod
2446	brahmanic
2447	brahmanism
2448	brahă
2449	bramburi
2450	bramin
2451	brancardier
2452	brancardă
2453	brandvahtă
2454	branhial
2455	branhie
2456	braniște
2457	brav
2458	bravare
2459	bravură
2460	brazdă
2461	brașovenie
2462	brațet
2463	brațetă
2464	breabăn
2465	breanc
2466	breb
2467	brebeniță
2468	brebenoc
2469	brehnace
2470	brei
2471	brelan
2472	bretelă
2473	breveta
2474	brevă
2475	breza
2476	brezaie
2477	brezda
2478	brezi
2479	briant
2480	briantină
2481	briboi
2482	briceag
2483	brici
2484	bricicar
2485	bricolat
2486	bridă
2487	brigadieră
2488	brigand
2489	brigandaj
2490	brigantină
2491	brighidău
2492	brihan
2493	brilantină
2494	briliant
2495	briliantin
2496	briliantină
2497	brind
2498	briofită
2499	britan
2500	brizant
2501	brișcuță
2502	brișcă
2503	broancă
2504	broască
2505	broatec
2506	brobință
2507	brobiță
2508	broboadă
2509	broboană
2510	broboni
2511	brocard
2512	brocart
2513	brocăr
2514	broda
2515	brodeală
2516	brodelnicitură
2517	brodi
2518	brodit
2519	bronhial
2520	bronhic
2521	bronhie
2522	broscoi
2523	brotăcel
2524	brozbă
2525	broșat
2526	broștesc
2527	broșurică
2528	broșură
2529	brubință
2530	brudină
2531	brudiu
2532	bruft
2533	bruftui
2534	bruftului
2535	bruion
2536	bruit
2537	brulot
2538	brumat
2539	brumos
2540	brumă
2541	brumărea
2542	brumărie
2543	brumăriu
2544	bruna
2545	bruschețe
2546	brust
2547	brustan
2548	brustur
2549	brutalitate
2550	brutaliza
2551	brutalizat
2552	brutar
2553	brutăreasă
2554	bruș
2555	bruși
2556	brâglă
2557	brâncă
2558	brândușe
2559	brâneț
2560	brânzeturi
2561	brânzit
2562	brânzos
2563	brână
2564	brâu
2565	brâușor
2566	brăcinar
2567	brăcinăriță
2568	brăcire
2569	brăcui
2570	brădățel
2571	brăhărie
2572	brăzda
2573	brăzdar
2574	brăzdui
2575	brățea
2576	buaz
2577	buberic
2578	bubiță
2579	bubon
2580	bubos
2581	bubou
2582	bubuit
2583	bubuitor
2584	bubulac
2585	bubuliță
2586	bubuluc
2587	buburos
2588	buburuză
2589	bubă
2590	bubău
2591	buccea
2592	buccealâc
2593	buceardă
2594	bucefal
2595	bucentaur
2596	bucfar
2597	bucfari
2598	buche
2599	buchelar
2600	bucher
2601	bucheri
2602	buchetieră
2603	buchinist
2604	buciarda
2605	bucin
2606	buciniș
2607	bucină
2608	buciuc
2609	buciuma
2610	buciumaș
2611	buclat
2612	bucluc
2613	bucoavnă
2614	bucolic
2615	bucolică
2616	bucovineancă
2617	bucsău
2618	bucta
2619	bucvar
2620	bucvari
2621	bucvariu
2622	bucălaie
2623	bucălat
2624	bucătură
2625	bucătăreasă
2626	bucătăriță
2627	bucățea
2628	bucățică
2629	bucățit
2630	bucșan
2631	bucșit
2632	budacă
2633	budala
2634	budapestană
2635	budeștean
2636	budeșteancă
2637	budget
2638	budgetar
2639	budihace
2640	budit
2641	buduar
2642	budui
2643	budușlău
2644	budâi
2645	buf
2646	bufant
2647	bufar
2648	buflei
2649	bufleie
2650	bufnet
2651	bufni
2652	bufniță
2653	bufonerie
2654	bugeac
2655	bugezire
2656	bughelar
2657	buglă
2658	bugă
2659	bugăt
2660	buh
2661	buhai
2662	buhav
2663	buhaș
2664	buhnă
2665	buhos
2666	buhur
2667	buhurdar
2668	buhvar
2669	buhvariu
2670	buhă
2671	buhăit
2672	buiac
2673	buiestraș
2674	buiestru
2675	buiguire
2676	buiguit
2677	buiguitură
2678	buimac
2679	buimatic
2680	buimăceală
2681	buimăci
2682	buiurdisi
2683	buiurdisit
2684	bujdeucă
2685	bujdi
2686	bujdă
2687	bujeniță
2688	bujor
2689	bujoraș
2690	bujorel
2691	bujăniță
2692	bul
2693	bulboană
2694	bulbos
2695	bulbuca
2696	bulcă
2697	buleandră
2698	bulearcă
2699	bulet
2700	bulevard
2701	bulevardieră
2702	bulfeie
2703	bulfeu
2704	bulgăr
2705	bulgăraș
2706	bulgăre
2707	bulgărească
2708	bulgăresc
2709	bulgărie
2710	bulgăros
2711	bulhac
2712	buli
2713	bulicher
2714	bulin
2715	bulon
2716	bulona
2717	bulubașă
2718	buluc
2719	bulucbaș
2720	bulucbașă
2721	bulucbășie
2722	buluci
2723	bulucit
2724	bulz
2725	bumașcă
2726	bumb
2727	bumbara
2728	bumbi
2729	bumbușcă
2730	bumbăcel
2731	bumbăci
2732	buna-vestire
2733	bundă
2734	bunel
2735	bunget
2736	bunghi
2737	bunghit
2738	bunguitură
2739	bunișor
2740	bunt
2741	buntaș
2742	buntuzi
2743	buntuzit
2744	bunăfacere
2745	bunăvestire
2746	bunăvoie
2747	bunăvoință
2748	bur
2749	bura
2750	burac
2751	buracă
2752	burangic
2753	burare
2754	buratec
2755	buratic
2756	burdihan
2757	burduf
2758	burduh
2759	burduhan
2760	burduhos
2761	burduhănos
2762	burduș
2763	burdușel
2764	burduși
2765	buret
2766	buretos
2767	burghez
2768	burghezie
2769	burghezime
2770	burgheză
2771	burghiaș
2772	buriu
2773	burjui
2774	burlac
2775	burlescă
2776	burnețe
2777	burnuz
2778	bursuc
2779	bursucel
2780	burtos
2781	burtucă
2782	burtăverde
2783	buruian
2784	buruiană
2785	burzului
2786	burzuluială
2787	bură
2788	bushel
2789	busna
2790	busta
2791	busurman
2792	butar
2793	butcă
2794	butelcă
2795	butie
2796	butilic
2797	butinar
2798	butnar
2799	butoană
2800	butoi
2801	butoiaș
2802	butonieră
2803	butuc
2804	butucănos
2805	butur
2806	buture
2807	buturugă
2808	butură
2809	butăși
2810	buzat
2811	buzdugan
2812	buzdugăni
2813	buzdugănit
2814	buzna
2815	buzunări
2816	buzăr
2817	bușmachi
2818	bușmachiu
2819	bușon
2820	buștean
2821	buștihan
2822	bâcă
2823	bâiguială
2824	bâiguire
2825	bâiguit
2826	bâiguitor
2827	bâiguitură
2828	bâjbâi
2829	bâlbâi
2830	bâlbâilă
2831	bâlbâire
2832	bâlc
2833	bâlci
2834	bâlcă
2835	bâldie
2836	bâlie
2837	bântueală
2838	bântuială
2839	bântuire
2840	bântuit
2841	bârc
2842	bârdan
2843	bârfeală
2844	bârfelnic
2845	bârfi
2846	bârfire
2847	bârfitor
2848	bârfitură
2849	bârlog
2850	bârneață
2851	bârneț
2852	bârnă
2853	bârsă
2854	bârâi
2855	bâtlan
2856	bâtă
2857	bâzdâc
2858	bâzdâganie
2859	bâzoi
2860	bâzâi
2861	bâzâitor
2862	bâzâitură
2863	bâțâi
2864	băbac
2865	băbacă
2866	băban
2867	băbească
2868	băboi
2869	băborniță
2870	băbuchie
2871	băbucă
2872	băbuie
2873	băbutie
2874	băbuță
2875	băbăcuță
2876	băbăiță
2877	băbăloagă
2878	băbălog
2879	băbălău
2880	băbătie
2881	băbătuie
2882	băbău
2883	băcan
2884	băci
2885	băcie
2886	băcălie
2887	băcăliță
2888	băcăneasă
2889	băcăni
2890	băcănie
2891	bădicuță
2892	bădică
2893	bădie
2894	bădișor
2895	bădiță
2896	bădăran
2897	bădărancă
2898	bădărană
2899	bădărănie
2900	băet
2901	băetan
2902	băețandru
2903	băețaș
2904	băețel
2905	băgare
2906	băgăcios
2907	băgăreț
2908	băgătelă
2909	băgător
2910	băgătură
2911	băia
2912	băiată
2913	băiaș
2914	băiere
2915	băiet
2916	băietan
2917	băieș
2918	băieșiță
2919	băiețan
2920	băiețandru
2921	băiețaș
2922	băiețesc
2923	băiețică
2924	băiețoi
2925	băițui
2926	băjenar
2927	băjenerie
2928	băjenie
2929	băjenire
2930	băjenit
2931	băjenărie
2932	băjenărire
2933	băjenărit
2934	băl
2935	bălai
2936	bălaiu
2937	bălaur
2938	bălciug
2939	băldăbeală
2940	bălegar
2941	bălegariu
2942	bălie
2943	băligar
2944	bălmăjit
2945	băloasă
2946	bălsăma
2947	bălsămat
2948	bălsămi
2949	bălsămire
2950	bălsămit
2951	băltac
2952	băltină
2953	băltoacă
2954	băltoc
2955	băltos
2956	băltăreț
2957	băltău
2958	bălă
2959	bălăbăni
2960	bălăci
2961	bălăcări
2962	bălăcărie
2963	bălăcăritură
2964	bălăiel
2965	bălăior
2966	bălălău
2967	bălăngăi
2968	bălăngăit
2969	bălăngăni
2970	bălănuț
2971	bălărie
2972	bălăuc
2973	bălăuraș
2974	bălța
2975	bălțat
2976	bălțătură
2977	bănar
2978	bănat
2979	băncută
2980	băncuță
2981	bănesc
2982	bănet
2983	băneș
2984	băni
2985	bănire
2986	bănit
2987	bănos
2988	bănui
2989	bănuială
2990	bănuire
2991	bănuitor
2992	bănărie
2993	bănărit
2994	bănățeancă
2995	bănățenesc
2996	băracă
2997	bărat
2998	băraț
2999	bărbanță
3000	bărbie
3001	bărbier
3002	bărbierie
3003	bărbință
3004	bărbiță
3005	bărbos
3006	bărbuță
3007	bărbânță
3008	bărbăcar
3009	bărbănoc
3010	bărbărie
3011	bărbătesc
3012	bărbătoaie
3013	bărbătoi
3014	bărbătos
3015	bărbătuș
3016	bărbățel
3017	bărbăție
3018	bărc
3019	bărcă
3020	bărdac
3021	bărdace
3022	bărdacă
3023	bărdan
3024	bărdaș
3025	bărdiță
3026	bărdui
3027	bărdăcuță
3028	bărnaci
3029	bărnuț
3030	bărzoi
3031	bărzăune
3032	bărăbărire
3033	bărăgan
3034	bărăție
3035	băsadă
3036	băsearecă
3037	băsmit
3038	băsmăluță
3039	băsnar
3040	băsnaș
3041	băsnire
3042	băsnit
3043	băsău
3044	băteală
3045	bătjocuritor
3046	bătrâior
3047	bătrânesc
3048	bătrâneță
3049	bătrânicios
3050	bătrânime
3051	bătrânior
3052	bătrânit
3053	bătuci
3054	bătucit
3055	bătucă
3056	bătârn
3057	bătârnă
3058	bătăiaș
3059	bătăios
3060	bătălău
3061	bătămătură
3062	bătărie
3063	bătătoare
3064	bătător
3065	bătători
3066	bătătorit
3067	bătătură
3068	bătăuș
3069	băutor
3070	băuturică
3071	băzdadea
3072	bășcăluit
3073	bășica
3074	bășicat
3075	bășică
3076	băștinaș
3077	bățișor
3078	bățos
3079	cabalin
3080	cabalistic
3081	caban
3082	cabaniță
3083	cabaz
3084	cabazlicar
3085	cabazlicară
3086	cabazlâc
3087	cabeniță
3088	cabirii
3089	cabla
3090	cabon
3091	cabotin
3092	cabotinaj
3093	cabotină
3094	cabraj
3095	cabrioletă
3096	cabul
3097	cabulipsi
3098	cacadâr
3099	cacior
3100	caciur
3101	cacom
3102	cactacee
3103	cactee
3104	cacum
3105	cadastra
3106	cadaveric
3107	cadavru
3108	cadența
3109	cadențat
3110	cadiu
3111	cadmia
3112	cadra
3113	cadril
3114	cadrilat
3115	caduceu
3116	cadus
3117	cadână
3118	cafa
3119	cafas
3120	cafegioaică
3121	cafegiu
3122	cafei
3123	cafeluță
3124	cafeniu
3125	cafeu
3126	caftan
3127	cafti
3128	cafă
3129	cagodi
3130	cahal
3131	cahlă
3132	caia
3133	caic
3134	caicciu
3135	caid
3136	caier
3137	caiețel
3138	caifet
3139	caimac
3140	caimacam
3141	caimacan
3142	caiman
3143	cainic
3144	cainozoic
3145	calabalic
3146	calabalâc
3147	calabrez
3148	calaican
3149	calambur
3150	calamitat
3151	calandra
3152	calandru
3153	calapod
3154	calapăr
3155	calarabă
3156	calare
3157	calatidiu
3158	calcavură
3159	calce
3160	calchia
3161	calchiere
3162	calcic
3163	calcina
3164	calcografia
3165	caldarium
3166	caldarâm
3167	caldarâmgiu
3168	calea-valea
3169	calească
3170	caleașcă
3171	caleașă
3172	caledonian
3173	caleidoscopic
3174	calem
3175	calembac
3176	calembec
3177	calemcheriu
3178	calemgiu
3179	calende
3180	calevri
3181	calfă
3182	calga
3183	calibror
3184	calic
3185	calicie
3186	calicit
3187	caliciu
3188	calificație
3189	calificațiune
3190	calindroi
3191	calipso
3192	calmuc
3193	calofil
3194	calomel
3195	calomfir
3196	calomnia
3197	calomniat
3198	calomniator
3199	calorifug
3200	calp
3201	calpac
3202	calpuzan
3203	calpuzană
3204	caltaboș
3205	calup
3206	calupăr
3207	calvinesc
3208	calvini
3209	calvinistă
3210	calviniza
3211	calău
3212	calțavetă
3213	camarad
3214	camaraderie
3215	camaradă
3216	camardiner
3217	cambra
3218	camelie
3219	cameniță
3220	camerier
3221	cameristă
3222	camforat
3223	camizol
3224	camizon
3225	camohas
3226	campament
3227	campanelă
3228	campanilă
3229	campanulacee
3230	campanulat
3231	campeador
3232	campestru
3233	camă
3234	camătă
3235	canac
3236	canaf
3237	canalicul
3238	canalie
3239	canap
3240	canar
3241	canara
3242	canarisi
3243	canat
3244	canava
3245	canavață
3246	canavăț
3247	cancelarie
3248	cancelarist
3249	canceu
3250	candel
3251	candelă
3252	candid
3253	candilă
3254	candoare
3255	candriu
3256	canevas
3257	cange
3258	cangrenă
3259	canibalic
3260	caniculat
3261	caniotă
3262	cannabis
3263	canonadă
3264	canoni
3265	canonieră
3266	canoniza
3267	canotier
3268	cantabil
3269	cantalup
3270	cantaridă
3271	cantatrice
3272	cantată
3273	cantilenă
3274	canto
3275	cantonadă
3276	cantonier
3277	cantoră
3278	cantă
3279	canură
3280	canțonetă
3281	caos
3282	capama
3283	capanliu
3284	capanlâu
3285	capelan
3286	capelmaistru
3287	caper
3288	caperă
3289	capichehaie
3290	capie
3291	capigiu
3292	capitalie
3293	capitalistă
3294	capitație
3295	capitolin
3296	capitona
3297	capitos
3298	capitul
3299	capitular
3300	capitulație
3301	capitulațiune
3302	capiu
3303	capișon
3304	capiște
3305	caplan
3306	caporal
3307	capot
3308	capricios
3309	capriciu
3310	capriț
3311	caprițios
3312	caprițiu
3313	capsular
3314	captalan
3315	capuchehaia
3316	capuchehaie
3317	capugiu
3318	capuțin
3319	capuținer
3320	capău
3321	caraban
3322	carabete
3323	carabină
3324	caracterologic
3325	caracterologie
3326	caracudă
3327	caracul
3328	caragea
3329	caraghios
3330	caraghioslâc
3331	caraghioz
3332	caraghiozlâc
3333	caraib
3334	carambolaj
3335	caramea
3336	caramfil
3337	carată
3338	caraul
3339	caraulă
3340	caravani
3341	caravanserai
3342	carbid
3343	carboanță
3344	carboavă
3345	carbogazos
3346	carbonar
3347	carbonatic
3348	carcere
3349	carda
3350	cardama
3351	cardamină
3352	cardat
3353	cardaș
3354	cardie
3355	cardiograf
3356	cardă
3357	carenat
3358	caretaș
3359	caretă
3360	cargobot
3361	cariatidă
3362	caric
3363	caricaturistă
3364	caricaturiza
3365	caricaturizare
3366	caricatură
3367	cariofilacee
3368	carion
3369	cariopsă
3370	cariu
3371	carmac
3372	carmacă
3373	carmajin
3374	carmina
3375	carnabat
3376	carnaj
3377	carnaval
3378	carnavalesc
3379	carnație
3380	carnefice
3381	caro
3382	carotă
3383	carou
3384	carp
3385	carpelă
3386	carpă
3387	carpăn
3388	carst
3389	cartaboș
3390	cartezian
3391	cartirui
3392	cartiruire
3393	cartodrom
3394	cartofor
3395	cartona
3396	cartonaj
3397	cartușieră
3398	carub
3399	carus
3400	carvasara
3401	carâmb
3402	carâtă
3403	casabil
3404	casap
3405	casațiune
3406	casia
3407	casieriță
3408	casma
3409	casnică
3410	casnă
3411	cassă
3412	castanietă
3413	castaniu
3414	castană
3415	castelan
3416	castelană
3417	castilian
3418	castor
3419	castronaș
3420	castă
3421	cataclism
3422	catafalc
3423	catagrafia
3424	catagrafie
3425	catahris
3426	catahrisis
3427	cataif
3428	catalepsie
3429	catalici
3430	catalige
3431	cataliză
3432	catapeteasmă
3433	catapeteazmă
3434	catarafie
3435	catarg
3436	catargă
3437	cataroi
3438	catart
3439	catastif
3440	catastih
3441	catastiv
3442	catatrexire
3443	catatrexit
3444	catatrixire
3445	catatrixit
3446	catavasie
3447	catechism
3448	catedră
3449	catehiza
3450	catigorie
3451	catihet
3452	catihis
3453	catihisi
3454	catihisit
3455	catilinar
3456	catilinară
3457	cation
3458	cato
3459	catolicism
3460	catoliciza
3461	caton
3462	catrafuse
3463	catran
3464	catredă
3465	catrință
3466	catâr
3467	cauc
3468	cauciuca
3469	cauda
3470	caudat
3471	caudillo
3472	causticiza
3473	caustifica
3474	cauter
3475	cauzalitate
3476	cauzare
3477	cauzativ
3478	cav
3479	cavaf
3480	caval
3481	cavalcadă
3482	cavaleresc
3483	cavalerie
3484	cavalerime
3485	cavalerism
3486	cavalerist
3487	cavas
3488	cavatină
3489	cavaz
3490	cavei
3491	cavernicol
3492	cavernă
3493	cavou
3494	cazac
3495	cazacliu
3496	cazaclâu
3497	cazacă
3498	cazangiu
3499	cazanie
3500	cazarmă
3501	cazemată
3502	cazin
3503	caznă
3504	cazon
3505	cazuistic
3506	cazâlbaș
3507	cază
3508	caș
3509	cașalot
3510	cașetă
3511	cațaveică
3512	cață
3513	ceacâr
3514	ceacău
3515	ceacșiri
3516	ceadiriu
3517	ceafă
3518	ceair
3519	cealma
3520	cealmagiu
3521	ceambur
3522	ceamparale
3523	ceamur
3524	ceanac
3525	ceangău
3526	ceapcân
3527	ceapraz
3528	ceaprazar
3529	ceapsă
3530	ceapă
3531	cearceaf
3532	cearcăn
3533	ceardac
3534	ceardaș
3535	cearșaf
3536	ceaslov
3537	ceasornic
3538	ceasornicar
3539	ceasoslov
3540	ceatal
3541	ceatlău
3542	ceată
3543	ceaur
3544	ceauș
3545	cebălui
3546	cedru
3547	cedulă
3548	cefalopod
3549	cefalopodă
3550	cefalotorace
3551	cegă
3552	celar
3553	celed
3554	celednic
3555	celenterat
3556	celerimetru
3557	celestină
3558	celi
3559	cello
3560	celtă
3561	celuit
3562	celuitor
3563	celulos
3564	celșag
3565	cementa
3566	cenac
3567	cenobit
3568	cens
3569	censură
3570	centaur
3571	centezimal
3572	centigrad
3573	centilitru
3574	centimă
3575	centiron
3576	centralistă
3577	centralizație
3578	centralizațiune
3579	centripetal
3580	centurie
3581	cenuroză
3582	cenușar
3583	cenușe
3584	cenușiu
3585	cep
3586	cepchen
3587	cepeleag
3588	ceplac
3589	cepui
3590	cerb
3591	cerber
3592	cerbice
3593	cerbicie
3594	cerbicos
3595	cerboaică
3596	cercală
3597	cercare
3598	cerceluș
3599	cercevea
3600	cerchez
3601	cerci
3602	cercuit
3603	cercură
3604	cercălău
3605	cercănel
3606	cercătoare
3607	cercător
3608	cercătură
3609	cerdac
3610	cerdăcel
3611	cerealier
3612	cerealist
3613	ceremonios
3614	cerențel
3615	cergă
3616	ceriu
3617	cerne
3618	cernit
3619	cernăuțean
3620	certare
3621	certire
3622	certitură
3623	certăreț
3624	cerui
3625	ceruit
3626	ceruză
3627	cerviș
3628	cerșetoare
3629	cerșetor
3630	cerși
3631	cerșire
3632	cerșitoare
3633	cerșitor
3634	cerșitori
3635	cerșători
3636	cescuț
3637	cest
3638	cesta
3639	cestie
3640	cestiune
3641	cestălalt
3642	cetaceu
3643	cetaș
3644	cetenie
3645	ceteraș
3646	ceteră
3647	ceteț
3648	ceti
3649	cetiniță
3650	cetină
3651	cetioară
3652	cetire
3653	cetit
3654	cetitoare
3655	cetitor
3656	cetlui
3657	cetlău
3658	cetârnă
3659	cetățeancă
3660	cetățuie
3661	ceucă
3662	cevrea
3663	cezarian
3664	cezarism
3665	cezură
3666	cești
3667	cețos
3668	cfartal
3669	chaise-longue
3670	chamois
3671	chaos
3672	chartreuse
3673	chartă
3674	chateaubriand
3675	chebap
3676	chebe
3677	checi
3678	chedru
3679	chefe
3680	chefelui
3681	cheferist
3682	chefliu
3683	chefăluit
3684	chegorniță
3685	chehaia
3686	chehaialâc
3687	chehaie
3688	chehailâc
3689	chel
3690	chelar
3691	chelbe
3692	chelbos
3693	chelcig
3694	chelemet
3695	cheleș
3696	chelfăneală
3697	chelfăni
3698	chelner
3699	cheltuială
3700	cheltuielnic
3701	cheltuitor
3702	chelălăială
3703	chelălăit
3704	chelăreasă
3705	chelăriță
3706	chelșug
3707	chembrică
3708	chemător
3709	chenar
3710	chenopodiacee
3711	chenzină
3712	chenărui
3713	cheotoare
3714	chepeneag
3715	chepeng
3716	chera
3717	cherapleș
3718	cherațiță
3719	cherchelit
3720	cherci
3721	cherem
3722	cherestegie
3723	cherestegiu
3724	cherit
3725	chersin
3726	cherub
3727	chervan
3728	chervăsărie
3729	chesar
3730	chesat
3731	cheschet
3732	cheson
3733	chesăgi
3734	chet
3735	chetoare
3736	chetă
3737	cheu
3738	cheutoare
3739	chez
3740	chezaș
3741	chezașă
3742	chezășie
3743	chezășui
3744	cheș
3745	cheșchet
3746	chiabur
3747	chiaburesc
3748	chiaburoaică
3749	chiag
3750	chiaotoare
3751	chiasm
3752	chiasmă
3753	chibitcă
3754	chiblă
3755	chibrit
3756	chibritelniță
3757	chibz
3758	chibzui
3759	chibzuială
3760	chibzuință
3761	chibzuire
3762	chiceră
3763	chichion
3764	chichirez
3765	chichiță
3766	chiciură
3767	chiclaz
3768	chicot
3769	chiculiță
3770	chică
3771	chihaie
3772	chihlibar
3773	chihlimbariu
3774	chil
3775	chileală
3776	chiler
3777	chilie
3778	chilim
3779	chilimbar
3780	chilin
3781	chilipir
3782	chilipirgiu
3783	chilit
3784	chiliuță
3785	chilogram
3786	chilom
3787	chiloman
3788	chilometru
3789	chilos
3790	chilotă
3791	chilug
3792	chilă
3793	chilșug
3794	chimeric
3795	chimeră
3796	chimi
3797	chimin
3798	chimir
3799	chimiță
3800	chindercă
3801	chindie
3802	chindisi
3803	chingă
3804	chinină
3805	chinonic
3806	chinoros
3807	chinoroz
3808	chintal
3809	chintesență
3810	chinuială
3811	chinuire
3812	chinuitor
3813	chinzuială
3814	chioarcă
3815	chiocec
3816	chioftea
3817	chiolhan
3818	chiolhănos
3819	chiomb
3820	chiomp
3821	chior
3822	chiorâre
3823	chiorâș
3824	chiorî
3825	chiorăit
3826	chiostec
3827	chiot
3828	chiotoare
3829	chioșc
3830	chiparis
3831	chiparoasă
3832	chiparos
3833	chipeș
3834	chipiu
3835	chipos
3836	chipăruș
3837	chir
3838	chira
3839	chiragră
3840	chiral
3841	chiraleisa
3842	chircit
3843	chiriacodromion
3844	chiriarhie
3845	chiriaș
3846	chiriașă
3847	chirigiu
3848	chirograf
3849	chiră
3850	chirăit
3851	chiseliță
3852	chisnovat
3853	chisăliță
3854	chitai
3855	chiteală
3856	chiti
3857	chitie
3858	chitinos
3859	chitonag
3860	chitru
3861	chitră
3862	chitui
3863	chită
3864	chiu
3865	chiuire
3866	chiuit
3867	chiuitură
3868	chiulaf
3869	chiup
3870	chiurasat
3871	chiureta
3872	chiuz
3873	chiverniseală
3874	chivernisi
3875	chivernisitor
3876	chiveră
3877	chivot
3878	chivără
3879	chișcar
3880	chișiță
3881	chițcan
3882	ciacâie
3883	ciacău
3884	cianoficee
3885	cicală
3886	cicar
3887	cicerone
3888	cichirgiu
3889	cicloid
3890	ciclop
3891	ciclopic
3892	ciclotron
3893	cicnire
3894	cicăleală
3895	cicăli
3896	cicălitor
3897	cier
3898	ciflic
3899	ciflâc
3900	cifrare
3901	cighir
3902	cigă
3903	cihăit
3904	cil
3905	cilen
3906	cilibie
3907	cilibiu
3908	cimel
3909	cimili
3910	cimilitură
3911	cimotie
3912	cimpoi
3913	cimpoiaș
3914	cimpoier
3915	cimă
3916	cin
3917	cinat
3918	cinchit
3919	cincisprezecelea
3920	cincizecilea
3921	cinegetică
3922	cinel
3923	cinevași
3924	cinevașilea
3925	cinge
3926	cingă
3927	cingătoare
3928	cinie
3929	cinovnic
3930	cinsprezecelea
3931	cinsteț
3932	cinsti
3933	cintez
3934	cintezoi
3935	cintirim
3936	cintru
3937	cinzeacă
3938	cinzecilea
3939	cinătui
3940	cioaclă
3941	cioaică
3942	cioaie
3943	cioarec
3944	cioarsă
3945	cioară
3946	cioată
3947	ciob
3948	cioban
3949	cioboată
3950	ciobotă
3951	ciobănaș
3952	ciobăncuță
3953	ciobănească
3954	ciobănel
3955	ciobănie
3956	ciobăniță
3957	cioc
3958	ciocan
3959	cioci
3960	cioclovină
3961	cioclu
3962	ciocnet
3963	ciocni
3964	ciocnire
3965	ciocoaică
3966	ciocoi
3967	ciocoime
3968	ciocoism
3969	ciocot
3970	ciocârlan
3971	ciocârlat
3972	ciocârlie
3973	ciocârlău
3974	ciocârti
3975	ciocă
3976	ciocănaș
3977	ciocăni
3978	ciocănitoare
3979	ciocănitură
3980	cioflec
3981	cioflingar
3982	cioflânc
3983	cioflâng
3984	ciohodar
3985	ciolac
3986	ciolpan
3987	cioltar
3988	ciolănos
3989	ciomag
3990	ciomp
3991	ciomăgaș
3992	ciomăgeală
3993	ciomăgi
3994	cionc
3995	ciondăni
3996	cionic
3997	ciont
3998	cionti
3999	ciontos
4000	ciopată
4001	ciopli
4002	cioplire
4003	cioplitoare
4004	cioplitor
4005	cioplitură
4006	ciopor
4007	ciopârți
4008	ciopârțire
4009	ciopăți
4010	ciorap
4011	ciorbagiu
4012	ciorchine
4013	ciorchină
4014	ciorcălată
4015	cioric
4016	ciorman
4017	ciormoiag
4018	ciormă
4019	ciorobor
4020	cioroi
4021	cioropină
4022	ciorovăială
4023	ciorpac
4024	ciorsăi
4025	ciorti
4026	ciosvârtă
4027	ciosvârți
4028	ciot
4029	ciotcă
4030	cioturos
4031	ciotură
4032	ciovei
4033	ciovică
4034	ciozvârtă
4035	cipci
4036	cipcă
4037	ciperacee
4038	cipic
4039	cir
4040	cirac
4041	circomferință
4042	circonferință
4043	circonflex
4044	circulatoriu
4045	circulațiune
4046	circumcide
4047	circumciziune
4048	circumflex
4049	circumscriere
4050	circumscripție
4051	circumspecțiune
4052	circumterestru
4053	circumvalațiune
4054	circumvoluție
4055	circă
4056	cireac
4057	cireadă
4058	cireașă
4059	cireș
4060	cireșel
4061	ciripeală
4062	ciripi
4063	ciripie
4064	ciripire
4065	ciripiu
4066	ciritei
4067	ciritel
4068	cirtă
4069	cirus
4070	cisalpin
4071	cisluit
4072	cislă
4073	cismar
4074	cismă
4075	cismărie
4076	cist
4077	cistercian
4078	cistic
4079	cistă
4080	cita
4081	citadelă
4082	citadiniza
4083	citanie
4084	citarie
4085	citațiune
4086	citeră
4087	citibil
4088	citoplasmatic
4089	citor
4090	citozină
4091	citronadă
4092	citură
4093	citărie
4094	ciubotar
4095	ciubotă
4096	ciubotăresc
4097	ciubotărie
4098	ciuboțică
4099	ciubuc
4100	ciubucar
4101	ciubucciu
4102	ciubăr
4103	ciuci
4104	ciuclă
4105	ciucuraș
4106	ciucure
4107	ciucălău
4108	ciudesă
4109	ciudit
4110	ciudos
4111	ciudă
4112	ciuf
4113	ciuflica
4114	ciuflicat
4115	ciufuli
4116	ciufulitură
4117	ciufut
4118	ciufălitură
4119	ciuguli
4120	ciuhaie
4121	ciuhă
4122	ciuin
4123	ciul
4124	ciuleandră
4125	ciuli
4126	ciuluc
4127	ciumaș
4128	ciumilitură
4129	ciump
4130	ciumpav
4131	ciumpăvi
4132	ciumă
4133	ciumăfai
4134	ciumăfaie
4135	ciung
4136	ciungar
4137	ciungări
4138	ciunt
4139	ciunta
4140	ciuntat
4141	ciunti
4142	ciună
4143	ciup
4144	ciupeli
4145	ciupi
4146	ciupic
4147	ciupă
4148	ciur
4149	ciurar
4150	ciurdar
4151	ciurdă
4152	ciurec
4153	ciurecar
4154	ciurechi
4155	ciurgău
4156	ciurlan
4157	ciuroi
4158	ciuruc
4159	ciurui
4160	ciut
4161	ciutură
4162	ciută
4163	ciușcă
4164	civilist
4165	civilistă
4166	civiliza
4167	civilizare
4168	civilizațiune
4169	civit
4170	cizelare
4171	cizmar
4172	cizmă
4173	cizmăresc
4174	cizmărie
4175	cișmea
4176	cișmegiu
4177	clac
4178	clacă
4179	cladă
4180	claie
4181	clamoare
4182	clampă
4183	clanț
4184	clanță
4185	clapcă
4186	clapon
4187	clarinetă
4188	clasicism
4189	clasicist
4190	clasicistă
4191	clasiciza
4192	clasicizant
4193	clasificator
4194	clasificațiune
4195	clastic
4196	claun
4197	claustral
4198	claustru
4199	clavicembal
4200	clavicembalo
4201	clavicimbal
4202	clavir
4203	cleampă
4204	cleanț
4205	clefăi
4206	clei
4207	cleios
4208	clempuș
4209	clenci
4210	cleptoman
4211	cler
4212	clet
4213	cletinat
4214	cleveteală
4215	cleveti
4216	clevetire
4217	clevetitoare
4218	clevetitor
4219	clevetnic
4220	clevetă
4221	cleștar
4222	clește
4223	clientelă
4224	climatiza
4225	climpuș
4226	clin
4227	clinchet
4228	clinometru
4229	clinti
4230	clintire
4231	clină
4232	clipală
4233	clipeală
4234	clipire
4235	clipită
4236	clipoceală
4237	clipocire
4238	clipocit
4239	clironoamă
4240	clironom
4241	clironomie
4242	clironomisi
4243	clironomisire
4244	clironomisit
4245	clisos
4246	clistir
4247	clisă
4248	clit
4249	clișa
4250	clo
4251	cloambă
4252	cloanță
4253	clocan
4254	cloci
4255	clocitor
4256	clocot
4257	clocotici
4258	clocotire
4259	clocotit
4260	clocotitor
4261	clocotiș
4262	clocoțel
4263	clonc
4264	cloncan
4265	clondir
4266	clonț
4267	clonțos
4268	clop
4269	clopot
4270	clopotar
4271	clopotniță
4272	clopoțel
4273	clorat
4274	cloroficee
4275	clorofilian
4276	cloroform
4277	cloroforma
4278	clorotică
4279	clorurat
4280	clorurie
4281	clovnesc
4282	cloșcă
4283	cloț
4284	cloțan
4285	clubmen
4286	clucer
4287	clucereasă
4288	clupă
4289	clăbuc
4290	clăcaș
4291	clădi
4292	clădărie
4293	clăiță
4294	clămpăni
4295	clănțănit
4296	clăpăug
4297	clăti
4298	clătina
4299	clătinare
4300	cneaghină
4301	cneaz
4302	cnezat
4303	cnut
4304	coabe
4305	coace
4306	coacăză
4307	coacțiune
4308	coaje
4309	coalițiune
4310	coală
4311	coamă
4312	coană
4313	coapsă
4314	coarbă
4315	coardă
4316	coasă
4317	cobe
4318	cobi
4319	cobiliță
4320	cobilă
4321	cobitor
4322	coborâtor
4323	coborâș
4324	cobzar
4325	cobză
4326	cobârnă
4327	cocardă
4328	coccinella
4329	cocean
4330	cochet
4331	cochetare
4332	cochetărie
4333	cocie
4334	cocioabă
4335	cocioc
4336	cociorbă
4337	cociorvă
4338	cociune
4339	cocleală
4340	coclit
4341	cocoană
4342	cocoară
4343	cocoașă
4344	cocoli
4345	cocolit
4346	cocoloașă
4347	cocoloș
4348	cocoloșit
4349	cocon
4350	coconaș
4351	coconași
4352	coconie
4353	coconiță
4354	cocor
4355	cocoran
4356	cocostârc
4357	cocotă
4358	cocoș
4359	cocoșa
4360	cocoșar
4361	cocoșată
4362	cocoșel
4363	cocoșesc
4364	cocoța
4365	cocsifica
4366	cocârjat
4367	cocârjit
4368	cocârlă
4369	cocârlău
4370	cocă
4371	cocăt
4372	cocător
4373	cocătură
4374	codan
4375	codană
4376	codaț
4377	codcodăci
4378	codeală
4379	codice
4380	codicil
4381	codire
4382	codiriște
4383	codoașă
4384	codobelc
4385	codor
4386	codoriște
4387	codrean
4388	codresc
4389	codroș
4390	codă
4391	codălbi
4392	coercibil
4393	coexistent
4394	cofet
4395	cofeturi
4396	cofetură
4397	cofiță
4398	cofă
4399	cofăiel
4400	cognat
4401	cognomen
4402	cognoscibil
4403	cohalm
4404	coheziune
4405	coif
4406	coincident
4407	cointeresa
4408	cointeresare
4409	cointeresat
4410	coit
4411	coită
4412	cojire
4413	cojit
4414	cojiță
4415	cojniță
4416	cojoacă
4417	cojoc
4418	cojocar
4419	cojocel
4420	cojocăresc
4421	cojocărie
4422	colaborație
4423	colaborațiune
4424	colac
4425	colan
4426	colaționare
4427	colb
4428	colbac
4429	colbui
4430	colbuit
4431	colburos
4432	colbă
4433	colbăi
4434	colbărie
4435	colceac
4436	coldui
4437	colduș
4438	coleașă
4439	colectivist
4440	colectiviza
4441	colecțiune
4442	colegian
4443	colegiană
4444	coleopter
4445	coleopteră
4446	coleșă
4447	colibaș
4448	colibă
4449	colie
4450	colilie
4451	coliliu
4452	colimvitră
4453	colinda
4454	colindeț
4455	colindă
4456	colindător
4457	colină
4458	colivie
4459	colivioară
4460	colivă
4461	colnic
4462	colniță
4463	coloare
4464	colodiu
4465	colombină
4466	colonadă
4467	colonelă
4468	colonetă
4469	colonist
4470	coloniza
4471	colonizabil
4472	colonizare
4473	colonizator
4474	colontitlu
4475	colorimetru
4476	colorit
4477	colosal
4478	coloz
4479	colporta
4480	colportoare
4481	colportor
4482	colteș
4483	coltău
4484	columbă
4485	columnă
4486	colăcar
4487	colăcel
4488	colăci
4489	colăcit
4490	colțan
4491	colțat
4492	colțișor
4493	colțuleț
4494	colțun
4495	colțunaș
4496	colțurat
4497	colțuros
4498	comanac
4499	comandament
4500	comandatură
4501	comandir
4502	comandirovcă
4503	comatic
4504	combativitate
4505	combinatoriu
4506	combinațiune
4507	combiner
4508	comburant
4509	combustiune
4510	combătut
4511	comedian
4512	comediantă
4513	comedianț
4514	comenduire
4515	comensurabil
4516	comerciu
4517	comersant
4518	comesean
4519	cometă
4520	comic
4521	comicărie
4522	comiher
4523	cominatoriu
4524	comisiona
4525	comisionar
4526	comisiune
4527	comisoaie
4528	comisură
4529	comitagiu
4530	comitat
4531	comizerațiune
4532	comișel
4533	comlău
4534	commedia
4535	comor
4536	comornic
4537	comoțiune
4538	comparatistă
4539	comparațiune
4540	compartimenta
4541	compas
4542	compatriot
4543	compendium
4544	compensațiune
4545	competință
4546	compilațiune
4547	complacere
4548	complect
4549	complectare
4550	complectat
4551	completat
4552	completaș
4553	completiv
4554	complexiune
4555	complezant
4556	complezență
4557	complicare
4558	complicațiune
4559	compliment
4560	complimentar
4561	complimentare
4562	complini
4563	complotaș
4564	complotașă
4565	complotist
4566	complotistă
4567	complăcere
4568	componist
4569	componistă
4570	composesiune
4571	composesor
4572	composta
4573	compounda
4574	compozee
4575	compozițiune
4576	comprehensibil
4577	comprehensiune
4578	compres
4579	compresibil
4580	comprimabil
4581	comptabilitate
4582	comptuar
4583	compulsa
4584	compulsare
4585	comput
4586	computeriza
4587	compătimi
4588	compătimire
4589	compătimitor
4590	comunal
4591	comunard
4592	comunia
4593	comunicant
4594	comunicativitate
4595	comunicațiune
4596	comând
4597	comânda
4598	comândare
4599	comănac
4600	comăndare
4601	conabiu
4602	conac
4603	conaș
4604	concasa
4605	concavitate
4606	conceni
4607	concenit
4608	concentrativ
4609	conceptualism
4610	conceptualiza
4611	concepțiune
4612	concesie
4613	concesiv
4614	concetățean
4615	concherant
4616	concherantă
4617	conchetă
4618	conchistador
4619	conci
4620	concilia
4621	conciliabul
4622	conciliant
4623	conciliare
4624	conciliatorism
4625	concină
4626	conclus
4627	concluziune
4628	concordie
4629	concrescut
4630	concreștere
4631	concreționar
4632	concrețiune
4633	concupiscent
4634	concurință
4635	concă
4636	condac
4637	condamnație
4638	condecar
4639	condei
4640	condicar
4641	condicuță
4642	condică
4643	condicăreasă
4644	condimentar
4645	condițiune
4646	condotier
4647	condroniu
4648	conducătoare
4649	condur
4650	conectiv
4651	conexitate
4652	coneț
4653	confederare
4654	confederație
4655	confederațiune
4656	conferență
4657	confesie
4658	confete
4659	confeti
4660	confia
4661	confident
4662	confidență
4663	confiență
4664	configurațiune
4665	confinii
4666	confiteor
4667	conflagrațiune
4668	confrate
4669	confraternitate
4670	confrerie
4671	confundare
4672	confuziune
4673	congediat
4674	congediu
4675	conglomera
4676	conglutina
4677	conglăsuire
4678	conidie
4679	conivență
4680	coniță
4681	conjectura
4682	conjuncțional
4683	conjura
4684	conjurată
4685	conjurație
4686	conlocuire
4687	conlocuitor
4688	conlucrătoare
4689	conlucrător
4690	conrupe
4691	consacra
4692	consangvin
4693	conscrie
4694	conscriptibil
4695	conscripție
4696	conscripțiune
4697	consecuent
4698	consecuență
4699	consecuțiune
4700	consemnațiune
4701	conservatism
4702	conservație
4703	conservațiune
4704	consfinți
4705	consfătuire
4706	considerație
4707	considerațiune
4708	consimți
4709	consimțire
4710	consistorial
4711	consistoriu
4712	consoartă
4713	consol
4714	consolant
4715	consolare
4716	consolat
4717	consolatoare
4718	consolator
4719	consolație
4720	consolațiune
4721	consonantic
4722	consonantă
4723	conspect
4724	conspirator
4725	conspirațiune
4726	constantinopolitan
4727	constantinopolitană
4728	constelat
4729	constelație
4730	constelațiune
4731	consterna
4732	constipant
4733	constituționalism
4734	constituționalist
4735	constituțiune
4736	constrictiv
4737	constructivist
4738	construcțiune
4739	construibil
4740	consuetudinar
4741	consul
4742	consumare
4743	consumație
4744	consumațiune
4745	consumătoare
4746	consunanță
4747	contadin
4748	contadină
4749	contagiat
4750	contagiu
4751	conte
4752	contempla
4753	contemplație
4754	contemplațiune
4755	contenență
4756	conteni
4757	contenire
4758	contesă
4759	contigent
4760	contiguitate
4761	contiguu
4762	contimporan
4763	contingent
4764	contopi
4765	contorsiona
4766	contoș
4767	contraacțiune
4768	contrabandist
4769	contrabas
4770	contrabasist
4771	contraccie
4772	contracciu
4773	contractil
4774	contradans
4775	contradanț
4776	contradicțiune
4777	contraface
4778	contrafișă
4779	contralto
4780	contramaistru
4781	contramina
4782	contraprobă
4783	contraproiect
4784	contrapunctic
4785	contraria
4786	contrariu
4787	contrasemna
4788	contraserviciu
4789	contrastiv
4790	contravizită
4791	contrazicere
4792	contrazicător
4793	contribuțiune
4794	contură
4795	contuș
4796	conté
4797	contăș
4798	conurbație
4799	convalescent
4800	conveni
4801	convenire
4802	convent
4803	conventicul
4804	convenționalistă
4805	convențiune
4806	convers
4807	conversare
4808	conversațiune
4809	conversiune
4810	conversă
4811	convertitor
4812	convicție
4813	convicțiune
4814	conviv
4815	convocațiune
4816	convoi
4817	convolut
4818	convolvulus
4819	convorbire
4820	convorbitor
4821	convulsionat
4822	convulsiune
4823	convulsiv
4824	conăci
4825	conăcire
4826	conăcit
4827	conșcolar
4828	conștiincios
4829	conștiu
4830	conț
4831	conțelegere
4832	conțipist
4833	conțopist
4834	conțopistă
4835	cooperativiza
4836	cooperativizare
4837	cooperațiune
4838	copaie
4839	copcă
4840	coperemânt
4841	coperi
4842	coperire
4843	coperit
4844	coperitură
4845	coperiș
4846	coperământ
4847	copiare
4848	copier
4849	copilandru
4850	copilaș
4851	copileț
4852	copili
4853	copiliță
4854	copilă
4855	copilăresc
4856	copilăros
4857	copist
4858	copitat
4859	copită
4860	copleși
4861	copleșire
4862	copoi
4863	coprinde
4864	coprindere
4865	coprins
4866	coprinzător
4867	copră
4868	coptor
4869	coptură
4870	coptătură
4871	copulație
4872	copulă
4873	copârșeu
4874	copăcel
4875	copăiță
4876	corabie
4877	coraj
4878	coraligen
4879	coraliu
4880	corastă
4881	corb
4882	corbiu
4883	corbișor
4884	corbuleț
4885	corchezit
4886	corci
4887	corcie
4888	corcitură
4889	corcoduș
4890	corcodușă
4891	corconi
4892	corcos
4893	cordar
4894	cordat
4895	cordeluță
4896	cordelă
4897	cordenci
4898	cordi
4899	cordial
4900	cordialitate
4901	cordiform
4902	cordofon
4903	cordonaș
4904	cordovan
4905	corecțional
4906	corecțiune
4907	corelațiune
4908	coreligionar
4909	corenie
4910	corespondent
4911	corespondință
4912	corfiță
4913	corfă
4914	corhan
4915	corhană
4916	coriaceu
4917	coriamb
4918	coridor
4919	corigent
4920	corija
4921	corijare
4922	corintean
4923	corintian
4924	corist
4925	corlată
4926	corm
4927	cormană
4928	corn
4929	cornac
4930	cornacee
4931	cornalină
4932	cornar
4933	cornat
4934	corneci
4935	cornist
4936	cornișor
4937	corniță
4938	cornorat
4939	cornuleț
4940	cornut
4941	cornărit
4942	corobeață
4943	coroi
4944	coroiat
4945	coroietic
4946	corolar
4947	coron
4948	coronat
4949	coroni
4950	coroniște
4951	coronulă
4952	coropișniță
4953	corosiv
4954	corporațiune
4955	corpuscular
4956	corrida
4957	corsaj
4958	corsar
4959	cortegiu
4960	cortel
4961	cortorosi
4962	cortorosit
4963	corturar
4964	corui
4965	corumpe
4966	corumpere
4967	corună
4968	corupător
4969	corupțiune
4970	corvadă
4971	corăbiască
4972	corăbier
4973	corăbiere
4974	corăbioară
4975	cosalău
4976	cosaș
4977	cosaștină
4978	cosciug
4979	coseală
4980	cosi
4981	cositor
4982	cositură
4983	cosiță
4984	cosmogonie
4985	cosmografie
4986	cosmologic
4987	cosmopolit
4988	cosmopolitism
4989	cosor
4990	cosoroabă
4991	cosorî
4992	costandă
4993	costeliv
4994	costiș
4995	costișă
4996	costiță
4997	costoboc
4998	costoroabă
4999	costrei
5000	costător
5001	cosânzeană
5002	cosăcel
5003	cotarcă
5004	cotarlă
5005	cotcodăcit
5006	coteală
5007	coteață
5008	coterie
5009	coteț
5010	coti
5011	cotigă
5012	cotil
5013	cotiledon
5014	cotili
5015	cotilion
5016	cotitură
5017	cotiugă
5018	cotiș
5019	cotlon
5020	cotoi
5021	cotonog
5022	cotonogeală
5023	cotonogi
5024	cotor
5025	cotoroanță
5026	cotoz
5027	cotoșman
5028	cotreanță
5029	cotroanță
5030	cotrobăit
5031	cotroci
5032	cotropi
5033	cotropitor
5034	cotruit
5035	cotări
5036	cotărit
5037	cotătoare
5038	coupé
5039	court
5040	covată
5041	covercă
5042	covertă
5043	coviltir
5044	covrag
5045	covrig
5046	covriga
5047	covrigar
5048	covru
5049	covârși
5050	covârșitor
5051	covăcie
5052	covăsi
5053	covățică
5054	covățit
5055	cox
5056	coz
5057	cozoroc
5058	coșar
5059	coșarcă
5060	coșciug
5061	coșcodan
5062	coșcovit
5063	coșer
5064	coșniță
5065	coșolină
5066	coștei
5067	coțcar
5068	coțcă
5069	coțcărie
5070	coțofană
5071	crac
5072	cracoviană
5073	cracă
5074	craidon
5075	crailâc
5076	crainic
5077	crainică
5078	crampon
5079	cran
5080	crancău
5081	cravașa
5082	cravașă
5083	creațiune
5084	credenț
5085	credet
5086	credincer
5087	credincioasă
5088	credincioșie
5089	credințat
5090	credinți
5091	credit
5092	creer
5093	creier
5094	creițar
5095	cremenal
5096	cremene
5097	crenat
5098	crenel
5099	crenela
5100	crenelură
5101	crengos
5102	crenguliță
5103	crenguros
5104	crenguță
5105	crenvurșt
5106	creozota
5107	crep
5108	crepon
5109	creps
5110	crepuscul
5111	crepătură
5112	crestat
5113	crestomație
5114	crestătură
5115	cresus
5116	cretaceu
5117	cretiniza
5118	cretinizat
5119	creton
5120	creuzot
5121	crevat
5122	crez
5123	crezare
5124	crezământ
5125	crezător
5126	creștet
5127	creștina
5128	creștinesc
5129	creștinătate
5130	creț
5131	crețesc
5132	cridă
5133	crier
5134	crijac
5135	crijmă
5136	crilă
5137	criminalistă
5138	criminală
5139	crinolină
5140	crip
5141	criptogamă
5142	criptogramă
5143	criptonim
5144	crisalidă
5145	crisolit
5146	crispat
5147	crispație
5148	crist
5149	cristalizațiune
5150	cristalografic
5151	cristologic
5152	crit
5153	crivac
5154	crivea
5155	crivăț
5156	crizantemă
5157	crișmă
5158	croazea
5159	croază
5160	crohmăli
5161	croi
5162	croitor
5163	croitoreasă
5164	cromatism
5165	cromatofor
5166	cromolitografic
5167	cromolitografie
5168	cronc
5169	croncan
5170	croncănit
5171	croncănitor
5172	croncău
5173	cronicar
5174	cronografie
5175	cronometra
5176	crotal
5177	crov
5178	croșet
5179	crucer
5180	cruciată
5181	cruciferă
5182	crucifica
5183	cruciform
5184	crucit
5185	cruciuliță
5186	cruciș
5187	crucișetor
5188	cruciță
5189	cruditate
5190	crug
5191	crumpenă
5192	crunt
5193	cruntat
5194	crupă
5195	crural
5196	cruzeiro
5197	cruzie
5198	cruzime
5199	cruși
5200	crușon
5201	cruța
5202	cruțare
5203	cruțător
5204	crâcneală
5205	crâmpei
5206	crâmpiță
5207	crâmpoțit
5208	crâncen
5209	crâncenie
5210	crâng
5211	crânguleț
5212	crâsnic
5213	crâșmar
5214	crâșmă
5215	crâșmăreasă
5216	crâșmăriță
5217	crâșni
5218	crăcană
5219	crăcăna
5220	crăiasă
5221	crăie
5222	crăiesc
5223	crăiie
5224	crăișor
5225	crăițar
5226	crăiță
5227	crăpa
5228	crăpătură
5229	crăvi
5230	ctitoră
5231	cuadrat
5232	cuantă
5233	cuartal
5234	cuartet
5235	cuartir
5236	cuarțit
5237	cuarțos
5238	cubaj
5239	cubelc
5240	cubistă
5241	cubitus
5242	cucerie
5243	cucerire
5244	cuceritoare
5245	cuceritor
5246	cucernic
5247	cucernicie
5248	cucoană
5249	cucoară
5250	cucon
5251	cuconaș
5252	cuconiță
5253	cucoș
5254	cucui
5255	cucuiat
5256	cucuiet
5257	cuculeț
5258	cuculă
5259	cucunoz
5260	cucurbitacee
5261	cucurbătă
5262	cucurigu
5263	cucuruz
5264	cucură
5265	cucută
5266	cucuvaie
5267	cucuvea
5268	cucuveică
5269	cucuț
5270	cucă
5271	cufunda
5272	cufureală
5273	cufăr
5274	cugetare
5275	cugetător
5276	cuglă
5277	cuhne
5278	cuhnie
5279	cuibar
5280	cuibări
5281	cuier
5282	cuine
5283	cuirasat
5284	cuirasă
5285	cuitoare
5286	cuișor
5287	cujbit
5288	cujbă
5289	cujeică
5290	culac
5291	culant
5292	culbec
5293	culca
5294	culcuș
5295	culee
5296	culegar
5297	culegere
5298	culegătoare
5299	culegător
5300	culevrină
5301	culi
5302	culină
5303	culion
5304	culisă
5305	culme
5306	culminare
5307	culminație
5308	culminațiune
5309	culoglu
5310	culpabil
5311	culpabiliza
5312	culpaș
5313	culpașă
5314	culpeș
5315	culpeșă
5316	cultism
5317	cultivabil
5318	cultivator
5319	culturaliza
5320	culuar
5321	culă
5322	cuman
5323	cumaș
5324	cumașă
5325	cumbara
5326	cumbară
5327	cumetriță
5328	cumineca
5329	cuminecătură
5330	cumințenie
5331	cuminție
5332	cumințit
5333	cumnat
5334	cumnată
5335	cumnățică
5336	cumpeni
5337	cumpli
5338	cumplire
5339	cumplitate
5340	cumpăneală
5341	cumpăni
5342	cumpănire
5343	cumpănitor
5344	cumpănă
5345	cumpărătură
5346	cumpăt
5347	cumpăta
5348	cumpătare
5349	cumul
5350	cumulard
5351	cumătrie
5352	cumătriță
5353	cumătru
5354	cumătră
5355	cuneat
5356	cuneiform
5357	cuneus
5358	cunoscător
5359	cununa
5360	cununare
5361	cununie
5362	cununiță
5363	cunună
5364	cupar
5365	cupea
5366	cupelă
5367	cupeu
5368	cupiditate
5369	cupit
5370	cuplet
5371	cuplă
5372	cupresacee
5373	cuprifer
5374	cuptior
5375	cuptoraș
5376	cuptură
5377	cupulă
5378	cupșoară
5379	curagios
5380	curama
5381	curantă
5382	curara
5383	curarisi
5384	curarisire
5385	curastă
5386	curbiliniu
5387	curcă
5388	curechi
5389	curechiu
5390	curelar
5391	curelușă
5392	curelărie
5393	curioz
5394	curma
5395	curmală
5396	curmare
5397	curmată
5398	curmei
5399	curmeziș
5400	curmezișă
5401	curmător
5402	curmătură
5403	curopalat
5404	curpen
5405	curpăn
5406	cursier
5407	cursoare
5408	cursură
5409	curtaj
5410	curtean
5411	curteană
5412	curtenesc
5413	curtenie
5414	curtenire
5415	curtenit
5416	curtenitor
5417	curtezan
5418	curtezană
5419	curticică
5420	curtier
5421	curtizan
5422	curtizană
5423	curui
5424	curună
5425	curuț
5426	curvar
5427	curvie
5428	curvit
5429	curătoare
5430	curător
5431	curătură
5432	curățel
5433	curăți
5434	curăție
5435	curățitoare
5436	cuscrenie
5437	cuscrie
5438	cuscrișor
5439	cuscru
5440	cuscră
5441	cuscută
5442	cust
5443	custură
5444	cusur
5445	cusurgiu
5446	cusător
5447	cusătoreasă
5448	cuta
5449	cutaneu
5450	cuter
5451	cuteza
5452	cutezanță
5453	cutezare
5454	cutezător
5455	cutioară
5456	cutnie
5457	cutreiera
5458	cutremura
5459	cutremurare
5460	cutrier
5461	cutriera
5462	cutrierat
5463	cutropi
5464	cutră
5465	cută
5466	cuvenit
5467	cuviincios
5468	cuviință
5469	cuvințel
5470	cuvioșie
5471	cuvânta
5472	cuvântar
5473	cuvântare
5474	cuvântătoare
5475	cuzist
5476	cușcaie
5477	cușchebap
5478	cușcă
5479	cușmă
5480	cuțitaș
5481	cuțitoaie
5482	cuțitărie
5483	cuțu
5484	cuță
5485	cvadrat
5486	cvartir
5487	cvartă
5488	cvincvagenar
5489	cvintă
5490	câi
5491	câinesc
5492	câinie
5493	câinos
5494	câlți
5495	câmpenesc
5496	câmpesc
5497	câmpie
5498	câne
5499	cânepiu
5500	cânepiște
5501	cântare
5502	cântic
5503	cântărit
5504	cântător
5505	cârceie
5506	cârcel
5507	cârci
5508	cârcimă
5509	cârcioc
5510	cârciocar
5511	cârciogar
5512	cârciumar
5513	cârciumioară
5514	cârciumă
5515	cârciumăreasă
5516	cârciumărit
5517	cârcotă
5518	cârcserdar
5519	cârcă
5520	cârcăli
5521	cârd
5522	cârgealâu
5523	cârjoiat
5524	cârjă
5525	cârlan
5526	cârliga
5527	cârligat
5528	cârligel
5529	cârligătură
5530	cârlionț
5531	cârlionța
5532	cârlănaș
5533	cârmaci
5534	cârmaciu
5535	cârmit
5536	cârmoaje
5537	cârmoajă
5538	cârmui
5539	cârmuire
5540	cârmuitoare
5541	cârmuitor
5542	cârmâz
5543	cârmâziu
5544	cârmă
5545	cârn
5546	cârnire
5547	cârnosi
5548	cârnățăreasă
5549	cârpaci
5550	cârpi
5551	cârpăci
5552	cârpăcie
5553	cârpător
5554	cârstei
5555	cârteală
5556	cârti
5557	cârtire
5558	cârtiță
5559	cârâie
5560	cârâitor
5561	câră
5562	cârță
5563	câteșitrei
5564	câtime
5565	câtva
5566	câș
5567	câșiță
5568	câșlar
5569	câșlegi
5570	câșlă
5571	câșt
5572	câștiu
5573	córdoba
5574	căbaniță
5575	căbăniță
5576	căca
5577	căcior
5578	căciulie
5579	căciuliță
5580	căciulă
5581	căciur
5582	căcădară
5583	căcărează
5584	căcăreza
5585	cădelnița
5586	cădelniță
5587	cădenie
5588	căftăni
5589	căftănie
5590	căftănit
5591	căimac
5592	căimăcămie
5593	căina
5594	căință
5595	căire
5596	căit
5597	căișor
5598	călare
5599	călcare
5600	călcăi
5601	călcăieș
5602	călcătoare
5603	călcător
5604	călcătură
5605	căldare
5606	căldicel
5607	căldișor
5608	călduros
5609	căldărar
5610	căldăraș
5611	căldărușă
5612	căli
5613	călifar
5614	călimară
5615	călindar
5616	călugăraș
5617	călugăresc
5618	călugărie
5619	călugăriță
5620	căluș
5621	călușel
5622	călâu
5623	călăraș
5624	călăreață
5625	călăreț
5626	călări
5627	călărie
5628	călărime
5629	călătoare
5630	călău
5631	călăuz
5632	călăuzi
5633	călăuză
5634	călțunaș
5635	călțunăreasă
5636	cămară
5637	cămeșoi
5638	cămeșuică
5639	cămeșă
5640	cămilă
5641	căminar
5642	cămăraș
5643	cămăruță
5644	cămărășel
5645	cămărășiță
5646	cămătar
5647	cămătăresc
5648	cămășoi
5649	cămășui
5650	cămășuică
5651	cămășuță
5652	cănit
5653	cănuță
5654	cănăraș
5655	cănăvăț
5656	cănțălărie
5657	căpcană
5658	căpcăun
5659	căpeneag
5660	căpetenie
5661	căpețea
5662	căpețel
5663	căpiat
5664	căpistere
5665	căpitenie
5666	căpitălaș
5667	căpităneasă
5668	căpitănie
5669	căpițea
5670	căpiți
5671	căpiță
5672	căprar
5673	căprioară
5674	căprior
5675	căpriu
5676	căpriță
5677	căprărie
5678	căptuși
5679	căptușire
5680	căpui
5681	căpuit
5682	căput
5683	căpută
5684	căputătură
5685	căpuș
5686	căpușor
5687	căpăra
5688	căpăstru
5689	căpătare
5690	căpătui
5691	căpătuire
5692	căpătâi
5693	căpătăi
5694	căpău
5695	căpățânos
5696	căpățână
5697	căpșor
5698	cărare
5699	cărbunar
5700	cărbunărie
5701	cărindar
5702	cărnosi
5703	cărpiniș
5704	cărpănos
5705	cărticea
5706	cărticică
5707	cărturar
5708	cărturăresc
5709	cărturărie
5710	cărucean
5711	cărucioară
5712	cărunt
5713	căruntețe
5714	cărunțeală
5715	cărunțire
5716	cărunțit
5717	căruț
5718	căruțaș
5719	căruță
5720	cărăbuș
5721	cărăbăni
5722	cărămidar
5723	cărămidărie
5724	cărămiziu
5725	cărăruie
5726	cărărușă
5727	cărătură
5728	cărăuș
5729	cărăușie
5730	cărășel
5731	cărțulie
5732	căsar
5733	căsaș
5734	căsca
5735	căscare
5736	căscată
5737	căscioară
5738	căscătură
5739	căscăund
5740	căsean
5741	căsni
5742	căsnit
5743	căsoaie
5744	căsoi
5745	căsulie
5746	căsuță
5747	căsăpi
5748	căsăpie
5749	căsător
5750	căsătoriu
5751	cătană
5752	cătare
5753	cătat
5754	cătinat
5755	cătran
5756	cătrăni
5757	cătrănire
5758	cătun
5759	cătur
5760	cătuși
5761	cătușă
5762	cătălină
5763	cătăni
5764	cătănie
5765	cătănioară
5766	cătănuță
5767	cătătură
5768	cătățime
5769	căutătoare
5770	căutătură
5771	căuzaș
5772	căuzășesc
5773	căuș
5774	căvălaș
5775	căzni
5776	căznire
5777	căzăcesc
5778	căzănărie
5779	cășcioară
5780	cășiță
5781	cășuna
5782	cășărie
5783	cățea
5784	cățuie
5785	cățân
5786	dabilar
5787	dabilă
5788	dabă
5789	dabălă
5790	dacism
5791	dacoromân
5792	dactilic
5793	dactilografie
5794	dadă
5795	dagă
5796	daică
5797	daină
5798	dairea
5799	dajde
5800	dajdie
5801	dajnic
5802	dajnică
5803	dalac
5804	dalb
5805	daleu
5806	dalie
5807	dalmatic
5808	dalmatin
5809	daltă
5810	damas
5811	damasc
5812	damaschina
5813	damaschinat
5814	damască
5815	dambla
5816	damblagiu
5817	damier
5818	damigeană
5819	damna
5820	damă
5821	dandana
5822	dandi
5823	dangăt
5824	danie
5825	dantelat
5826	danț
5827	danța
5828	danțat
5829	darabant
5830	darabană
5831	darac
5832	daravelă
5833	daraveră
5834	dardă
5835	darnic
5836	darwin
5837	darwinist
5838	dară
5839	dascal
5840	dascăl
5841	dasupra
5842	datină
5843	datori
5844	datorință
5845	datoriu
5846	datornic
5847	datur
5848	datură
5849	dașde
5850	deabă
5851	deadevăr
5852	debarcader
5853	debarcat
5854	debilita
5855	debita
5856	debitant
5857	debitantă
5858	debreia
5859	debusola
5860	debușeu
5861	debă
5862	decadență
5863	decafeiniza
5864	decagon
5865	decalca
5866	decalcare
5867	decalcifia
5868	decalitru
5869	decametru
5870	decapa
5871	decapitare
5872	decapod
5873	decapsula
5874	decarbura
5875	decata
5876	decava
5877	decavat
5878	decedare
5879	decemvir
5880	decemvrie
5881	decepție
5882	decepționa
5883	decepționism
5884	decepționist
5885	decepțiune
5886	decerne
5887	dechemvrie
5888	decibel
5889	decimetru
5890	decimă
5891	deciziune
5892	deciziv
5893	declama
5894	declamare
5895	declamator
5896	declamatoriu
5897	declamație
5898	declamațiune
5899	declarațiune
5900	declasat
5901	declasată
5902	declinabil
5903	declinatoriu
5904	declinație
5905	declinațiune
5906	decofra
5907	decolmata
5908	decoloniza
5909	decolta
5910	decomanda
5911	decompensa
5912	decompozițiune
5913	decomprima
5914	deconcerta
5915	deconectant
5916	deconfitură
5917	decongela
5918	deconsilia
5919	decoperta
5920	decopia
5921	decorație
5922	decorațiune
5923	decortica
5924	decorticare
5925	decrepitudine
5926	decreta
5927	decretare
5928	decrețel
5929	decroma
5930	decroșa
5931	decuscuta
5932	decădere
5933	decăzut
5934	dedal
5935	dedare
5936	dedat
5937	dedea
5938	dedesubt
5939	dedicațiune
5940	dedițel
5941	dediță
5942	dedublat
5943	deductiv
5944	deducție
5945	deducțiune
5946	defaimă
5947	defalca
5948	defavoare
5949	defazaj
5950	defectiv
5951	defensor
5952	deferență
5953	deferi
5954	defertiliza
5955	defetișiza
5956	defibra
5957	defige
5958	defileu
5959	definițiune
5960	deflora
5961	defolia
5962	defrauda
5963	defrișa
5964	defrișare
5965	defula
5966	defunctă
5967	defăima
5968	defăimare
5969	degaza
5970	degazifica
5971	degenerație
5972	degerat
5973	degerătură
5974	degetar
5975	degetăruț
5976	degradator
5977	degradație
5978	degradațiune
5979	degresa
5980	degroșa
5981	dehidrogena
5982	dehiscent
5983	dehulat
5984	deifica
5985	deist
5986	dejuga
5987	dejuna
5988	dejurstfă
5989	dejurstvă
5990	dejărstvă
5991	delapida
5992	delapidator
5993	delean
5994	delegațiune
5995	delibera
5996	deliberant
5997	deliberație
5998	deliberațiune
5999	delicatețe
6000	delicateță
6001	delictuos
6002	delicvescent
6003	delir
6004	delire
6005	deliu
6006	delniță
6007	deltaplan
6008	deluleț
6009	deluviu
6010	delușor
6011	deluț
6012	delă
6013	dem
6014	demachia
6015	demagnetiza
6016	demagog
6017	demagogic
6018	demagogie
6019	demarca
6020	demarcație
6021	demarcațiune
6022	demasculiniza
6023	dematerializa
6024	demerit
6025	demilitariza
6026	demimondenă
6027	deminutiv
6028	demisiune
6029	demistifica
6030	demitiza
6031	demiurgos
6032	demoazelă
6033	demobiliza
6034	demobilizator
6035	democratism
6036	demon
6037	demonetiza
6038	demonetizare
6039	demoniac
6040	demonic
6041	demonie
6042	demonstrant
6043	demonstrațiune
6044	demoraliza
6045	demoralizant
6046	demoralizare
6047	demoralizator
6048	demoralizație
6049	demoralizațiune
6050	demâncare
6051	demâncat
6052	demăsurat
6053	dendrită
6054	dendron
6055	denegație
6056	denegațiune
6057	denicotiniza
6058	denominativ
6059	denotat
6060	denotație
6061	densifica
6062	denucleariza
6063	denunța
6064	deochea
6065	deosebi
6066	deosebitor
6067	deosibi
6068	deosibire
6069	deosibit
6070	deparafina
6071	deparazita
6072	dependință
6073	depersonaliza
6074	depeșă
6075	depila
6076	depilator
6077	depinge
6078	deplasabil
6079	deplora
6080	deplorabil
6081	deplorare
6082	depolariza
6083	depolarizant
6084	depolitiza
6085	depolua
6086	depopula
6087	deport
6088	depozitară
6089	depreciativ
6090	depresiune
6091	depresuriza
6092	deprețiare
6093	deprinde
6094	deprindere
6095	depunător
6096	depurator
6097	deputație
6098	deputațiune
6099	deputăție
6100	depăna
6101	depănușa
6102	depănușare
6103	depănător
6104	depăra
6105	depărta
6106	deranjare
6107	deratiza
6108	derbedeu
6109	derebei
6110	derege
6111	deres
6112	dereteca
6113	deretica
6114	dereș
6115	derivare
6116	derivativ
6117	derivațiune
6118	deriziune
6119	dermie
6120	deroca
6121	derogațiune
6122	derveli
6123	derviș
6124	dervișesc
6125	desacraliza
6126	desag
6127	desagă
6128	desaliniza
6129	desbate
6130	desbatere
6131	descentra
6132	descentraliza
6133	descheia
6134	deschilini
6135	deschizătură
6136	descifra
6137	descinge
6138	descleia
6139	descleșta
6140	descleștare
6141	descoase
6142	descojit
6143	descompleta
6144	desconcentra
6145	desconsiderație
6146	descoperitor
6147	descorda
6148	descordare
6149	descordat
6150	descotoșmăni
6151	descovoia
6152	descrescând
6153	descreți
6154	descriptivist
6155	descripție
6156	descripțiune
6157	descuia
6158	descuietoare
6159	desculț
6160	desculțat
6161	descumpăni
6162	descurca
6163	descurcare
6164	descâlci
6165	descânta
6166	descântec
6167	descântătoare
6168	descântător
6169	descântătură
6170	descălecare
6171	descălecat
6172	descălecătoare
6173	descălecător
6174	descălecătură
6175	descălicare
6176	descălicat
6177	descălicătoare
6178	descălicător
6179	descălța
6180	descăpui
6181	descăpățina
6182	descăpățâna
6183	descăpățânat
6184	descărcător
6185	descărcătură
6186	descărna
6187	descăța
6188	descățat
6189	desdăuna
6190	deseca
6191	desecat
6192	desemn
6193	desensibiliza
6194	deset
6195	desetină
6196	desfid
6197	desfidere
6198	desfigura
6199	desființa
6200	desfirare
6201	desfoia
6202	desfrunzi
6203	desfrunzire
6204	desfrânare
6205	desfrânat
6206	desfrâu
6207	desfundat
6208	desfăcare
6209	desfăcat
6210	desfăcut
6211	desfăima
6212	desfăimare
6213	desfăimat
6214	desfăta
6215	desfătare
6216	desfătui
6217	desfătăciune
6218	desfătător
6219	desfășa
6220	desfăța
6221	desgust
6222	deshuma
6223	deshăma
6224	desigila
6225	designa
6226	designat
6227	desime
6228	desina
6229	desinență
6230	desinteresat
6231	desista
6232	desiș
6233	deslega
6234	deslegare
6235	deslegat
6236	deslipi
6237	deslipit
6238	desluși
6239	deslușire
6240	deslușitor
6241	deslănțui
6242	deslănțuit
6243	desmetic
6244	desmetici
6245	desmierda
6246	desmierdare
6247	desmierdat
6248	desminți
6249	desmințit
6250	desmorți
6251	desmoștenit
6252	desmățat
6253	desnaționaliza
6254	desordine
6255	despacheta
6256	despecetlui
6257	despecetluire
6258	despecetluit
6259	despera
6260	desperare
6261	desperație
6262	desperechea
6263	despica
6264	despicătură
6265	despiedica
6266	despinteca
6267	despleti
6268	despletire
6269	desplăcere
6270	despodobit
6271	despoia
6272	despoiare
6273	despoiat
6274	despoiere
6275	despopula
6276	despot
6277	despotcovi
6278	despotcovit
6279	despotic
6280	despotism
6281	despotmoli
6282	despovărat
6283	despoție
6284	desprejmui
6285	despreoțire
6286	despreoțit
6287	despresura
6288	despreunat
6289	despreț
6290	desprețui
6291	desprețuire
6292	desprețuit
6293	desprimăvărat
6294	despriponi
6295	despuia
6296	despuiare
6297	despuiere
6298	despăduchea
6299	despăduchere
6300	despăduri
6301	despădurire
6302	despăgubi
6303	despărțeală
6304	despărțenie
6305	despărțimânt
6306	despărțitură
6307	despărțământ
6308	despătura
6309	despături
6310	dessous
6311	destina
6312	destinare
6313	destinatară
6314	destinațiune
6315	destins
6316	destitui
6317	destituire
6318	destoia
6319	destoinic
6320	destoinicie
6321	destroieni
6322	destructoare
6323	destructor
6324	destrucțiune
6325	destrăbălare
6326	destrăbălat
6327	destrăbălată
6328	destrăma
6329	destrămare
6330	destrămătură
6331	destupa
6332	destăinui
6333	destăinuire
6334	desuetudine
6335	desulfura
6336	deszice
6337	desăgit
6338	desăra
6339	desărcina
6340	desțeleni
6341	desțăra
6342	desțărat
6343	detaila
6344	detailat
6345	detartra
6346	detentor
6347	detențiune
6348	detestabil
6349	detonant
6350	detonație
6351	detor
6352	detracare
6353	detracat
6354	detracta
6355	detractor
6356	detriment
6357	detritic
6358	detritus
6359	detuna
6360	detunare
6361	detunător
6362	detunătură
6363	devaliza
6364	devasta
6365	devastare
6366	developator
6367	devenă
6368	dever
6369	deverbal
6370	deviare
6371	devinare
6372	devinație
6373	deviză
6374	devlet
6375	devonian
6376	devorant
6377	devot
6378	devotare
6379	devotat
6380	devălmășie
6381	dextrină
6382	dezabuzat
6383	dezacordat
6384	dezagreabil
6385	dezagregare
6386	dezagregat
6387	dezangaja
6388	dezaproba
6389	dezaprobare
6390	dezarma
6391	dezarticula
6392	dezarticulație
6393	dezasimilație
6394	dezastros
6395	dezavantagiu
6396	dezavua
6397	dezaxa
6398	dezbinat
6399	dezbrobodit
6400	dezbrăca
6401	dezbumba
6402	dezbărat
6403	dezbăta
6404	dezbătat
6405	dezdăuna
6406	dezechipa
6407	dezertare
6408	dezertor
6409	dezerțiune
6410	dezghețat
6411	dezghioca
6412	dezgoli
6413	dezgropa
6414	dezgrădi
6415	dezgusta
6416	dezgustare
6417	deziluzie
6418	deziluzionat
6419	dezincrusta
6420	dezinsectiza
6421	dezinteresare
6422	dezinteresat
6423	dezintoxica
6424	dezinvoltură
6425	dezlega
6426	dezleșina
6427	dezlipi
6428	dezlipit
6429	dezlocui
6430	dezlănțui
6431	dezlănțuire
6432	dezmeteci
6433	dezmetecit
6434	dezmetic
6435	dezmetici
6436	dezmeticire
6437	dezmierda
6438	dezmierdare
6439	dezmierdăciune
6440	dezmierdător
6441	dezminți
6442	dezmințire
6443	dezmiriști
6444	dezmormânta
6445	dezmormântat
6446	dezmorți
6447	dezmoșteni
6448	dezmoștenit
6449	dezmățat
6450	deznaționaliza
6451	deznoda
6452	deznădejde
6453	deznădăjduire
6454	deznădăjduit
6455	dezobișnui
6456	dezodoriza
6457	dezola
6458	dezolare
6459	dezolator
6460	dezolațiune
6461	dezonoare
6462	dezonora
6463	dezordine
6464	dezorganiza
6465	dezorganizație
6466	dezorganizațiune
6467	dezoxida
6468	dezoxidant
6469	dezrobi
6470	dezrobire
6471	dezrobit
6472	dezrobitor
6473	dezrădăcina
6474	dezrădăcinată
6475	dezrăsuci
6476	dezuni
6477	dezunire
6478	dezveli
6479	dezvinovăți
6480	dezvinovățire
6481	dezvirgina
6482	dezvăli
6483	dezvălit
6484	dezvăța
6485	deșarjare
6486	deșchide
6487	deșchis
6488	deșcă
6489	deșela
6490	deșerta
6491	deșertare
6492	deșertate
6493	deșertăciune
6494	deșeua
6495	deșira
6496	deșirătură
6497	deșoca
6498	deșt
6499	deștepta
6500	deșteptare
6501	deșteptăciune
6502	deșterne
6503	deșucheat
6504	deșuchiat
6505	deșuruba
6506	deșăla
6507	deșălat
6508	deșănțare
6509	deșănțat
6510	deșănțată
6511	deșărtăciune
6512	deț
6513	diabolo
6514	diac
6515	diaconiță
6516	diadem
6517	diademă
6518	diafan
6519	diagenetic
6520	dial
6521	dialect
6522	dialectal
6523	dialectic
6524	dialectician
6525	dialectizare
6526	dialectologic
6527	dialectologie
6528	dialipetal
6529	diamanticale
6530	diamantin
6531	diapazon
6532	diaporamă
6533	diarium
6534	diastimă
6535	diastolă
6536	diatonic
6537	diatonică
6538	diatribă
6539	diată
6540	diavolie
6541	diavoliță
6542	dibaci
6543	diblă
6544	dibol
6545	dibui
6546	dibuire
6547	dibăci
6548	dibăcie
6549	dicanicesc
6550	dicasterie
6551	dichisi
6552	dichisire
6553	dicoct
6554	dicotiledonat
6555	dicta
6556	dicțiune
6557	didacticism
6558	didahie
6559	didascalie
6560	diecel
6561	dieciță
6562	dietină
6563	difamiare
6564	diferend
6565	diferențiare
6566	diferință
6567	diform
6568	diformat
6569	difteric
6570	diftonga
6571	digitat
6572	digitație
6573	digitigrad
6574	dignitate
6575	digresie
6576	digresiune
6577	dihanie
6578	dihonie
6579	diiamant
6580	dijmui
6581	dijmă
6582	dijmărit
6583	dilatabil
6584	dilatator
6585	dilect
6586	diletant
6587	diletantism
6588	diletantă
6589	diligență
6590	diluvian
6591	diluviu
6592	dimensie
6593	dimerlie
6594	dimie
6595	diminutiva
6596	dimirlie
6597	dimprejur
6598	dinamistă
6599	dinamitare
6600	dinamită
6601	dinamometru
6602	dinar
6603	dinast
6604	dinastic
6605	dinasticism
6606	dinastie
6607	dinozaurian
6608	dină
6609	dințar
6610	dințat
6611	diochi
6612	dioic
6613	diorie
6614	diorit
6615	diplodoc
6616	diplodocus
6617	diploid
6618	diplomaticesc
6619	diplopter
6620	diplău
6621	dipter
6622	dipteră
6623	direcțiune
6624	direge
6625	diregere
6626	diregător
6627	diregătorie
6628	dirept
6629	dires
6630	direse
6631	diresătură
6632	dirig
6633	dirige
6634	dirigere
6635	dirigui
6636	diriguitor
6637	discernere
6638	discingere
6639	disciplinabil
6640	discolie
6641	discolies
6642	discoliie
6643	discorda
6644	discordant
6645	discordare
6646	discordie
6647	discredit
6648	discreție
6649	discrețiune
6650	discriminant
6651	discursiv
6652	discursivitate
6653	discuțiune
6654	disentiment
6655	disert
6656	disertațiune
6657	disgrație
6658	disimilare
6659	disimilație
6660	disjunct
6661	disjunctivă
6662	disjunge
6663	disolut
6664	disoluțiune
6665	disolva
6666	disolvare
6667	disparat
6668	disparițiune
6669	dispecetlui
6670	dispecetluire
6671	dispecetluit
6672	dispensa
6673	dispensat
6674	dispers
6675	displăcere
6676	displăcut
6677	dispozare
6678	dispozat
6679	dispozițiune
6680	dispreț
6681	disprețui
6682	disprețuire
6683	disprețuitor
6684	disproporție
6685	disproporțiune
6686	dispărțitură
6687	distic
6688	distih
6689	distila
6690	distilator
6691	distincțiune
6692	distingere
6693	distonant
6694	distracțiune
6695	distribuțiune
6696	distrofic
6697	ditiramb
6698	ditirambic
6699	ditor
6700	div
6701	divagație
6702	divan
6703	divergență
6704	diversie
6705	divictar
6706	diviniza
6707	diviz
6708	divizibilitate
6709	dizarmonic
6710	dizertațiune
6711	dizeur
6712	dizeuză
6713	dizgrațiat
6714	dizgrațios
6715	dizolvant
6716	dișterne
6717	diștracție
6718	djurstvă
6719	doab
6720	doagă
6721	dobaș
6722	dobitoc
6723	dobitocesc
6724	dobitocie
6725	doborâre
6726	doborî
6727	dobru
6728	dobzăla
6729	dobă
6730	docar
6731	docent
6732	docil
6733	docilitate
6734	doclad
6735	doctoraș
6736	doctorie
6737	doctrinarism
6738	dodecaedru
6739	dodecafonic
6740	dodie
6741	dodă
6742	dodăi
6743	doftor
6744	doftori
6745	doftoricesc
6746	doftorie
6747	doftoroaie
6748	dogar
6749	dogi
6750	dogit
6751	dogmatism
6752	dogmă
6753	dogoare
6754	dogor
6755	dogoreală
6756	dogori
6757	dogoritor
6758	dogorât
6759	dogorâtor
6760	dogorî
6761	dogărie
6762	dohan
6763	dohot
6764	dohotar
6765	dohănit
6766	doică
6767	doini
6768	doiniță
6769	doină
6770	doisprece
6771	doisprecelea
6772	doișpelea
6773	dojană
6774	dojenire
6775	dojenit
6776	dojenitor
6777	dojăni
6778	dolent
6779	dolf
6780	dolie
6781	dolihocefal
6782	dolihocefală
6783	dolină
6784	dolman
6785	dolomitic
6786	domenial
6787	domesnici
6788	domesnicie
6789	domesnicit
6790	dominație
6791	dominațiune
6792	domiri
6793	domirit
6794	domnialui
6795	domnie
6796	domnire
6797	domnitor
6798	domnișoară
6799	domnișor
6800	domniță
6801	domnuț
6802	domol
6803	domolire
6804	domolit
6805	domă
6806	donațiune
6807	dondăni
6808	donicioară
6809	doniță
6810	donjuan
6811	donă
6812	dopros
6813	dorire
6814	doritor
6815	dormeză
6816	dormind
6817	dormire
6818	dormitare
6819	dorn
6820	dorobanț
6821	dorobănțesc
6822	dorobănție
6823	dorobănțime
6824	dorovăi
6825	doruț
6826	dosadă
6827	dosi
6828	dosier
6829	dosire
6830	dosnic
6831	dospeală
6832	dospit
6833	dosădi
6834	dosădire
6835	dosădit
6836	dotare
6837	dotație
6838	dotațiune
6839	dotă
6840	douăzecilea
6841	dovedire
6842	doxă
6843	dozimetru
6844	dracon
6845	dragat
6846	dragavei
6847	dragavel
6848	dragoman
6849	drahmă
6850	dram
6851	draniță
6852	drap
6853	drapa
6854	dreadnought
6855	dreavă
6856	drege
6857	dregător
6858	dregătoresc
6859	dregătorie
6860	drelă
6861	dresare
6862	drezină
6863	drețe
6864	driadă
6865	dric
6866	dricală
6867	dricar
6868	dril
6869	dripi
6870	drit
6871	drișcui
6872	droagă
6873	droaie
6874	droașcă
6875	drob
6876	drobișor
6877	drobiță
6878	drobușor
6879	droghist
6880	droghistă
6881	dromos
6882	dropicos
6883	dropică
6884	dropie
6885	drosera
6886	drot
6887	drotar
6888	droșcar
6889	droșcuță
6890	droșcă
6891	druete
6892	drughineață
6893	drumar
6894	drumaș
6895	drumeac
6896	drumeag
6897	drumeață
6898	drumeț
6899	drumușor
6900	drupă
6901	drușcă
6902	drâmboi
6903	drâmboiat
6904	drâmbă
6905	drâng
6906	drăcesc
6907	drăcie
6908	drăcoaică
6909	drăcos
6910	drăcovenie
6911	drăcui
6912	drăculeț
6913	drăcușor
6914	drăgosti
6915	drăgostos
6916	drăguleț
6917	drăguță
6918	drăgălaș
6919	drăgălășenie
6920	drăgălășie
6921	drăgănele
6922	drăgăstos
6923	drămui
6924	drăngălău
6925	drăniți
6926	dualism
6927	dubală
6928	dubi
6929	dubit
6930	dublet
6931	ducal
6932	ducat
6933	ducere
6934	ducipal
6935	duco
6936	duducuță
6937	duducă
6938	dudue
6939	dudui
6940	duduie
6941	duduiță
6942	dudă
6943	dudău
6944	duelgiu
6945	duelist
6946	dugheană
6947	dugheniță
6948	dugliș
6949	duhan
6950	duhliu
6951	duhni
6952	duhoare
6953	duhăni
6954	duios
6955	duioșie
6956	duium
6957	dul
6958	dulamă
6959	dulcegărie
6960	dulceț
6961	dulcicol
6962	dulcoare
6963	dulf
6964	dulgher
6965	dulgherie
6966	duluță
6967	dulăpior
6968	dulău
6969	dumbeț
6970	dumbravnic
6971	dumbravă
6972	dumbrăvan
6973	dumbrăvean
6974	dumbrăveancă
6975	dumbrăvioară
6976	dumbrăviță
6977	dumeri
6978	dumerire
6979	dumesnic
6980	dumesnici
6981	dumesnicie
6982	dumesnicit
6983	dumica
6984	duminecă
6985	dumiri
6986	dumneasa
6987	dumnezeie
6988	dumnezeiesc
6989	dumnezeire
6990	dumă
6991	dunetă
6992	dunga
6993	dungat
6994	dună
6995	dupcă
6996	duplicitate
6997	duplă
6998	dupăci
6999	dupăit
7000	duraluminiu
7001	durativ
7002	durduliu
7003	durduliță
7004	durdă
7005	durifica
7006	durificare
7007	duriga
7008	durmea
7009	duroare
7010	durs
7011	durui
7012	duruitoare
7013	durzău
7014	durăi
7015	durăitură
7016	durăt
7017	durătură
7018	dutcă
7019	duva
7020	dușcă
7021	dușinic
7022	dușmancă
7023	dușmană
7024	dușmăni
7025	dușmănie
7026	dușmănos
7027	dușumea
7028	dvorean
7029	dvorenin
7030	dvornic
7031	dvornicel
7032	dzână
7033	dzăr
7034	dâcă
7035	dâlboană
7036	dâlmă
7037	dâmb
7038	dâmbuleț
7039	dârdală
7040	dârdora
7041	dârdoră
7042	dârdâitoare
7043	dârj
7044	dârjală
7045	dârloagă
7046	dârlog
7047	dârmon
7048	dârmoz
7049	dârvală
7050	dârvar
7051	dârz
7052	dârzie
7053	dâră
7054	dăbilar
7055	dăbălair
7056	dăbălat
7057	dăbălăza
7058	dăbălăzat
7059	dădacă
7060	dădăci
7061	dăina
7062	dăjde
7063	dăjdie
7064	dăltui
7065	dămol
7066	dănac
7067	dăndănaie
7068	dănos
7069	dănui
7070	dănuire
7071	dănuitoare
7072	dănuitor
7073	dănțui
7074	dănțuitoare
7075	dănțuitor
7076	dăoli
7077	dăolit
7078	dărab
7079	dărabă
7080	dărmare
7081	dărmat
7082	dărnicie
7083	dăruială
7084	dărâma
7085	dărâmare
7086	dărâmătură
7087	dărăb
7088	dărăci
7089	dărăcitor
7090	dărăpăna
7091	dărăpănare
7092	dărăpănătură
7093	dăscălaș
7094	dăscăli
7095	dăscălie
7096	dăscălime
7097	dăscăliță
7098	dător
7099	dătoriu
7100	dătător
7101	dătătură
7102	dăulat
7103	dăuli
7104	dăulit
7105	dăunos
7106	eben
7107	ebenin
7108	ebonit
7109	ebonită
7110	eboșa
7111	eboșă
7112	ebuliție
7113	ecarisa
7114	eche
7115	echilibrator
7116	echilibrist
7117	echin
7118	echingiu
7119	echinidă
7120	echinocțial
7121	echinoderm
7122	echipagiu
7123	eclat
7124	eclatant
7125	eclectism
7126	ecleror
7127	ecleziarh
7128	ecliptic
7129	ecliptică
7130	eclisiarh
7131	econom
7132	economicesc
7133	economicos
7134	ecosez
7135	ecpaia
7136	ecran
7137	ecraniza
7138	ectazie
7139	ectoderm
7140	ecu
7141	ecuațiune
7142	ecvisetacee
7143	edda
7144	edec
7145	edecliu
7146	edenta
7147	edentat
7148	edict
7149	edilitate
7150	edițiune
7151	educațiune
7152	efemeridă
7153	efemeră
7154	efemina
7155	efendi
7156	efigia
7157	eflorescență
7158	efluviu
7159	efod
7160	efuzie
7161	efuziune
7162	efuziv
7163	egalitar
7164	egalitarist
7165	egidă
7166	egipteancă
7167	eglogă
7168	egotism
7169	egotist
7170	egrena
7171	egretă
7172	egumen
7173	egumenie
7174	eho
7175	elaborație
7176	eldorado
7177	elebor
7178	electivitate
7179	electoare
7180	electroacustic
7181	electrocuta
7182	electrodinamic
7183	electrofon
7184	electrogalvanism
7185	electrografie
7186	electroizolant
7187	electromagnet
7188	electroscop
7189	elecțiune
7190	elegiac
7191	elegie
7192	elementar
7193	elenic
7194	elenism
7195	elenist
7196	eleusin
7197	eleșteu
7198	elică
7199	elida
7200	elide
7201	elin
7202	elinică
7203	elipsoidal
7204	elisabetan
7205	elisă
7206	elitră
7207	elizeu
7208	eliziune
7209	elocință
7210	elocuent
7211	elocuțiune
7212	elocvență
7213	elucubrație
7214	eluvial
7215	eluvionar
7216	emaila
7217	emanațiune
7218	emancipa
7219	emancipare
7220	emancipație
7221	emancipațiune
7222	emancipățiune
7223	emanțipație
7224	emarginat
7225	emascula
7226	emasculat
7227	embatic
7228	embaticar
7229	embaticară
7230	emenda
7231	emetic
7232	emfatic
7233	emfază
7234	emiclic
7235	emigrată
7236	emigrațiune
7237	eminent
7238	eminescianism
7239	emisfer
7240	emisferic
7241	emistih
7242	emoționa
7243	emoțiune
7244	empireu
7245	empirie
7246	empiriocriticism
7247	empirism
7248	empirist
7249	emplastru
7250	emul
7251	emulațiune
7252	emulsiona
7253	enarmonic
7254	enclitic
7255	endecasilabic
7256	endoderm
7257	energetism
7258	enervare
7259	enervație
7260	enervațiune
7261	enervățiune
7262	englezism
7263	englezoaică
7264	engolpion
7265	enigmistic
7266	enigmă
7267	enormitate
7268	enumera
7269	enumerație
7270	enumerațiune
7271	enunțare
7272	enunțiativ
7273	eocen
7274	eolic
7275	eolotrop
7276	eozinofil
7277	epagogic
7278	epatant
7279	epenteză
7280	epicarp
7281	epicureism
7282	epicureu
7283	epicurian
7284	epicurism
7285	epică
7286	epifenomen
7287	epifit
7288	epifiză
7289	epigraf
7290	epigrafie
7291	epigramatic
7292	epigramist
7293	epigramă
7294	epileptic
7295	epilogal
7296	epinetă
7297	epingea
7298	epiploon
7299	epirot
7300	episcopie
7301	epistat
7302	epistolie
7303	epistolă
7304	epitalam
7305	epitet
7306	epitrop
7307	epitropie
7308	epizod
7309	epizootie
7310	epodă
7311	epohă
7312	epoletă
7313	epopee
7314	epură
7315	erat
7316	eratic
7317	erbicida
7318	erboriza
7319	erculean
7320	ereb
7321	erede
7322	eremit
7323	eremitagiu
7324	eres
7325	erete
7326	eristică
7327	eritrocit
7328	ermetism
7329	ermit
7330	ermitagiu
7331	erodiu
7332	eroic
7333	eroină
7334	eroism
7335	erotică
7336	errata
7337	erudit
7338	erudiție
7339	erudițiune
7340	eruptiv
7341	erupțiune
7342	eră
7343	esamen
7344	escadron
7345	escadră
7346	escamota
7347	escamotare
7348	escelență
7349	escelință
7350	escepta
7351	escepție
7352	escepțional
7353	escepțiune
7354	esces
7355	escesiv
7356	eschimos
7357	eschiuzar
7358	escita
7359	escitat
7360	esclama
7361	esclude
7362	escludere
7363	esclus
7364	esclusivitate
7365	escroca
7366	esențializare
7367	espectativă
7368	esperiență
7369	esperiință
7370	esplanadă
7371	esplica
7372	esplicare
7373	esplicație
7374	esplicațiune
7375	esploziune
7376	esprima
7377	espune
7378	espunere
7379	espus
7380	estaz
7381	estetism
7382	estezie
7383	estimatoriu
7384	estimație
7385	estimă
7386	estindere
7387	estompă
7388	estradă
7389	estrage
7390	estraordinar
7391	estras
7392	estrem
7393	estremitate
7394	estru
7395	etac
7396	etaja
7397	etajeră
7398	etalaj
7399	etalona
7400	etamină
7401	etan
7402	etanșa
7403	etapiza
7404	etate
7405	etatiza
7406	eter
7407	eterat
7408	eterist
7409	eternit
7410	eterniza
7411	eternizare
7412	eteroghen
7413	eticism
7414	etimologhie
7415	etimologic
7416	etimologism
7417	etimologist
7418	etimon
7419	etira
7420	etnobotanic
7421	etnobotanică
7422	etnogeneză
7423	etnogeologie
7424	etnograf
7425	etnografic
7426	etnografie
7427	etnoiatrie
7428	etnolingvistică
7429	etnologic
7430	etnologie
7431	etnonim
7432	etnozoologie
7433	etuvă
7434	eufonic
7435	eufonie
7436	eufoniu
7437	eulogie
7438	eunuc
7439	euritmie
7440	europenesc
7441	europenizat
7442	evangheliar
7443	evantaliu
7444	evaporație
7445	evaziv
7446	evazivitate
7447	eventiv
7448	eventualitate
7449	evghenicos
7450	evghenie
7451	evhologhion
7452	evhologhiu
7453	eviscera
7454	evitabil
7455	evlavie
7456	evlavios
7457	evoca
7458	evocare
7459	evocativ
7460	evocație
7461	evoluare
7462	evoluționar
7463	evoluționist
7464	evoluțiune
7465	evreică
7466	evreime
7467	evropenesc
7468	evsevie
7469	exactitudine
7470	exagerație
7471	exala
7472	exalare
7473	exalație
7474	exalta
7475	exaltare
7476	exaltație
7477	examinatoare
7478	exaspera
7479	exasperare
7480	excava
7481	excelenție
7482	excepta
7483	excepțiune
7484	excitator
7485	excitațiune
7486	exciza
7487	exclama
7488	exclamativ
7489	exclamație
7490	exclamațiune
7491	excluziv
7492	excluzivism
7493	excluzivitate
7494	excomunica
7495	excrement
7496	excrescență
7497	excurs
7498	excursionist
7499	excursiune
7500	execrație
7501	execuțiune
7502	exelență
7503	exequator
7504	exequatur
7505	exert
7506	exhiba
7507	exhibare
7508	exhibiție
7509	exhuma
7510	exige
7511	exila
7512	exmatricula
7513	exorta
7514	expansibil
7515	expatriat
7516	expatriată
7517	expectativ
7518	expectora
7519	expedient
7520	expeditiv
7521	expedițiune
7522	expedui
7523	expia
7524	expiat
7525	expiator
7526	expletiv
7527	explicabil
7528	explicare
7529	explicator
7530	explicațiune
7531	explicător
7532	exploatator
7533	explorație
7534	exploziune
7535	exponometru
7536	exportabil
7537	expozitiv
7538	expozițiune
7539	expresiune
7540	exprimabil
7541	extatic
7542	extaz
7543	extazia
7544	extensiune
7545	extenua
7546	exteriorizare
7547	extirpator
7548	extracarpatic
7549	extraconjugal
7550	extracțiune
7551	extrafin
7552	extragalactic
7553	extralingvistic
7554	extramundan
7555	exuberanță
7556	exultant
7557	exînscrie
7558	ezitare
7559	ezitațiune
7560	eșafod
7561	eșalona
7562	eșantiona
7563	eșarpă
7564	fabricant
7565	fabricațiune
7566	fabula
7567	fabulist
7568	fabulă
7569	facere
7570	fachie
7571	fachiol
7572	fachir
7573	faclă
7574	factic
7575	factitiv
7576	factorie
7577	faeton
7578	fag
7579	fagacee
7580	fagocit
7581	fagur
7582	faier
7583	faiton
7584	falaitar
7585	falangă
7586	falanster
7587	falansterian
7588	falbala
7589	falce
7590	falconet
7591	fald
7592	faldur
7593	falenă
7594	falet
7595	falit
7596	falnic
7597	falsar
7598	falset
7599	falsifica
7600	falsificație
7601	fală
7602	falș
7603	falșificat
7604	falșitate
7605	falț
7606	famen
7607	famfară
7608	familiaritate
7609	fanal
7610	fanar
7611	fanaragiu
7612	fanare
7613	fanariot
7614	fanariotic
7615	fanariotism
7616	fanatic
7617	fanaticesc
7618	fanatism
7619	fanatizat
7620	fandango
7621	fandoseală
7622	fandosit
7623	fanerogam
7624	fanfaron
7625	fanfaronadă
7626	fanfară
7627	fanon
7628	fantasie
7629	fantasmagorie
7630	fantasmă
7631	fantast
7632	fantazie
7633	fantom
7634	fantoșă
7635	farandolă
7636	faraon
7637	farbă
7638	farda
7639	farfara
7640	farfurioară
7641	farfuriuță
7642	fariseu
7643	farmazoană
7644	farniente
7645	farsor
7646	farsă
7647	fascicolă
7648	fasciculat
7649	fasciculă
7650	fascinare
7651	fascinator
7652	fascină
7653	fasciza
7654	fason
7655	fasona
7656	fastidios
7657	fastuos
7658	fatal
7659	fatalism
7660	fatalist
7661	fatalistă
7662	fatalitate
7663	fatuitate
7664	fatum
7665	faun
7666	favoare
7667	favor
7668	favora
7669	favoritor
7670	fașe
7671	feblețe
7672	febril
7673	febrilitate
7674	februar
7675	fecior
7676	fecioraș
7677	feciorel
7678	feciorelnic
7679	fecioresc
7680	feciorie
7681	fecioriță
7682	feculent
7683	feculă
7684	fecund
7685	fecundație
7686	fecunditate
7687	fedeleș
7688	feder
7689	federalistă
7690	federațiune
7691	fee
7692	feeric
7693	feerie
7694	felah
7695	felcer
7696	felceriță
7697	feldmareșal
7698	fele
7699	felegean
7700	felendreș
7701	felezeu
7702	felibru
7703	felid
7704	felidă
7705	feligean
7706	felinar
7707	felioară
7708	feliurime
7709	felon
7710	felonie
7711	felucă
7712	felurime
7713	felurit
7714	femeiesc
7715	femeiușcă
7716	femenin
7717	fenestra
7718	fenice
7719	fenomenalist
7720	fenotipic
7721	fer
7722	ferchezui
7723	fercheș
7724	ferdelă
7725	fereală
7726	fereastă
7727	fereca
7728	ferecătură
7729	feredeu
7730	feredui
7731	feregea
7732	feregă
7733	ferentar
7734	ferestică
7735	ferestrică
7736	ferestrui
7737	ferestruică
7738	ferestruie
7739	ferestrău
7740	ferestuică
7741	ferfeliță
7742	ferfeniți
7743	ferfenițos
7744	ferfeniță
7745	ferferiță
7746	ferica
7747	ferice
7748	ferici
7749	fericie
7750	fericitor
7751	ferigă
7752	ferire
7753	feritoare
7754	feritor
7755	ferită
7756	fermecare
7757	fermecat
7758	fermecător
7759	fermecătoresc
7760	fermecătorie
7761	fermecătură
7762	fermenea
7763	ferment
7764	fermentațiune
7765	fermieră
7766	ferocitate
7767	feromagnetic
7768	fertură
7769	feruginos
7770	fervență
7771	ferăstruie
7772	ferăstrău
7773	fes
7774	fesfesele
7775	feston
7776	festona
7777	fetesc
7778	fetică
7779	fetie
7780	fetișcană
7781	fetișism
7782	fetișiza
7783	fetișoară
7784	fetva
7785	feud
7786	feudal
7787	feudalism
7788	feudalizare
7789	feurar
7790	fevruarie
7791	fezanda
7792	feștanie
7793	feșteli
7794	fești
7795	feștilă
7796	feștit
7797	feție
7798	fețișoară
7799	fiacru
7800	fiară
7801	fiastru
7802	fiastră
7803	fibrilar
7804	ficioară
7805	ficior
7806	fidanțat
7807	fidanțată
7808	fideist
7809	fiecine
7810	fierar
7811	fierbinteală
7812	fierbințeală
7813	fiere
7814	fieros
7815	fiertură
7816	fieruit
7817	fierărie
7818	fiesc
7819	fieșcare
7820	fieșcine
7821	fieșicare
7822	fieștecare
7823	fieștecine
7824	fifirig
7825	filaliu
7826	filamentos
7827	filantroapă
7828	filar
7829	filarmonic
7830	filatelist
7831	filatură
7832	fildeș
7833	fildeșiu
7834	filer
7835	fileta
7836	filetic
7837	filfizon
7838	filial
7839	filiațiune
7840	filigean
7841	filigorie
7842	filigrană
7843	filimică
7844	filipică
7845	filistean
7846	filistin
7847	filistinism
7848	filofranceză
7849	filogenie
7850	filogerman
7851	filogermană
7852	filolog
7853	filologic
7854	filomelă
7855	filon
7856	filonichie
7857	filoromân
7858	filorusă
7859	filosoafă
7860	filosofare
7861	filosofic
7862	filotim
7863	filotimie
7864	filoturcă
7865	filoxeră
7866	filozoafă
7867	filozof
7868	filozofare
7869	filozofem
7870	filozofesc
7871	finanță
7872	finez
7873	finețe
7874	fineță
7875	finic
7876	finire
7877	finitate
7878	fionc
7879	fiong
7880	fior
7881	fiorin
7882	fioros
7883	firet
7884	firez
7885	fireș
7886	firfirig
7887	firicică
7888	firidă
7889	firimitură
7890	firisău
7891	firitiseală
7892	firitisi
7893	firiz
7894	firișor
7895	firmament
7896	firman
7897	firoscos
7898	firtiseală
7899	firuț
7900	fisică
7901	fisiona
7902	fisionabil
7903	fistichiu
7904	fistulos
7905	fistău
7906	fitanție
7907	fitecine
7908	fitil
7909	fiuț
7910	fixitate
7911	fiziognomie
7912	fiziolog
7913	fizionomie
7914	fizionomist
7915	fiș
7916	fișcă
7917	fișic
7918	fișiu
7919	fișpan
7920	fiștecare
7921	fițuică
7922	flacără
7923	flagela
7924	flagelare
7925	flaimuc
7926	flamură
7927	flanea
7928	flanelă
7929	flatare
7930	flaut
7931	flașnetă
7932	fleac
7933	fleancă
7934	fleandră
7935	fleandură
7936	fleașcă
7937	flec
7938	flecar
7939	flecui
7940	flecușteț
7941	flecăreală
7942	flecări
7943	flecărie
7944	flegmatic
7945	fleică
7946	flenduri
7947	flenduros
7948	fleoancă
7949	flexiona
7950	flexionar
7951	fleșcăială
7952	fleșcăit
7953	fleșcăraie
7954	fleșteri
7955	fleț
7956	fligorn
7957	flintă
7958	fliș
7959	flișcoaie
7960	flișcă
7961	floc
7962	flocos
7963	flocoșele
7964	flocăi
7965	florescență
7966	floricea
7967	floricică
7968	floricol
7969	florid
7970	florifer
7971	florinte
7972	floriu
7973	florărie
7974	flotabil
7975	fludă
7976	fluidifica
7977	fluiera
7978	fluierar
7979	fluierare
7980	fluieraș
7981	fluierice
7982	fluierător
7983	fluierătură
7984	flutura
7985	fluturare
7986	fluturel
7987	fluturător
7988	fluviatil
7989	fluviu
7990	fluștura
7991	flușturatic
7992	flușturatică
7993	flăcăiandru
7994	flăcăiaș
7995	flăcăie
7996	flăcăraie
7997	flăcărare
7998	flăcăros
7999	flăcău
8000	flăcăuan
8001	flăcăuandru
8002	flăcăuaș
8003	flămând
8004	flămânzilă
8005	flămânzit
8006	foale
8007	foamete
8008	foburg
8009	fochi
8010	fochist
8011	focușor
8012	focă
8013	focșor
8014	fodră
8015	foetus
8016	fofelniță
8017	fofolog
8018	foială
8019	foicică
8020	foileta
8021	foileton
8022	foiletonist
8023	foiletonistică
8024	foios
8025	foit
8026	foitaș
8027	foiță
8028	folclorist
8029	folcloristic
8030	folcloristică
8031	folcloristă
8032	foliaceu
8033	foliat
8034	foliculă
8035	foliu
8036	folklor
8037	folositor
8038	fonator
8039	foncieră
8040	fondal
8041	fonderie
8042	fonem
8043	fonetică
8044	fonetism
8045	fonetist
8046	fonf
8047	fonie
8048	fonograf
8049	fonologie
8050	foraminifer
8051	forfeca
8052	forfot
8053	forfoteală
8054	forjar
8055	forjărie
8056	formalism
8057	formalist
8058	formalistă
8059	formant
8060	formar
8061	fornăit
8062	forostui
8063	fortună
8064	forzaț
8065	fosforescență
8066	fosforit
8067	fotel
8068	fotochimic
8069	fotoelement
8070	fotogen
8071	fotografia
8072	fotogrammetric
8073	fotogramă
8074	fotomecanic
8075	fotometru
8076	fotă
8077	foșnet
8078	foșni
8079	foșnire
8080	foșnitoare
8081	foșnitor
8082	foșălău
8083	frac
8084	fract
8085	fracționa
8086	fracționar
8087	fracționist
8088	fraged
8089	fragă
8090	fraht
8091	franc
8092	francheță
8093	francmason
8094	francmasonerie
8095	francofilă
8096	franctiror
8097	franj
8098	franjurat
8099	franzelar
8100	franzelă
8101	franzelărie
8102	franțez
8103	franțuz
8104	franțuzi
8105	franțuzoaică
8106	franțușcă
8107	fraternitate
8108	fratricidă
8109	frazeologic
8110	frazeologie
8111	freamăt
8112	freca
8113	frecuș
8114	frecventativ
8115	frecător
8116	frecătură
8117	frecționa
8118	fredona
8119	fremătare
8120	fremătător
8121	frenetic
8122	frenezie
8123	frenghie
8124	frențit
8125	fresc
8126	freta
8127	frez
8128	fricativ
8129	fricos
8130	fricționa
8131	frideric
8132	frigare
8133	frigian
8134	frigorifer
8135	frigorigen
8136	friguros
8137	frigură
8138	fript
8139	friptă
8140	friulan
8141	frivol
8142	frivolitate
8143	friz
8144	frizat
8145	froare
8146	frondeur
8147	fructieră
8148	fructificație
8149	frugivor
8150	frumsețe
8151	frumuseță
8152	frumușel
8153	fruntar
8154	fruntarie
8155	fruntaș
8156	fruntășie
8157	frunzar
8158	frunzet
8159	frunziș
8160	frunzișoară
8161	frunzos
8162	frunzuleană
8163	frunzuliță
8164	frunzări
8165	frunzătură
8166	frupt
8167	frutescent
8168	frâmbiat
8169	frâmbie
8170	frânar
8171	frânc
8172	frânge
8173	frânghie
8174	frânghier
8175	frânghiuță
8176	frântură
8177	frâu
8178	frăgar
8179	frăgezi
8180	frăgezime
8181	frăguță
8182	frământa
8183	frământare
8184	frământătură
8185	frățesc
8186	frăție
8187	frăține
8188	frățior
8189	frățân
8190	frățâne
8191	ftalic
8192	ftizic
8193	ftizie
8194	fudul
8195	fudulie
8196	fufă
8197	fugaci
8198	fugar
8199	fugarnic
8200	fugire
8201	fugos
8202	fugări
8203	fugător
8204	fugău
8205	fuior
8206	fuituială
8207	fulard
8208	fulg
8209	fulgera
8210	fulgerare
8211	fulgerător
8212	fulgerătură
8213	fulguială
8214	fulguit
8215	fulgurant
8216	fulmina
8217	fultuială
8218	fuma
8219	fumar
8220	fumegare
8221	fumegos
8222	fumigen
8223	fumur
8224	fumuriu
8225	fumuros
8226	fumăraie
8227	fumărie
8228	fumărit
8229	funambulesc
8230	funcționarism
8231	funcționară
8232	funcționăraș
8233	funcționăresc
8234	fundac
8235	fundare
8236	fundat
8237	fundator
8238	fundațiune
8239	fundătură
8240	funebru
8241	funest
8242	fungă
8243	funicular
8244	funie
8245	funigel
8246	funingine
8247	funinginiu
8248	funt
8249	fur
8250	furaja
8251	furajor
8252	furcea
8253	furcitură
8254	furcoaie
8255	furcoi
8256	furcă
8257	furcătură
8258	furda
8259	furgon
8260	furier
8261	furioso
8262	furiș
8263	furișare
8264	furișat
8265	furișor
8266	furlua
8267	furnica
8268	furnicar
8269	furnică
8270	furnirui
8271	furoare
8272	furtișag
8273	furtuială
8274	furtunatec
8275	furtunatic
8276	furtunos
8277	furătură
8278	fus
8279	fusar
8280	fuscel
8281	fustanelă
8282	fustaș
8283	fuzee
8284	fuzelaj
8285	fuzibil
8286	fușalău
8287	fușeri
8288	fușerit
8289	fuștaș
8290	fuște
8291	fâlfâi
8292	fâlfâire
8293	fâlfâitoare
8294	fâlfâitor
8295	fâlfâitură
8296	fân
8297	fânar
8298	fânaț
8299	fânață
8300	fâneață
8301	fânoasă
8302	fântânea
8303	fântâniță
8304	fântână
8305	fânărie
8306	fârcitură
8307	fârtai
8308	fârtat
8309	fârtăție
8310	fârși
8311	fârșit
8312	fârță
8313	fâstâc
8314	fâstâci
8315	fâșie
8316	fâșiit
8317	fâșâire
8318	fâșâit
8319	fâțâi
8320	fâță
8321	făclie
8322	făclier
8323	făclioară
8324	făcăleț
8325	făcălui
8326	făcător
8327	făcătură
8328	făcău
8329	făgadă
8330	făgețel
8331	făgădar
8332	făgădaș
8333	făgădui
8334	făgăduială
8335	făgăduință
8336	făgăduitor
8337	făiniță
8338	făinos
8339	făioară
8340	fălcea
8341	fălcos
8342	făli
8343	fălie
8344	fălire
8345	fălitoare
8346	fălitor
8347	fălos
8348	făloșie
8349	fălțui
8350	fănoasă
8351	făptui
8352	făptură
8353	fărbuit
8354	fărdelege
8355	fărma
8356	fărmat
8357	fărmăca
8358	fărmăcat
8359	fărmăcătoare
8360	fărmăcător
8361	fărmătură
8362	fărtat
8363	fărtălui
8364	fărtăluit
8365	fărtăție
8366	fărâma
8367	fărâmat
8368	fărâmicios
8369	fărâmitură
8370	fărâmița
8371	fărâmiță
8372	fărâmătură
8373	fărădelege
8374	fărămat
8375	fărămitură
8376	fărșang
8377	fătare
8378	fătat
8379	fătăciune
8380	fătătoare
8381	făurar
8382	făureștean
8383	făuri
8384	făurire
8385	făuritoare
8386	făuriște
8387	făurărie
8388	fășie
8389	fățare
8390	fățarnic
8391	fățiș
8392	fățoaie
8393	fățui
8394	fățuire
8395	fățuitoare
8396	fățuitor
8397	fățărie
8398	fățărit
8399	fățărnicie
8400	gabie
8401	gabier
8402	gabrioletă
8403	gad
8404	gadină
8405	gaidă
8406	gaie
8407	gaiță
8408	galant
8409	galanterie
8410	galantom
8411	galantomie
8412	galanton
8413	galbin
8414	galenă
8415	galenți
8416	galeră
8417	galet
8418	galeș
8419	galibardi
8420	galicism
8421	galică
8422	galie
8423	galileean
8424	galimatias
8425	galimatie
8426	galinacee
8427	galinaceu
8428	galion
8429	galiscă
8430	galiș
8431	galiță
8432	galomanie
8433	galop
8434	galopin
8435	galvaniza
8436	galvanometru
8437	galvanoplastie
8438	gamelă
8439	gamet
8440	gamopetal
8441	gamopetală
8442	gang
8443	gangur
8444	gangura
8445	garafă
8446	garantă
8447	garderob
8448	garderobier
8449	garderobieră
8450	gardină
8451	gardist
8452	garet
8453	gargariseală
8454	gargarisi
8455	garmond
8456	garnizoană
8457	garoafă
8458	garofiță
8459	garson
8460	garvan
8461	gascon
8462	gasconă
8463	gaster
8464	gastrofiloză
8465	gastropod
8466	gaucho
8467	gavanos
8468	gazel
8469	gazelă
8470	gazetar
8471	gazetă
8472	gazetăraș
8473	gazetăresc
8474	gazetărie
8475	gazifica
8476	gazogen
8477	gazometru
8478	gazona
8479	gașperiță
8480	gealap
8481	gealat
8482	gealep
8483	gealâp
8484	gealăp
8485	gealău
8486	geamandan
8487	geamantan
8488	geamantănaș
8489	geambara
8490	geambarale
8491	geambaș
8492	geambașlâc
8493	geamburii
8494	geamgiu
8495	geamie
8496	geamlâc
8497	geampara
8498	geamparale
8499	geamăt
8500	geanabet
8501	geană
8502	gearah
8503	geavrea
8504	gebea
8505	gelat
8506	gelatiniza
8507	gelep
8508	gelifica
8509	gelos
8510	gelozie
8511	gelău
8512	gemen
8513	gemet
8514	geminat
8515	gemut
8516	gemănar
8517	gemănare
8518	gemăt
8519	gemător
8520	gemătură
8521	gendarm
8522	genealogie
8523	genealogist
8524	generalisim
8525	generalitate
8526	generalizare
8527	generalizator
8528	generativ
8529	generatrice
8530	generațiune
8531	genetism
8532	genic
8533	genie
8534	genitival
8535	genovez
8536	genoveză
8537	gentil
8538	gentilețe
8539	gentilic
8540	gentilom
8541	genuche
8542	genuchi
8543	genuin
8544	genunche
8545	genuncheat
8546	genune
8547	genună
8548	geobotanic
8549	geocentric
8550	geocentrist
8551	geodă
8552	geofizician
8553	geometriza
8554	geometru
8555	georgică
8556	geosinclinal
8557	geotectonic
8558	gepid
8559	gera
8560	gerah
8561	geraniacee
8562	gerant
8563	gerat
8564	geret
8565	gerg
8566	gerid
8567	gerilă
8568	germanism
8569	germanist
8570	germaniza
8571	germanizare
8572	germanofil
8573	germene
8574	germinal
8575	germinar
8576	germinator
8577	germănar
8578	geruială
8579	gestă
8580	gevrea
8581	gheabă
8582	gheaiduc
8583	gheară
8584	gheată
8585	gheb
8586	ghebos
8587	gheboșat
8588	ghebă
8589	ghecet
8590	gheenă
8591	ghelai
8592	ghelir
8593	ghem
8594	ghemara
8595	ghemiș
8596	ghemotoc
8597	ghemui
8598	ghenar
8599	ghenarie
8600	gheneral
8601	ghenuarie
8602	ghenunchi
8603	ghenăral
8604	gheograf
8605	gheografie
8606	gheonoaie
8607	gheorghian
8608	gheorghină
8609	gherdan
8610	gheretă
8611	gherghef
8612	gherghină
8613	gheridon
8614	gherlan
8615	ghermesut
8616	ghermeșit
8617	gheroc
8618	ghes
8619	gheto
8620	ghetră
8621	gheunoaie
8622	gheșeft
8623	gheșeftar
8624	ghețos
8625	ghețărie
8626	ghiară
8627	ghiaur
8628	ghibaci
8629	ghibirdic
8630	ghiborț
8631	ghicelic
8632	ghicire
8633	ghicit
8634	ghicitor
8635	ghiduș
8636	ghidușie
8637	ghiftui
8638	ghigilic
8639	ghigorț
8640	ghileală
8641	ghilimea
8642	ghilit
8643	ghilotinat
8644	ghilotină
8645	ghimber
8646	ghimie
8647	ghimpat
8648	ghimpe
8649	ghimpos
8650	ghin
8651	ghindură
8652	ghindă
8653	ghintui
8654	ghină
8655	ghinăral
8656	ghinărar
8657	ghinărariu
8658	ghinț
8659	ghințură
8660	ghioagă
8661	ghiobuleț
8662	ghioc
8663	ghioci
8664	ghiol
8665	ghionoaie
8666	ghionoi
8667	ghiont
8668	ghionti
8669	ghiordan
8670	ghiordum
8671	ghiorlan
8672	ghioșa
8673	ghips
8674	ghirdan
8675	ghirdar
8676	ghirlandă
8677	ghitarist
8678	ghitaristă
8679	ghitară
8680	ghiudem
8681	ghiuden
8682	ghiuj
8683	ghiulea
8684	ghiuluș
8685	ghiurdan
8686	ghiurghiuliu
8687	ghivent
8688	ghizd
8689	ghizdan
8690	ghizdav
8691	ghizdei
8692	ghizuină
8693	giaf
8694	giamparale
8695	giargon
8696	gigât
8697	giletcă
8698	gimie
8699	gimnastic
8700	gimnazier
8701	gimnazist
8702	gimnazistă
8703	gimnosperm
8704	gimnospermă
8705	ginandru
8706	gineceu
8707	ginere
8708	gingaș
8709	gingiliu
8710	gingirliu
8711	gingășel
8712	gingășie
8713	gintă
8714	gioarsă
8715	giocuri
8716	gioi
8717	giol
8718	giolar
8719	girad
8720	giradă
8721	girah
8722	girant
8723	girdan
8724	giroscopic
8725	gitană
8726	giubea
8727	giubeică
8728	giubeliu
8729	giubeluță
8730	giucărie
8731	giudeca
8732	giudecată
8733	giudecie
8734	giudecătoare
8735	giudecător
8736	giugiuli
8737	giulgi
8738	giulgiu
8739	giumbușluc
8740	giuncă
8741	giungiurliu
8742	giur
8743	giurgină
8744	giurui
8745	giuruit
8746	giurământ
8747	giuvaer
8748	giuvaergiu
8749	giuvaerica
8750	giuvaier
8751	giuvaiergiu
8752	giuvaierica
8753	giuvrea
8754	glacial
8755	glaciație
8756	gladiolă
8757	gladiu
8758	gladiș
8759	glagol
8760	glagole
8761	glagolitic
8762	glagore
8763	glaje
8764	glajă
8765	glandulos
8766	glandulă
8767	glanț
8768	glasa
8769	glasnic
8770	glasnică
8771	glaspapir
8772	glastră
8773	glasvand
8774	glasvant
8775	glavă
8776	glazvand
8777	glazvant
8778	glebă
8779	glianț
8780	glidă
8781	glie
8782	gligan
8783	gloabă
8784	gloată
8785	globire
8786	globnic
8787	globulos
8788	globulă
8789	glod
8790	glodi
8791	glodos
8792	gloduros
8793	glomerul
8794	glomerulă
8795	glonte
8796	glonț
8797	glorificare
8798	gloriolă
8799	glorios
8800	glosar
8801	glosariu
8802	glosă
8803	glotal
8804	glotă
8805	glucid
8806	glucidă
8807	glugă
8808	glumelă
8809	glumi
8810	glăjuță
8811	glămeie
8812	glăscior
8813	glăsi
8814	glăsui
8815	glăsuire
8816	glăsuitor
8817	glăsuț
8818	gnais
8819	gnomic
8820	gnoseologic
8821	gnoseologie
8822	goangă
8823	goană
8824	goarnă
8825	godac
8826	godie
8827	goeletă
8828	gofra
8829	gogleaz
8830	goglează
8831	gogoli
8832	gogolit
8833	gogoloi
8834	gogoman
8835	gogomănie
8836	gogon
8837	gogoneț
8838	gogă
8839	goi
8840	golană
8841	golaș
8842	goldan
8843	goli
8844	goliard
8845	goliciune
8846	gologan
8847	golătate
8848	gomon
8849	gonaci
8850	gonaș
8851	gondoletă
8852	gondolier
8853	gondolă
8854	gonfla
8855	gongorism
8856	goni
8857	goniometru
8858	gonire
8859	gonitor
8860	goniță
8861	gordună
8862	gore
8863	gornic
8864	gorniceasă
8865	gornist
8866	gorun
8867	gospodar
8868	gospodin
8869	gospodină
8870	gospodări
8871	gostat
8872	gotcă
8873	gotovi
8874	goz
8875	goștină
8876	grab
8877	graben
8878	grabnic
8879	gradație
8880	gradațiune
8881	graduare
8882	grafologie
8883	grai
8884	grainic
8885	grajd
8886	gramatic
8887	gramatică
8888	gramofon
8889	granadir
8890	granată
8891	grandiflor
8892	grandilocvent
8893	grandiozitate
8894	grangur
8895	granitic
8896	granul
8897	granulocit
8898	granulometric
8899	granulos
8900	granulă
8901	grapă
8902	gratifica
8903	gratificație
8904	gratina
8905	gratulare
8906	grau
8907	graur
8908	graure
8909	gravitate
8910	grația
8911	grațios
8912	grațiozitate
8913	grebleș
8914	grebănos
8915	grecism
8916	grecit
8917	greciza
8918	grecoaică
8919	grecotei
8920	grecușor
8921	grefier
8922	greghetin
8923	greier
8924	greieraș
8925	greieruș
8926	greime
8927	grel
8928	grenadier
8929	grenadir
8930	grenată
8931	greoaie
8932	gresa
8933	gresor
8934	greunatic
8935	greș
8936	greși
8937	grier
8938	grifa
8939	grijanie
8940	grije
8941	grijea
8942	grijire
8943	grijitor
8944	grijnic
8945	grilaj
8946	grima
8947	grimare
8948	grimasă
8949	grimea
8950	grindel
8951	grindiș
8952	grindă
8953	gripsor
8954	grisă
8955	griv
8956	grivan
8957	grivei
8958	grivă
8959	griza
8960	grizetă
8961	grizu
8962	grițar
8963	grob
8964	grof
8965	grofoaie
8966	grog
8967	grohot
8968	grohăit
8969	grom
8970	gromovnic
8971	grop
8972	gropar
8973	gropilă
8974	gropiță
8975	gropniță
8976	groscior
8977	grosolan
8978	grosolănie
8979	grosoman
8980	grotescă
8981	grotă
8982	grozăvenie
8983	grozăvie
8984	groș
8985	groșcior
8986	groșiță
8987	groștei
8988	groștior
8989	grui
8990	gruie
8991	gruieț
8992	grum
8993	grumaz
8994	grumb
8995	grundui
8996	grunjos
8997	grunz
8998	grunzuros
8999	grupuleț
9000	grupușor
9001	grus
9002	gruzină
9003	grânar
9004	grăbi
9005	grăbire
9006	grădinar
9007	grădinuță
9008	grădinăreasă
9009	grădinărie
9010	grădiște
9011	grăi
9012	grăire
9013	grămădi
9014	grămădire
9015	grămăjoară
9016	grămăjuie
9017	grămătic
9018	grămăticie
9019	grănicer
9020	grăpa
9021	grăsan
9022	grăsuliu
9023	grăsun
9024	grăsuț
9025	grăuncior
9026	grăunte
9027	grăunț
9028	grăunțos
9029	grăunță
9030	guanină
9031	gubernie
9032	gubă
9033	gudrona
9034	gudurare
9035	guerilă
9036	gugiuman
9037	guguman
9038	gugumănie
9039	guguștiuc
9040	guițat
9041	gujbă
9042	gulden
9043	guleai
9044	guler
9045	gulerat
9046	guleraș
9047	gulfstream
9048	gulie
9049	gumilastic
9050	gunguri
9051	guraliu
9052	guraliv
9053	gureș
9054	gurgui
9055	guriță
9056	gustat
9057	gustări
9058	gustărică
9059	gutieră
9060	gutuie
9061	gutunar
9062	guturai
9063	gutural
9064	guverna
9065	guvernant
9066	guvernor
9067	guyot
9068	guz
9069	guzgan
9070	gușat
9071	gușter
9072	gușteriță
9073	gvardie
9074	gâci
9075	gâde
9076	gâdila
9077	gâdilire
9078	gâdilitor
9079	gâdilitură
9080	gâfâit
9081	gâfâitor
9082	gâlceavă
9083	gâlcevire
9084	gâlcevitor
9085	gâlcevos
9086	gâlci
9087	gâlgâi
9088	gâligan
9089	gâlmă
9090	gâltan
9091	gâltean
9092	gândac
9093	gânditor
9094	gândăcel
9095	gânganie
9096	gângav
9097	gângavă
9098	gânguri
9099	gângăit
9100	gângăni
9101	gângăveală
9102	gângăvi
9103	gângăvire
9104	gânj
9105	gânsac
9106	gârbaci
9107	gârbov
9108	gârbovit
9109	gârbă
9110	gârlici
9111	gârlișoară
9112	gârliță
9113	gârlă
9114	gârneață
9115	gârniță
9116	gârtan
9117	gâscan
9118	gâscă
9119	gâtiță
9120	gâtlan
9121	gâtlean
9122	gâtlej
9123	gâtos
9124	gâtui
9125	gâtuire
9126	gâță
9127	găbjit
9128	găbui
9129	găbănaș
9130	găetan
9131	găetănat
9132	găgăuză
9133	găgăuț
9134	găgăuță
9135	găietan
9136	găietănat
9137	găinar
9138	găinaț
9139	găinușe
9140	găinăreasă
9141	găinăriță
9142	găitan
9143	găitănar
9144	găitănat
9145	găităni
9146	găitănărie
9147	gălbează
9148	gălbejit
9149	gălbenare
9150	gălbeneală
9151	gălbenele-de-munte
9152	gălbeni
9153	gălbeniu
9154	gălbicios
9155	gălbinare
9156	gălbini
9157	gălbinit
9158	gălbiniu
9159	gălbioară
9160	gălbior
9161	gălbiu
9162	gălbănit
9163	găletar
9164	găligan
9165	gălușcă
9166	gălăgie
9167	gălăgios
9168	gălămoz
9169	gălătuș
9170	găman
9171	gămălie
9172	gămălioară
9173	găoace
9174	găoc
9175	gărdui
9176	gărduleț
9177	gărgăun
9178	gărgăune
9179	găta
9180	gătat
9181	găteală
9182	gătej
9183	gătire
9184	găun
9185	găuni
9186	găunos
9187	găurele
9188	găurice
9189	găurit
9190	găvan
9191	găvozdi
9192	găvănătură
9193	găzar
9194	găzdac
9195	găzdoaie
9196	găzdoi
9197	găzdășag
9198	habotnică
9199	habă
9200	habără
9201	hac
9202	hachiță
9203	hadarag
9204	hadâmb
9205	hadă
9206	hagi
9207	hagialâc
9208	hagiografic
9209	hagiu
9210	hahaleră
9211	haham
9212	haian
9213	haiduc
9214	haiducesc
9215	haiducie
9216	haidămac
9217	haimana
9218	haimanalâc
9219	hainie
9220	hainit
9221	hainlâc
9222	hait
9223	haitic
9224	hajmă
9225	hal
9226	halai
9227	halam
9228	halbă
9229	halcă
9230	hali
9231	halice
9232	halici
9233	haliciu
9234	halima
9235	halin
9236	hallali
9237	halucinat
9238	halucinatoriu
9239	halucinată
9240	halucinație
9241	halușcă
9242	halviță
9243	halău
9244	hamadriadă
9245	hamal
9246	hamalâc
9247	hambar
9248	hamger
9249	hamiș
9250	hamut
9251	hanat
9252	handralău
9253	handră
9254	hanger
9255	hangiu
9256	hanimă
9257	hansă
9258	hantarig
9259	hanâmă
9260	haploid
9261	hapsân
9262	hara-para
9263	haraba
9264	harababură
9265	harac
9266	haraci
9267	haractir
9268	haram
9269	harambașă
9270	haramin
9271	haramnin
9272	harapnic
9273	harbuz
9274	harbuzesc
9275	harcan
9276	hardughie
9277	harecilui
9278	harem
9279	harete
9280	harfă
9281	harhalaie
9282	harmalaie
9283	harmonică
9284	harmăsar
9285	harnașament
9286	harnic
9287	harpagon
9288	harpist
9289	harpistă
9290	harpon
9291	harpă
9292	hartan
9293	hartoi
9294	harșa
9295	harț
9296	harțag
9297	harță
9298	hasmațuchi
9299	hasnă
9300	hat
9301	hataia
9302	hatișerif
9303	hatman
9304	hatâr
9305	havadiș
9306	havaiu
9307	havalea
9308	havan
9309	havană
9310	havră
9311	havuz
9312	haz
9313	hazliu
9314	haznă
9315	hazos
9316	hazuliu
9317	hașmă
9318	hașura
9319	hașură
9320	hațmațuchi
9321	hebdomadar
9322	hecatombă
9323	hecela
9324	hecelă
9325	hectolitru
9326	hectometru
9327	heder
9328	hegelianism
9329	hegeliană
9330	heleșteu
9331	helge
9332	heliade
9333	helicon
9334	heliografie
9335	heliometru
9336	heliotrop
9337	heliotropism
9338	helvetic
9339	hematie
9340	hematofag
9341	hemesit
9342	hemistih
9343	hemoree
9344	hengher
9345	heraldică
9346	herbar
9347	hercinic
9348	herculean
9349	heredie
9350	hereghie
9351	heretiseală
9352	heretisi
9353	heretismos
9354	herghelie
9355	hermelină
9356	hermetic
9357	hermină
9358	hertzian
9359	herul
9360	heruvim
9361	herțeg
9362	herțog
9363	heterodox
9364	heteromorf
9365	hexacord
9366	hexaedru
9367	hexametru
9368	hexapod
9369	hiară
9370	hiat
9371	hibernant
9372	hibridiza
9373	hibă
9374	hiclean
9375	hiclenie
9376	hidos
9377	hidrargir
9378	hidroameliorație
9379	hidrocarbură
9380	hidrodinamic
9381	hidroelectric
9382	hidrogena
9383	hidrografie
9384	hidrolog
9385	hidromecanic
9386	hidromel
9387	hidronim
9388	hidropicoasă
9389	hidropicos
9390	hidrotermal
9391	hidră
9392	hienă
9393	hier
9394	hieratic
9395	hierb
9396	hieroglific
9397	hifă
9398	higienic
9399	higienist
9400	higienă
9401	hilaritate
9402	himenopter
9403	himeric
9404	himeră
9405	hinduist
9406	hingher
9407	hinta
9408	hinteu
9409	hiolă
9410	hiperboliza
9411	hiperbolă
9412	hiperboreean
9413	hipercorect
9414	hipersensibiliza
9415	hipertrofiere
9416	hiperurbanism
9417	hipocoristic
9418	hipocrit
9419	hipogastru
9420	hipogeu
9421	hipotecă
9422	hir
9423	hireș
9424	hiritiseală
9425	hiritisi
9426	hiriș
9427	hirograf
9428	hirotonisit
9429	hirurg
9430	hirurgie
9431	hispid
9432	histeric
9433	histerie
9434	hiteuan
9435	hitioan
9436	hition
9437	hitlerism
9438	hlamidă
9439	hleab
9440	hlei
9441	hleios
9442	hliză
9443	hoagă
9444	hoancă
9445	hoaspe
9446	hoaspă
9447	hoașcă
9448	hoață
9449	hobot
9450	hoc
9451	hochim
9452	hod
9453	hodaie
9454	hodini
9455	hodinit
9456	hodină
9457	hodoroagă
9458	hodorog
9459	hodorogeală
9460	hodorogit
9461	hoge
9462	hogea
9463	hogeac
9464	hogeag
9465	hoher
9466	hohot
9467	hohotire
9468	hohotit
9469	hohotitor
9470	hoinar
9471	hoinară
9472	hoinăreală
9473	hoit
9474	hojmalău
9475	holba
9476	holboană
9477	holbură
9478	holcă
9479	holdiță
9480	holdă
9481	holendru
9482	holercă
9483	holeric
9484	holerină
9485	holeră
9486	holocen
9487	holtei
9488	holteie
9489	holă
9490	homeric
9491	homicid
9492	homunculus
9493	honcăi
9494	honipsi
9495	honui
9496	honved
9497	honț
9498	hopaie
9499	hopăi
9500	hor
9501	horaiță
9502	horbotă
9503	horboțică
9504	horcăială
9505	horcăire
9506	horcăit
9507	horez
9508	horhăi
9509	hori
9510	horilcă
9511	horincă
9512	horitoare
9513	horn
9514	hornar
9515	hornblendă
9516	horneț
9517	horopsi
9518	horopsit
9519	horpăi
9520	horî
9521	horă
9522	horăire
9523	horăit
9524	hotar
9525	hotarnic
9526	hotnog
9527	hotnogi
9528	hotărnicie
9529	hotărnicire
9530	hotărnicit
9531	hotărâtor
9532	hoz
9533	hoție
9534	hoțit
9535	hoțoaică
9536	hoțoman
9537	hraniță
9538	hreamăt
9539	hribă
9540	hrincă
9541	hrismos
9542	hrisolit
9543	hrisov
9544	hristoitie
9545	hronic
9546	hronicar
9547	hronică
9548	hrubă
9549	hrăbor
9550	hrănaci
9551	hrănit
9552	hrăpi
9553	hrăpire
9554	hrăpit
9555	hrăpitor
9556	hrăpăreț
9557	huc
9558	huceag
9559	huci
9560	hudicioară
9561	hudiță
9562	huduleț
9563	hudă
9564	hughenot
9565	huhui
9566	huhurez
9567	huidui
9568	huiduială
9569	huidumă
9570	huiet
9571	huli
9572	huliganic
9573	hulire
9574	hulitoare
9575	hulitor
9576	hulpe
9577	hultan
9578	hultuit
9579	hulub
9580	hulubiță
9581	hulubărie
9582	huludeț
9583	hulă
9584	hum
9585	humor
9586	humorist
9587	humoristic
9588	humă
9589	hurduca
9590	hurducăi
9591	hurducătură
9592	hurez
9593	hurie
9594	hursuz
9595	hurtă
9596	huruit
9597	huruitor
9598	huruitură
9599	husar
9600	husit
9601	husită
9602	husoș
9603	husăresc
9604	husărime
9605	husăș
9606	huzmet
9607	huzmetar
9608	huzur
9609	huște
9610	huțan
9611	huțul
9612	huțupină
9613	huțănesc
9614	hâd
9615	hâi
9616	hâitură
9617	hâlbe
9618	hâlboană
9619	hâlpav
9620	hârb
9621	hârbar
9622	hârbui
9623	hârcă
9624	hârdău
9625	hârjoană
9626	hârleț
9627	hârtioară
9628	hârtiuță
9629	hârzob
9630	hârâi
9631	hârâială
9632	hârâit
9633	hârâitor
9634	hâră
9635	hârșcâit
9636	hârșie
9637	hârșii
9638	hârșit
9639	hârșâit
9640	hârț
9641	hârți
9642	hârțoagă
9643	hâtru
9644	hâtră
9645	hâșâi
9646	hâșăi
9647	hâțâi
9648	hăbuc
9649	hăbuci
9650	hăbăuc
9651	hăbăuci
9652	hăci
9653	hădărag
9654	hădărău
9655	hăi
9656	hăinar
9657	hăitaș
9658	hăitui
9659	hăituială
9660	hăituire
9661	hăldan
9662	hălpăi
9663	hălăduire
9664	hămesit
9665	hămisit
9666	hămăit
9667	hăndrălău
9668	hăpăi
9669	hărhălaie
9670	hărmălaie
9671	hărnici
9672	hărnicie
9673	hărtăni
9674	hărăcsi
9675	hărăzi
9676	hărăți
9677	hărățire
9678	hărșni
9679	hărțaș
9680	hărțuială
9681	hărțăgos
9682	hăti
9683	hătmăneasă
9684	hătmănie
9685	hău
9686	hăugaș
9687	hăuli
9688	hăț
9689	hățaș
9690	hățiș
9691	hățui
9692	iaca
9693	iacint
9694	iacobin
9695	iacobină
9696	iacă
9697	iadeș
9698	iadă
9699	iagăr
9700	ialomiță
9701	ialoviță
9702	iamb
9703	iambic
9704	iamă
9705	ianuar
9706	ianuariu
9707	iapă
9708	iarmaroc
9709	iaroviza
9710	iartagan
9711	iară
9712	iască
9713	iasmă
9714	iaspis
9715	iast
9716	iatac
9717	iatagan
9718	iatralipt
9719	iaurgiu
9720	iaz
9721	iazmă
9722	iașmac
9723	iberis
9724	iboste
9725	ibovnic
9726	ibovnică
9727	ibricel
9728	ibrișim
9729	ibrișimgiu
9730	ibrișin
9731	ichiu
9732	icioglan
9733	iciolan
9734	icnet
9735	iconiță
9736	iconoamă
9737	iconomie
9738	iconostas
9739	icos
9740	icosar
9741	idealism
9742	idealist
9743	idealistic
9744	idealistă
9745	idealitate
9746	idealizare
9747	idealizat
9748	ideocrație
9749	ideogramă
9750	idicliu
9751	idil
9752	idilă
9753	idioată
9754	idiom
9755	idiomatic
9756	idiosincrazie
9757	idiotism
9758	idiotiza
9759	idioție
9760	idiș
9761	ido
9762	idol
9763	idolatru
9764	idolatră
9765	idropicoasă
9766	idropicos
9767	idră
9768	ied
9769	iedecliu
9770	iederă
9771	ieften
9772	iefteni
9773	ieftenit
9774	ieftinătate
9775	ieftior
9776	iele
9777	iena
9778	ienicer
9779	iepurar
9780	iepuresc
9781	iepuroaică
9782	iepuroi
9783	ierbivor
9784	ierbărie
9785	ierbărit
9786	ierhă
9787	ierna
9788	iernatec
9789	iernatic
9790	iertăciune
9791	iertător
9792	ierugă
9793	ieruncă
9794	iesle
9795	iesta
9796	ietac
9797	ietăcel
9798	iezer
9799	iezuită
9800	iezătură
9801	ieșitoare
9802	ieșitură
9803	ififliu
9804	ifos
9805	ighemonicon
9806	ighemonicos
9807	ignamă
9808	ignar
9809	ignobil
9810	ignominie
9811	ignorant
9812	iguană
9813	igumen
9814	ijderitor
9815	ijdăni
9816	ijdănit
9817	ije
9818	ilarie
9819	ilaritate
9820	ilenuță
9821	iler
9822	ileu
9823	ilic
9824	ilion
9825	iliric
9826	iliș
9827	ilișar
9828	ilot
9829	iluminație
9830	ilustrațiune
9831	ilustritate
9832	ilustru
9833	iluziona
9834	iluzionar
9835	iluzionare
9836	iluziune
9837	ilău
9838	imaculată
9839	imaginațiune
9840	imagism
9841	imală
9842	imamea
9843	imanent
9844	imanentism
9845	imanentist
9846	imanentizare
9847	imanență
9848	imaterialitate
9849	imaterializa
9850	imaș
9851	imbecil
9852	imbeciliza
9853	imbrica
9854	imbricat
9855	imbrohor
9856	imemorial
9857	imen
9858	imensitate
9859	imiclic
9860	imigrat
9861	imigrațiune
9862	imitare
9863	imitat
9864	imitator
9865	imitație
9866	imitațiune
9867	imn
9868	imoralitate
9869	imortalitate
9870	imortelă
9871	imos
9872	impacient
9873	impacientat
9874	impaciență
9875	impalpabil
9876	imparicopitat
9877	imparipenat
9878	imparțialitate
9879	impasibilitate
9880	impasionat
9881	imperator
9882	imperceptibil
9883	imperialism
9884	imperialist
9885	imperială
9886	imperisabil
9887	impermeabiliza
9888	impersonal
9889	impersonalitate
9890	impertinent
9891	impertinență
9892	imperturbabil
9893	impetuozitate
9894	impiegat
9895	impietate
9896	impilat
9897	implicare
9898	implorare
9899	implorator
9900	impopular
9901	importație
9902	importațiune
9903	importun
9904	importună
9905	imposibilitate
9906	impozant
9907	imprecație
9908	impresariu
9909	impresionabil
9910	impresionabilitate
9911	impresionism
9912	impresionist
9913	impresiune
9914	imprimant
9915	imprimerie
9916	improductiv
9917	improductivitate
9918	improprietate
9919	improviza
9920	improvizare
9921	improvizator
9922	improvizațiune
9923	imprudent
9924	imprudență
9925	impudic
9926	impulsie
9927	impulsiune
9928	impunător
9929	impur
9930	impurifica
9931	imputa
9932	imputare
9933	imund
9934	imăciune
9935	inabil
9936	inactual
9937	inactualitate
9938	inadaptabil
9939	inadaptabilitate
9940	inadvertență
9941	inalienabil
9942	inalienabilitate
9943	inalterabil
9944	inamovibil
9945	inamovibilitate
9946	inanimat
9947	inaniție
9948	inanițiune
9949	inapreciabil
9950	inaptitudine
9951	inatacabil
9952	inautentic
9953	inaș
9954	incalculabil
9955	incarnat
9956	incarnațiune
9957	inchizițiune
9958	incidental
9959	incinera
9960	incisivitate
9961	incitator
9962	inciza
9963	inclinațiune
9964	incoativ
9965	incognoscibil
9966	incoherent
9967	incoherență
9968	incomparabil
9969	incompresibil
9970	incongruent
9971	incongruență
9972	inconsistent
9973	inconstanță
9974	inconvenabil
9975	incorecțiune
9976	incorigibil
9977	incorijibil
9978	increat
9979	incredul
9980	incrusta
9981	inculcat
9982	incult
9983	incunabul
9984	incurie
9985	indeciziune
9986	indeclinabil
9987	indefinibil
9988	indefinit
9989	indehiscent
9990	indelebil
9991	indelicat
9992	indelicatețe
9993	indemnitate
9994	indescifrabil
9995	indicațiune
9996	indice
9997	indicibil
9998	indiferentism
9999	indiferență
10000	indigen
10001	indigenare
10002	indigenă
10003	indigest
10004	indigna
10005	indignare
10006	indignație
10007	indignațiune
10008	indiscret
10009	indiscreție
10010	indiscrețiune
10011	indispune
10012	individualism
10013	individualist
10014	individualitate
10015	indiviz
10016	indivizie
10017	indiviziune
10018	inducțiune
10019	indulgent
10020	indulgență
10021	industrializa
10022	industriaș
10023	inela
10024	inelat
10025	inelegant
10026	ineluș
10027	inemic
10028	inemă
10029	inept
10030	inepuizabil
10031	inert
10032	inerva
10033	inexact
10034	inexperiență
10035	inexpert
10036	inexpresiv
10037	inexpresivitate
10038	inexprimabil
10039	inexpugnabil
10040	infam
10041	infamant
10042	infamie
10043	infanterist
10044	infanticid
10045	infantă
10046	infatua
10047	infectocontagios
10048	infinitate
10049	infinitival
10050	infirm
10051	infirmerie
10052	infirmitate
10053	infix
10054	inflamatoriu
10055	inflamațiune
10056	inflexie
10057	influință
10058	informatoare
10059	informator
10060	informațiune
10061	infra
10062	inframicrob
10063	infructuos
10064	infundibuliform
10065	infuziune
10066	ingeniu
10067	ingenuitate
10068	ingrat
10069	ingratitudine
10070	ingredienție
10071	ingrediență
10072	inhalație
10073	inic
10074	inimare
10075	inimic
10076	inimică
10077	inimioară
10078	inimos
10079	ininteligent
10080	inișor
10081	inițiare
10082	inițiatic
10083	injurie
10084	inoperant
10085	inorog
10086	inovațiune
10087	insațiabil
10088	inscripție
10089	inscripțiune
10090	insectifug
10091	insectivor
10092	insensibiliza
10093	inserțiune
10094	insinua
10095	insinuant
10096	insinuare
10097	insinuație
10098	insinuațiune
10099	insițiune
10100	insociabil
10101	insolent
10102	insolență
10103	insolubiliza
10104	inspecțiune
10105	inspirare
10106	inspirator
10107	inspirațiune
10108	instigație
10109	instinct
10110	instinctiv
10111	instituire
10112	institutoare
10113	institutor
10114	instituțiune
10115	instructiv
10116	instrucție
10117	instrucțiune
10118	insubordinație
10119	insufla
10120	insularitate
10121	insulta
10122	insultare
10123	insultă
10124	insultător
10125	insurecțional
10126	insurecțiune
10127	insă
10128	intelectualism
10129	intelectualist
10130	intelectualistă
10131	intelectualitate
10132	intelectualizare
10133	inteligință
10134	intemperie
10135	intendant
10136	intendent
10137	intendență
10138	intențional
10139	intențiune
10140	interastral
10141	intercalar
10142	intercalare
10143	intercalație
10144	interdicțiune
10145	interfluviu
10146	interfolia
10147	interglaciar
10148	interjecție
10149	interjecțional
10150	interlinia
10151	interlocutoriu
10152	internaționalitate
10153	internod
10154	interpela
10155	interpelant
10156	interpelator
10157	interpelație
10158	interpelațiune
10159	interpola
10160	interpolar
10161	interpretație
10162	interpretațiune
10163	interpuncțiune
10164	interpunere
10165	interregn
10166	interstițiu
10167	intervenire
10168	intervențiune
10169	interverti
10170	intervertire
10171	intervocalic
10172	intimidat
10173	intimism
10174	intimist
10175	intimistă
10176	intitula
10177	intolerabil
10178	intona
10179	intonare
10180	intonație
10181	intonațional
10182	intoxicațiune
10183	intramontan
10184	intransigent
10185	intransigență
10186	intranzitiv
10187	intrepid
10188	intriga
10189	intrigare
10190	intrigă
10191	introducător
10192	introducție
10193	introducțiune
10194	intuiționist
10195	intuițiune
10196	inundabil
10197	inuzitat
10198	invaziune
10199	invectiv
10200	invectiva
10201	invectivă
10202	inventariu
10203	inventoria
10204	inventoriat
10205	invențiune
10206	inverti
10207	investi
10208	investigațiune
10209	inveterat
10210	inviolabil
10211	inviolabilitate
10212	invitare
10213	invitațiune
10214	involucru
10215	ină
10216	inăuan
10217	iobag
10218	iobăgie
10219	iobăgire
10220	iodoform
10221	iolă
10222	ionatan
10223	ionian
10224	ioniza
10225	ionizant
10226	iordan
10227	iorgovan
10228	iosag
10229	iotaciza
10230	iotă
10231	ipeca
10232	iperbolă
10233	ipingea
10234	ipistat
10235	ipnotism
10236	ipochimen
10237	ipodrom
10238	ipohondrie
10239	ipolipsis
10240	ipsilon
10241	ipângea
10242	iranic
10243	ircă
10244	irează
10245	irecuzabil
10246	iredent
10247	iredentistă
10248	ireductibil
10249	iregular
10250	iregularitate
10251	ireligiune
10252	iremisibil
10253	ireparabil
10254	irespectuos
10255	ireverențios
10256	ireverență
10257	irigațiune
10258	iritațiune
10259	irizat
10260	irizație
10261	iriță
10262	irmilic
10263	irmologhion
10264	irod
10265	ironic
10266	ironist
10267	ironiza
10268	ironizare
10269	irugă
10270	irumpt
10271	irupt
10272	irupțiune
10273	ischiuzar
10274	ischiuzară
10275	iscoadă
10276	iscodi
10277	iscodire
10278	iscoditor
10279	iscusi
10280	iscusință
10281	iscusire
10282	iscăli
10283	iscălire
10284	iscălitură
10285	islamiza
10286	islaz
10287	ismă
10288	isnaf
10289	ison
10290	isonar
10291	isop
10292	ispas
10293	ispașă
10294	ispisoc
10295	ispiti
10296	ispitire
10297	ispititor
10298	ispită
10299	ispovedi
10300	ispovedui
10301	ispravnic
10302	ispravă
10303	isprăvire
10304	isprăvit
10305	isprăvniceasă
10306	isprăvnicel
10307	isprăvnici
10308	isprăvnicie
10309	isprăvnicit
10310	ispășanie
10311	ispășenie
10312	ispăși
10313	ispășire
10314	israelit
10315	israelită
10316	israil
10317	ista
10318	isteciune
10319	istericale
10320	isterism
10321	isteț
10322	isteție
10323	istețime
10324	istoricesc
10325	istorioară
10326	istoriograf
10327	istorisi
10328	istorisire
10329	istov
10330	istoveală
10331	istovi
10332	istovire
10333	italienism
10334	italienist
10335	itros
10336	iub
10337	iubeață
10338	iubeț
10339	iubov
10340	iudeu
10341	iudă
10342	iuft
10343	iugă
10344	iugăr
10345	iuit
10346	iuncher
10347	iuncăr
10348	iuniu
10349	iuruș
10350	iut
10351	iuzbașa
10352	iuzluc
10353	iușchiuzar
10354	iușcă
10355	iuțar
10356	iuțeală
10357	iuți
10358	iuțime
10359	iuțit
10360	ivire
10361	ivit
10362	ivoriu
10363	ivăr
10364	izbavă
10365	izbi
10366	izbire
10367	izbitură
10368	izbucnire
10369	izbucnitor
10370	izbuti
10371	izbutire
10372	izbândi
10373	izbândire
10374	izbânditor
10375	izbândă
10376	izbă
10377	izbăvi
10378	izbăvință
10379	izbăvire
10380	izbăvitor
10381	izgoni
10382	izgonire
10383	izini
10384	izlaz
10385	izmeană
10386	izmenit
10387	izmă
10388	iznoavă
10389	izobar
10390	izocron
10391	izomer
10392	izomorf
10393	izomorfism
10394	izoterm
10395	izotrop
10396	izraelit
10397	izraelită
10398	izvarniță
10399	izvod
10400	izvodi
10401	izvodire
10402	izvoditor
10403	izvoditură
10404	izvoraș
10405	izvorât
10406	izvrătit
10407	ișchiuzar
10408	ișchiuzară
10409	ișlic
10410	ișlicar
10411	ișlicel
10412	ișpan
10413	ițar
10414	iție
10415	iții
10416	jablă
10417	jabou
10418	jabă
10419	jac
10420	jacaș
10421	jachet
10422	jacobin
10423	jacotă
10424	jacquerie
10425	jadarnic
10426	jaganie
10427	jainist
10428	jalanie
10429	jalbă
10430	jale
10431	jaleș
10432	jalip
10433	jalnic
10434	jalobă
10435	jaloste
10436	jalovanie
10437	jalubă
10438	jaluz
10439	jaluzie
10440	jamaică
10441	jambieră
10442	jamblă
10443	jamlă
10444	jamnă
10445	janc
10446	jandar
10447	janghinoasă
10448	janghinos
10449	jangol
10450	jangoliță
10451	jansenist
10452	janț
10453	japon
10454	japoneză
10455	jaratec
10456	jaratic
10457	jarcalete
10458	jarcă
10459	jargon
10460	jariște
10461	jart
10462	jatcă
10463	jau
10464	javelină
10465	javră
10466	jașcău
10467	jbârc
10468	jdeab
10469	jdeaucă
10470	jdeav
10471	jder
10472	jdir
10473	jeale
10474	jealnic
10475	jeamlă
10476	jeb
10477	jecmăni
10478	jecnit
10479	jecui
10480	jecuit
10481	jefui
10482	jefuire
10483	jefuitoare
10484	jegnată
10485	jegneată
10486	jegni
10487	jegăl
10488	jegărit
10489	jegărât
10490	jelan
10491	jelanie
10492	jelbări
10493	jelbăritoare
10494	jelbăritor
10495	jele
10496	jelene
10497	jeler
10498	jelerie
10499	jeleriță
10500	jeli
10501	jelire
10502	jelitoare
10503	jelitor
10504	jelnic
10505	jelui
10506	jeluială
10507	jeluire
10508	jeluitor
10509	jelț
10510	jemblă
10511	jemlugă
10512	jemluță
10513	jemlă
10514	jemnă
10515	jenare
10516	jenat
10517	jencui
10518	jendar
10519	jendarmerie
10520	jep
10521	jepcăneală
10522	jepcănire
10523	jepcănit
10524	jer
10525	jeratec
10526	jeratic
10527	jerbie
10528	jerebie
10529	jeriște
10530	jermăni
10531	jerpeli
10532	jerpelire
10533	jerpeliță
10534	jertfelnic
10535	jertfi
10536	jertfire
10537	jertfitor
10538	jertvire
10539	jertvitoare
10540	jertvitor
10541	jertvă
10542	jerui
10543	jestoc
10544	jevrea
10545	jezuit
10546	jezurină
10547	jeț
10548	jețiu
10549	jgheab
10550	jghebătură
10551	jghiab
10552	jib
10553	jicni
10554	jicnicer
10555	jicnire
10556	jicnit
10557	jicniță
10558	jid
10559	jidan
10560	jidancă
10561	jidoafcă
10562	jidov
10563	jidovesc
10564	jidovime
10565	jidovină
10566	jidovire
10567	jidovit
10568	jidănaș
10569	jidănesc
10570	jidănime
10571	jig
10572	jigală
10573	jiganie
10574	jigasnie
10575	jigașnie
10576	jigneată
10577	jigni
10578	jigoare
10579	jigor
10580	jigăniuță
10581	jigăraie
10582	jigărainiță
10583	jigărit
10584	jigărât
10585	jihală
10586	jilav
10587	jilavă
10588	jiletcel
10589	jiletcă
10590	jilip
10591	jiliște
10592	jiloveață
10593	jilăi
10594	jilăit
10595	jilău
10596	jilăvi
10597	jilț
10598	jimb
10599	jimba
10600	jimbare
10601	jimblar
10602	jimbluță
10603	jimblă
10604	jimbor
10605	jimbră
10606	jimbuliță
10607	jimugă
10608	jind
10609	jindar
10610	jindui
10611	jinduială
10612	jinduire
10613	jinduitor
10614	jinor
10615	jintițe
10616	jintiță
10617	jintui
10618	jintălău
10619	jinț
10620	jip
10621	jir
10622	jireadă
10623	jirebi
10624	jirebie
10625	jirișor
10626	jirovnicie
10627	jirtvitoare
10628	jirtvitor
10629	jirtvă
10630	jitar
10631	jitie
10632	jitnicer
10633	jitniță
10634	jitărie
10635	jivală
10636	jiveală
10637	jivină
10638	jiț
10639	jlip
10640	jmetelină
10641	jmont
10642	jneamăt
10643	jneapăn
10644	jnepen
10645	jnepeniș
10646	jnăpăi
10647	joagăr
10648	joampă
10649	joardă
10650	joavină
10651	jobenat
10652	jocheu
10653	jocuț
10654	joian
10655	joiană
10656	joimir
10657	joimăriță
10658	joit
10659	jold
10660	joldunar
10661	jolj
10662	jolnir
10663	jolnă
10664	joltar
10665	joludă
10666	jomir
10667	jomp
10668	joncă
10669	jongler
10670	jopoti
10671	jordă
10672	jorpeliță
10673	josană
10674	josculcare
10675	josean
10676	joseană
10677	josit
10678	jositor
10679	josnicie
10680	jour
10681	jovial
10682	jovialitate
10683	jubea
10684	jubeică
10685	jubilar
10686	jubileu
10687	jucare
10688	jucaș
10689	juchel
10690	jucui
10691	jucuțel
10692	jucuție
10693	jucuțire
10694	jucuțău
10695	jucărică
10696	jucărioară
10697	judaic
10698	judaism
10699	judan
10700	judeci
10701	judecire
10702	judecit
10703	judecătorie
10704	judecătoriu
10705	județasă
10706	județeasă
10707	jufă
10708	jug
10709	jugan
10710	jugastru
10711	juger
10712	juglandacee
10713	jugrăveală
10714	jugrăvit
10715	jugubină
10716	juguitor
10717	jugular
10718	jugănar
10719	jugăni
10720	jugănit
10721	juhală
10722	jui
10723	juigan
10724	julfă
10725	jului
10726	jumară
10727	jumugă
10728	jumuli
10729	jumăta
10730	jumătățit
10731	junc
10732	juncan
10733	juncană
10734	juncă
10735	juncțiune
10736	junel
10737	junelaș
10738	junesc
10739	junețe
10740	juneță
10741	jungher
10742	jungheros
10743	junghet
10744	junghetură
10745	junghi
10746	junghia
10747	junghier
10748	junghiere
10749	junghietură
10750	junghiuros
10751	junie
10752	junigaș
10753	junime
10754	junincă
10755	junișan
10756	jună
10757	jup
10758	jupaniță
10759	jupeneasă
10760	jupi
10761	jupineasă
10762	jupit
10763	jupoiat
10764	jupon
10765	jupti
10766	jupui
10767	jupuire
10768	jupuitor
10769	jupuneasă
10770	jupân
10771	jupâneasă
10772	jupâneșică
10773	jupâniță
10774	jupână
10775	jupă
10776	jupăi
10777	jurare
10778	juridicțiune
10779	jurincă
10780	jurisconsult
10781	jurisdicțiune
10782	jurui
10783	juruință
10784	juruită
10785	jură
10786	jurăbie
10787	jurăi
10788	jurământ
10789	jurătoaie
10790	jurătoare
10791	jurătoi
10792	jurător
10793	jurățel
10794	justeță
10795	juvaer
10796	juvaergiu
10797	juvaier
10798	juvală
10799	juvelnic
10800	juvenilitate
10801	juvină
10802	juxtapune
10803	jvarț
10804	jâb
10805	jâcuțău
10806	jâdan
10807	jâganie
10808	jâgoare
10809	jâgubină
10810	jâhală
10811	jâlț
10812	jâmb
10813	jâmba
10814	jâmbare
10815	jâmblă
10816	jâmlă
10817	jâmnă
10818	jândui
10819	jânduială
10820	jânduire
10821	jânduit
10822	jântiță
10823	jântălău
10824	jârâște
10825	jâtie
10826	jâvină
10827	jăb
10828	jăblă
10829	jăcaș
10830	jăcman
10831	jăcmăni
10832	jăcui
10833	jăcuit
10834	jăcuție
10835	jăcuțău
10836	jăfui
10837	jăfuit
10838	jăgmăni
10839	jăgneată
10840	jăgni
10841	jăgăl
10842	jăl
10843	jălalnic
10844	jălane
10845	jălanie
10846	jălbar
10847	jălenie
10848	jăli
10849	jălit
10850	jălitoare
10851	jălui
10852	jăluială
10853	jăluit
10854	jăluitoare
10855	jăluitor
10856	jălănie
10857	jălărie
10858	jălț
10859	jămlă
10860	jăndar
10861	jăndărie
10862	jănghinoasă
10863	jănghinos
10864	jăpcăneală
10865	jăpcănire
10866	jăpcănit
10867	jăratec
10868	jăratic
10869	jări
10870	jăriște
10871	jărpan
10872	jărtfire
10873	jărtvi
10874	jărtvire
10875	jărtvă
10876	jărui
10877	jăț
10878	jățiu
10879	kaliu
10880	kanon
10881	kantian
10882	kantianism
10883	kantiană
10884	kappa
10885	ker
10886	kir
10887	kirghiz
10888	kirie
10889	kismet
10890	kithara
10891	kore
10892	kronprinz
10893	laban
10894	labelă
10895	labială
10896	labiat
10897	labiată
10898	labie
10899	labiodental
10900	labiu
10901	labium
10902	laboare
10903	laboratoriu
10904	labov
10905	labă
10906	lacera
10907	lacherdă
10908	lacheu
10909	lacinie
10910	lacom
10911	lacrima
10912	lacră
10913	lacrămă
10914	lactifer
10915	lactometru
10916	lacună
10917	lacăt
10918	ladan
10919	ladă
10920	laf
10921	lagenă
10922	lagum
10923	lai
10924	laibăr
10925	laiciza
10926	laie
10927	lainic
10928	laiț
10929	laiță
10930	lalea
10931	lambă
10932	lamelibranhiat
10933	laminator
10934	lamină
10935	lampagiu
10936	lampas
10937	lampion
10938	lamură
10939	lancasterian
10940	lance
10941	landau
10942	landră
10943	langoare
10944	languros
10945	lanschenet
10946	lantanid
10947	lantanidă
10948	lapida
10949	lapidar
10950	lapidaritate
10951	lapiez
10952	lapin
10953	lapislazuli
10954	lapit
10955	lapon
10956	laponă
10957	lapsus
10958	laptagiu
10959	laptifer
10960	lar
10961	larice
10962	laringal
10963	larinx
10964	larmă
10965	lascivitate
10966	lastic
10967	lastră
10968	lateș
10969	latifundiar
10970	latifundiară
10971	latifundie
10972	latinesc
10973	latini
10974	latinie
10975	latinism
10976	latinist
10977	latinistă
10978	latinitate
10979	latiniza
10980	latinizare
10981	latrină
10982	lature
10983	lată
10984	laudanum
10985	laur
10986	lauracee
10987	laurea
10988	laură
10989	laută
10990	lavabou
10991	lavand
10992	lavant
10993	lavină
10994	laviță
10995	lavă
10996	laz
10997	laș
10998	lașcă
10999	lașitate
11000	laște
11001	laț
11002	lațe
11003	leacă
11004	leafă
11005	leagăn
11006	leah
11007	leahă
11008	leal
11009	lealitate
11010	leandru
11011	leană
11012	leasă
11013	leat
11014	leau
11015	leașcă
11016	leaț
11017	lebadea
11018	lebădă
11019	lectică
11020	lecui
11021	lecuire
11022	lecuitoare
11023	lecuță
11024	lecțiune
11025	lefegiu
11026	leftere
11027	lefterie
11028	lefșoară
11029	legație
11030	legațiune
11031	leghe
11032	legionar
11033	legionară
11034	legislațiune
11035	legitimism
11036	legiui
11037	legiuire
11038	legiuitoare
11039	legiune
11040	legumi
11041	leguminos
11042	legământ
11043	legăna
11044	legănare
11045	legănătoare
11046	legănător
11047	legătoare
11048	legător
11049	legăturică
11050	lehamete
11051	lehime
11052	lehm
11053	lehuzie
11054	lehuză
11055	lehăi
11056	lehăit
11057	leiculiță
11058	leică
11059	leit
11060	leiță
11061	lejer
11062	lele
11063	lelică
11064	lelișoară
11065	leliță
11066	lemnar
11067	lemnificat
11068	lemnuș
11069	lemnuț
11070	lemnărie
11071	lemurian
11072	lemă
11073	lene
11074	lenevie
11075	lenevire
11076	lenevit
11077	lenevos
11078	leneș
11079	lenifiant
11080	lenitiv
11081	lenos
11082	lenticular
11083	lento
11084	leoaică
11085	leoaie
11086	leoarcă
11087	leone
11088	leonin
11089	leopăi
11090	leorbău
11091	leordă
11092	lepedeu
11093	lepidopter
11094	lepidopteră
11095	lepros
11096	lepră
11097	lepui
11098	lepăda
11099	lepădare
11100	lepădătură
11101	lepși
11102	lepșit
11103	ler
11104	lergătoare
11105	lerui
11106	lescaie
11107	lesnicios
11108	lesniciune
11109	lesnire
11110	lespede
11111	lete
11112	letin
11113	letopiseț
11114	leturghie
11115	leuci
11116	leucocit
11117	leucocită
11118	leucom
11119	leucă
11120	leurdină
11121	leurdă
11122	levantin
11123	levantină
11124	levată
11125	levențică
11126	leviga
11127	levit
11128	lexem
11129	lexic
11130	lexical
11131	lexicografie
11132	lexicon
11133	leșcă
11134	leșească
11135	leșesc
11136	leșie
11137	leșietic
11138	leșinat
11139	leșios
11140	leșnic
11141	leșui
11142	leșuială
11143	lețcaie
11144	liane
11145	libadea
11146	libarcă
11147	libație
11148	libațiune
11149	libelulă
11150	liberalism
11151	liberalist
11152	liberalistă
11153	liberalitate
11154	liberat
11155	liberatoare
11156	liberator
11157	liberatoriu
11158	liberiană
11159	libertar
11160	libov
11161	libovit
11162	libovnic
11163	libovnică
11164	librar
11165	libret
11166	libră
11167	libuț
11168	licaon
11169	lichea
11170	lichefia
11171	lichelism
11172	licheur
11173	lichidație
11174	lician
11175	licitațiune
11176	licorin
11177	lictar
11178	lictor
11179	licur
11180	licurire
11181	licăr
11182	licărire
11183	licărit
11184	licăritor
11185	licăriș
11186	lidian
11187	liere
11188	lifta
11189	liftă
11190	lighean
11191	lighioaie
11192	lighioană
11193	ligni
11194	lignifica
11195	lignificat
11196	ligulat
11197	ligulă
11198	ligur
11199	lihnit
11200	lihăi
11201	liliac
11202	liliacee
11203	liliachiu
11204	lilial
11205	lilie
11206	liliom
11207	lilion
11208	liliputană
11209	liman
11210	limbagiu
11211	limbareț
11212	limbistic
11213	limbistică
11214	limbut
11215	limbuție
11216	limfocit
11217	limfocită
11218	limicol
11219	limonagiu
11220	limonie
11221	limoniu
11222	limpezeală
11223	limpezi
11224	limpeziciune
11225	limpezime
11226	limpezit
11227	limpeziu
11228	limpeziș
11229	limpi
11230	limpid
11231	limpiditate
11232	limus
11233	linacee
11234	lindinos
11235	lindină
11236	lineal
11237	linge
11238	lingoare
11239	lingotieră
11240	linguist
11241	linguistic
11242	linguistică
11243	lingurea
11244	lingurică
11245	linguroi
11246	lingușeală
11247	linguși
11248	lingușie
11249	lingușire
11250	lingușitor
11251	lingăreală
11252	lingări
11253	lingău
11254	liniament
11255	linioară
11256	liniuță
11257	linișor
11258	liniștire
11259	linters
11260	linșa
11261	lințoliu
11262	liotă
11263	lipcan
11264	lipi
11265	lipidă
11266	lipitoare
11267	lipitură
11268	lipovan
11269	lipovean
11270	lipscănie
11271	lipăi
11272	liqueur
11273	liriciza
11274	lirică
11275	lirism
11276	liră
11277	listat
11278	literal
11279	literalitate
11280	literariza
11281	literat
11282	literatoare
11283	literator
11284	literaturiza
11285	literaturizare
11286	litie
11287	litograf
11288	litografic
11289	litografie
11290	litologic
11291	litopisăț
11292	litosferă
11293	litraj
11294	litră
11295	liubov
11296	liude
11297	liudă
11298	livadă
11299	livan
11300	livede
11301	livid
11302	livrea
11303	liza
11304	lișiță
11305	liț
11306	lițcaie
11307	loaial
11308	loatră
11309	loază
11310	loba
11311	localism
11312	locandier
11313	locandieră
11314	locandă
11315	locantier
11316	locantieră
11317	locantă
11318	locaș
11319	locație
11320	locomobilă
11321	locomoțiune
11322	locotenent
11323	locotenență
11324	locuit
11325	locuitoare
11326	locum
11327	locustă
11328	locutor
11329	locușor
11330	locuț
11331	locuție
11332	locuțiune
11333	locșor
11334	lod
11335	lodbă
11336	logaritmic
11337	loghiotat
11338	logician
11339	logodi
11340	logodnic
11341	logodnică
11342	logodnă
11343	logofeteasă
11344	logofețel
11345	logofeție
11346	logofăt
11347	logomahie
11348	logoș
11349	loialism
11350	loitră
11351	lojniță
11352	lojă
11353	lolotă
11354	lom
11355	lombard
11356	lombrozian
11357	longe
11358	longobard
11359	lopată
11360	lopătar
11361	lopățea
11362	lopățică
11363	lornetă
11364	lornion
11365	lostopană
11366	lostriță
11367	lostun
11368	lota
11369	lotcă
11370	loton
11371	lotru
11372	lozie
11373	lozniță
11374	loză
11375	lubov
11376	lubric
11377	lucarnă
11378	luceafăr
11379	luced
11380	luci
11381	lucină
11382	lucire
11383	lucitor
11384	lucoare
11385	lucrativitate
11386	lucrușor
11387	lucrătură
11388	lud
11389	ludaie
11390	lude
11391	lues
11392	luetic
11393	luft
11394	luger
11395	lugubru
11396	lujer
11397	lulea
11398	lulă
11399	luminar
11400	luminare
11401	luminație
11402	luminescent
11403	luminescență
11404	luminiș
11405	luminiță
11406	luminător
11407	luminăție
11408	lumit
11409	lumânărică
11410	lumânărie
11411	lunatec
11412	lunatic
11413	luncă
11414	lunecare
11415	lunecos
11416	lunecuș
11417	lungan
11418	lungire
11419	lungit
11420	lungiș
11421	lungoare
11422	lunguieț
11423	lunguleț
11424	lungăreț
11425	lunie
11426	luntraș
11427	luntre
11428	luntricică
11429	luntrișoară
11430	luntriță
11431	lupanar
11432	lupesc
11433	lupiu
11434	lupoaică
11435	luptare
11436	luptaș
11437	lustragiu
11438	lustral
11439	lustru
11440	lustruit
11441	lustruitor
11442	luteran
11443	luteranism
11444	luth
11445	lutișor
11446	lutos
11447	lutru
11448	lutră
11449	lutărie
11450	luxa
11451	luătoare
11452	luător
11453	lușcă
11454	luțernă
11455	luțărnă
11456	lânced
11457	lâncezeală
11458	lângoare
11459	lânărică
11460	löss
11461	lăbărțat
11462	lăcat
11463	lăcată
11464	lăcaș
11465	lăcomie
11466	lăcomit
11467	lăcomos
11468	lăcoviște
11469	lăcrimar
11470	lăcrimară
11471	lăcrimioară
11472	lăcrăma
11473	lăcrămare
11474	lăcrămat
11475	lăcrămație
11476	lăcrămioară
11477	lăcrămos
11478	lăcui
11479	lăcuință
11480	lăcuitoare
11481	lăcustă
11482	lăcăraie
11483	lăcătui
11484	lăcătușerie
11485	lădiță
11486	lădoi
11487	lăduță
11488	lăfăit
11489	lăicer
11490	lăicioară
11491	lălâu
11492	lălăi
11493	lămbui
11494	lămuiță
11495	lămuri
11496	lămurire
11497	lămâiu
11498	lămâiță
11499	lăncier
11500	lănțug
11501	lănțuit
11502	lănțujel
11503	lăptoc
11504	lăptos
11505	lăptucă
11506	lăpturi
11507	lăptărie
11508	lăptărit
11509	lăpuș
11510	lăpăda
11511	lăpădare
11512	lăpădat
11513	lărgi
11514	lărgime
11515	lărmuire
11516	lăsare
11517	lăscaie
11518	lăsnicior
11519	lăstar
11520	lăstrică
11521	lăstun
11522	lăsătoare
11523	lăsător
11524	lăsătură
11525	lătinie
11526	lătoc
11527	lătra
11528	lătrare
11529	lătrător
11530	lătrătură
11531	lătunoaie
11532	lătunoi
11533	lătunoios
11534	lătura
11535	lăturalnic
11536	lăturaș
11537	lăturea
11538	lătură
11539	lătăreață
11540	lătăreț
11541	lău
11542	lăudare
11543	lăudăros
11544	lăudăroșenie
11545	lăudăroșie
11546	lăudătoare
11547	lăudător
11548	lăuntru
11549	lăuruscă
11550	lăut
11551	lăutar
11552	lăutoare
11553	lăută
11554	lăutăresc
11555	lăuză
11556	lăvicer
11557	lăzui
11558	lăzuire
11559	lăzuit
11560	lăzuitură
11561	lăți
11562	lățire
11563	lățișor
11564	lățos
11565	macagiu
11566	macaroană
11567	macaronic
11568	macat
11569	macedoromân
11570	macera
11571	macferlan
11572	mache
11573	machedon
11574	macheta
11575	machi
11576	machiavelism
11577	machidon
11578	machiere
11579	machinal
11580	machinist
11581	machină
11582	machism
11583	maclă
11584	macromolecular
11585	macromoleculă
11586	macru
11587	maculă
11588	macă
11589	macău
11590	madam
11591	madamă
11592	madea
11593	madem
11594	madh
11595	madipolan
11596	madipolon
11597	madmoazelă
11598	madonă
11599	madrepor
11600	mafler
11601	magazinaj
11602	magherniță
11603	maghiarism
11604	maghiariza
11605	maghiarizare
11606	maghiarizat
11607	maghiarofil
11608	magiun
11609	magmatic
11610	magnetiza
11611	magnetometru
11612	magnezian
11613	magnezic
11614	magnificență
11615	magno
11616	mahala
11617	mahalagesc
11618	mahalagioaică
11619	mahalagism
11620	mahalagiu
11621	mahalagiță
11622	mahală
11623	mahmudea
11624	mahmur
11625	mahomedanism
11626	mahometism
11627	mahon
11628	mahorcă
11629	mahramă
11630	mai-mare
11631	maică
11632	maidan
11633	maiestate
11634	maiestos
11635	maieutică
11636	maimuțare
11637	maimuțoi
11638	maimuță
11639	maimuțări
11640	maimuțărie
11641	maioreasă
11642	maioritate
11643	mais
11644	maistor
11645	maistru
11646	maistăr
11647	maje
11648	majestos
11649	majestuos
11650	majolică
11651	majă
11652	mako
11653	malacie
11654	malacof
11655	malacov
11656	maladeț
11657	malahie
11658	maldac
11659	maldăr
11660	maler
11661	malgaș
11662	maliție
11663	malițiozitate
11664	malonest
11665	malonestitate
11666	malorus
11667	malotea
11668	maltef
11669	malteh
11670	maltrata
11671	maltăr
11672	malvacee
11673	mamantă
11674	mamelar
11675	mameluc
11676	mamelă
11677	mamon
11678	mamorniță
11679	mamoș
11680	manaf
11681	mancă
11682	mandatară
11683	mandolină
11684	mandrin
11685	mandră
11686	mandulă
11687	mangafa
11688	mangal
11689	manganic
11690	manget
11691	mangetură
11692	mangli
11693	mangosit
11694	mangrovă
11695	mangăr
11696	maniacă
11697	manie
11698	manierist
11699	manieristă
11700	manifestațiune
11701	manipul
11702	manivelă
11703	manișcă
11704	maniță
11705	mansup
11706	manta
11707	manteletă
11708	manteluță
11709	mantelă
11710	mantie
11711	mantilă
11712	mantou
11713	mantă
11714	manuscript
11715	manuscris
11716	mană
11717	marafet
11718	maramureșeancă
11719	maramă
11720	marangoz
11721	marcher
11722	marchitănie
11723	marchiz
11724	marchizat
11725	marchiză
11726	marcotaj
11727	marcotă
11728	marda
11729	mareometru
11730	mareșal
11731	marfagiu
11732	marghiol
11733	marghioleală
11734	margraf
11735	margă
11736	marhă
11737	marinar
11738	marinesc
11739	maritagiu
11740	mariță
11741	marmanziu
11742	marmită
11743	marmor
11744	marmorean
11745	marmoreu
11746	marmoriu
11747	marmoră
11748	marmotă
11749	marnos
11750	marnă
11751	marochin
11752	marochină
11753	martiriu
11754	martiriza
11755	martirologiu
11756	martiră
11757	martoră
11758	martur
11759	martură
11760	marufla
11761	maruflu
11762	marxist
11763	marșandă
11764	marșrut
11765	marșă
11766	marț
11767	marțafoi
11768	marțial
11769	marțian
11770	marțolea
11771	masalagiu
11772	masculiniza
11773	mascur
11774	maslă
11775	mastica
11776	masticator
11777	mastică
11778	mastă
11779	mata
11780	matahală
11781	matale
11782	mataragiu
11783	matasă
11784	matelot
11785	matematicesc
11786	matematiza
11787	materialist
11788	matisa
11789	matiță
11790	matlasa
11791	matofit
11792	matol
11793	mator
11794	matostat
11795	matricid
11796	matricol
11797	matricula
11798	matricular
11799	matrimoniu
11800	matroană
11801	matuf
11802	maturație
11803	maur
11804	mauresc
11805	maximiza
11806	mazdrac
11807	mazdrag
11808	mazere
11809	mazetă
11810	mazil
11811	mazilie
11812	mazilire
11813	mazilit
11814	mazu
11815	mazurcă
11816	mazâl
11817	mașcat
11818	mașinal
11819	mașinism
11820	mașinist
11821	maștehă
11822	mașter
11823	mașteră
11824	maștie
11825	maștigă
11826	maștihă
11827	maștină
11828	maț
11829	meandru
11830	measer
11831	mecanician
11832	mecanicist
11833	mecet
11834	medean
11835	medelnicer
11836	medelniță
11837	mediațiune
11838	medicinistă
11839	medievalism
11840	medievalist
11841	mediocru
11842	meditare
11843	meditațiune
11844	mediteran
11845	medius
11846	medoc
11847	meduză
11848	mefistofelic
11849	mefitic
11850	megahertz
11851	megalopsihie
11852	megieș
11853	megieșie
11854	megieșit
11855	mehenghi
11856	mehmendar
11857	mehter
11858	mehterbaș
11859	mehterbașa
11860	mehterhanea
11861	mehtupciu
11862	meiotic
11863	meioză
11864	mejdină
11865	mejdă
11866	melancolic
11867	melancolie
11868	melanconie
11869	melanholie
11870	melanhonie
11871	melanic
11872	melean
11873	melegar
11874	melenaș
11875	melenholie
11876	melesteu
11877	melestui
11878	melez
11879	melianholie
11880	melic
11881	melifer
11882	melismatic
11883	melismă
11884	melița
11885	meliță
11886	meljoc
11887	melodios
11888	melodramatic
11889	melodramatism
11890	melodramă
11891	melopee
11892	memorand
11893	memorator
11894	memoriza
11895	menadă
11896	menajament
11897	menajare
11898	menajarisit
11899	menajerie
11900	menajă
11901	mendre
11902	meni
11903	menire
11904	menitor
11905	menituri
11906	menoree
11907	mensual
11908	menuet
11909	menzil
11910	menție
11911	mer
11912	mercede
11913	mercenar
11914	merceriza
11915	merchez
11916	mercuriu
11917	merea
11918	mereaz
11919	meredeu
11920	meremet
11921	meremetiseală
11922	meremetisi
11923	meremetisire
11924	meremetisit
11925	merere
11926	mergere
11927	mergător
11928	meridional
11929	merimetisi
11930	merindare
11931	merinde
11932	merindă
11933	meritarisi
11934	meritos
11935	merizuș
11936	meriză
11937	merișor
11938	merovingian
11939	mertepea
11940	mertic
11941	merță
11942	mesagiu
11943	meschin
11944	meschinărie
11945	mescioară
11946	mesean
11947	mesel
11948	meser
11949	meseriaș
11950	meserniță
11951	mesit
11952	mesopotamian
11953	messidor
11954	mesteacăn
11955	mestecar
11956	mestecă
11957	mestecătură
11958	mestecău
11959	mesuță
11960	metabolă
11961	metacentru
11962	metafizic
11963	metafizician
11964	metaliza
11965	metaloid
11966	metalurgist
11967	metamer
11968	metamorfic
11969	metamorfism
11970	metasomatic
11971	metateză
11972	metatorace
11973	metazoar
11974	meteahnă
11975	metehău
11976	meteleu
11977	metempsihoză
11978	meterez
11979	meterhana
11980	meterhanea
11981	metod
11982	metodic
11983	metoh
11984	metopă
11985	metraj
11986	metresă
11987	metric
11988	metropolie
11989	metropolit
11990	metă
11991	mez
11992	mezat
11993	mezdri
11994	mezelar
11995	mezelic
11996	mezelărie
11997	mezenter
11998	mezi
11999	mezil
12000	mezin
12001	mezoderm
12002	mezolitic
12003	mezon
12004	mezozoic
12005	meș
12006	meșină
12007	mește
12008	meșter
12009	meștere
12010	meșterie
12011	meșteriță
12012	meșteră
12013	meșteșug
12014	meșteșugar
12015	meșteșugareț
12016	meșteșugi
12017	meșteșugire
12018	meșteșugos
12019	meșă
12020	mială
12021	miambal
12022	miarță
12023	miasmatic
12024	miază
12025	miazănoapte
12026	miazăzi
12027	micaceu
12028	micelian
12029	micenian
12030	michiduță
12031	micie
12032	miciman
12033	micime
12034	microcalculator
12035	microcosm
12036	microcosmic
12037	microelectronic
12038	microlit
12039	microregiune
12040	microsporange
12041	microundă
12042	micsandră
12043	micșor
12044	micșorime
12045	micșunea
12046	micșunică
12047	micșura
12048	micșurare
12049	micșurat
12050	midie
12051	midinetă
12052	mied
12053	miejloc
12054	mieluș
12055	mielușea
12056	mielușel
12057	mielușică
12058	mieluț
12059	mieluță
12060	miera
12061	mierare
12062	mierat
12063	mieriu
12064	mierloi
12065	mierlușcă
12066	mierlă
12067	mieros
12068	mieru
12069	mierui
12070	mierță
12071	miezură
12072	migdal
12073	migdalat
12074	migmă
12075	mignonă
12076	migrațiune
12077	migăleală
12078	migăli
12079	migălos
12080	mihei
12081	miilea
12082	mijeală
12083	miji
12084	mijloci
12085	mijlocire
12086	mijlocitoare
12087	mijlocitor
12088	miler
12089	mili
12090	miliardelea
12091	miliardulea
12092	milieu
12093	milioanelea
12094	milionaș
12095	milionime
12096	milionist
12097	milionistă
12098	milionulea
12099	militarism
12100	militaristă
12101	militariza
12102	milităresc
12103	militărie
12104	milităros
12105	miljoc
12106	miloagă
12107	milog
12108	milogeală
12109	milogire
12110	milos
12111	miloste
12112	milostenie
12113	milostiv
12114	milostivire
12115	milostivnic
12116	milosârd
12117	milosârdie
12118	milui
12119	miluite
12120	miluitor
12121	miluță
12122	minaret
12123	minavet
12124	minavetă
12125	minciunos
12126	mindir
12127	mindirigiu
12128	mineraliza
12129	mineralogic
12130	mingie
12131	minia
12132	miniat
12133	miniaturist
12134	miniaturistică
12135	miniaturiza
12136	minicalculator
12137	ministeriabil
12138	ministerial
12139	ministeriu
12140	minologhion
12141	minorat
12142	minotaur
12143	mintean
12144	minteuță
12145	mintios
12146	mintos
12147	mintă
12148	minuna
12149	minunare
12150	minuta
12151	minutar
12152	minută
12153	mioapă
12154	mioară
12155	miocen
12156	mior
12157	miorea
12158	mioriță
12159	miorlăit
12160	miorlăitură
12161	miosotis
12162	miozot
12163	miozotis
12164	mirabil
12165	miragiu
12166	miras
12167	miraz
12168	mirază
12169	mireană
12170	mireasmă
12171	mirenesc
12172	miresma
12173	mirie
12174	miriște
12175	mirodie
12176	miroseală
12177	miroznă
12178	mirt
12179	mirui
12180	miră
12181	misarăș
12182	mischet
12183	mischiu
12184	miserere
12185	misie
12186	misirliu
12187	misit
12188	misitie
12189	misivă
12190	mislete
12191	misteric
12192	misteriu
12193	misticism
12194	mistică
12195	mistifica
12196	mistificare
12197	mistificator
12198	mistificație
12199	mistificațiune
12200	mistreț
12201	mistui
12202	mistuire
12203	mistuitor
12204	mitarnic
12205	mite
12206	mitifica
12207	mititel
12208	mititeluț
12209	mitiza
12210	mitoc
12211	mitocan
12212	mitocancă
12213	mitocănesc
12214	mitocănime
12215	mitocănos
12216	mitolog
12217	mitologhicesc
12218	mitologhie
12219	mitologic
12220	mitologiza
12221	mitralia
12222	mitrica
12223	mitropolie
12224	mitră
12225	mixandră
12226	mizantrop
12227	mizantropic
12228	mizantropie
12229	mizelnic
12230	mizer
12231	mizerabil
12232	mizericordie
12233	mizericordios
12234	mișcător
12235	mișel
12236	mișelesc
12237	mișeli
12238	mișelie
12239	mișelnic
12240	mișelos
12241	mișelătate
12242	mișină
12243	mișmaș
12244	mișună
12245	mițos
12246	miță
12247	mlacă
12248	mladă
12249	mlajă
12250	mlat
12251	mlașniță
12252	mlaștină
12253	mleșniță
12254	mlădiat
12255	mlădiere
12256	mlădietor
12257	mlădiitor
12258	mlădios
12259	mlădiu
12260	mlădiță
12261	mlăștinos
12262	mnemonic
12263	mnemotehnic
12264	moabită
12265	moarea
12266	moașă
12267	moață
12268	mobiliar
12269	mocan
12270	mocancă
12271	moceră
12272	moci
12273	mocire
12274	mocirlos
12275	mocirlă
12276	mocofan
12277	mocoșit
12278	mocrină
12279	mocăit
12280	mocănaș
12281	mocănesc
12282	modelar
12283	modelară
12284	moderato
12285	moderațiune
12286	modernistă
12287	modestie
12288	modificabil
12289	modificație
12290	modificațiune
12291	modistă
12292	modru
12293	modur
12294	modârlan
12295	mofluz
12296	mofluzit
12297	mofluzită
12298	moftangioaică
12299	moftangiu
12300	moftolog
12301	moftologie
12302	mofturoasă
12303	mogâldeață
12304	mohor
12305	mohorât
12306	mohorî
12307	moimiță
12308	moimă
12309	moină
12310	moiră
12311	mojdei
12312	mojdrean
12313	mojic
12314	mojicesc
12315	mojicie
12316	mojicime
12317	mojicos
12318	molan
12319	molatec
12320	molatic
12321	molcom
12322	molcomit
12323	molcum
12324	moldoromân
12325	moldoveniza
12326	moldă
12327	molestație
12328	molestațiune
12329	molet
12330	moletă
12331	moleșeală
12332	moleși
12333	moleșire
12334	moleșitor
12335	moleșniță
12336	molfăi
12337	moliciune
12338	molift
12339	moliftă
12340	molimă
12341	molipsit
12342	molitfă
12343	molitvelnic
12344	molitvenic
12345	molitvit
12346	molitvă
12347	molură
12348	molâu
12349	molă
12350	molăciune
12351	molătate
12352	momental
12353	momentos
12354	momi
12355	momitor
12356	momiță
12357	momițărie
12358	momâie
12359	monarc
12360	monarh
12361	monarhic
12362	monarhicesc
12363	monarhie
12364	monarhistă
12365	monastire
12366	mondenitate
12367	mondir
12368	mondiraș
12369	monem
12370	monetă
12371	monetărie
12372	mongoliană
12373	mongolic
12374	mongoloid
12375	mongolă
12376	monism
12377	monist
12378	monocelular
12379	monocit
12380	monoclinal
12381	monoclinic
12382	monoclu
12383	monocord
12384	monocotiledonat
12385	monocotiledonată
12386	monodic
12387	monodie
12388	monogenie
12389	monograf
12390	monografic
12391	monografie
12392	monogram
12393	monogramă
12394	monoic
12395	monoideism
12396	monolog
12397	monom
12398	monoman
12399	monomanie
12400	monomineral
12401	monopetal
12402	monoplan
12403	monopoliza
12404	monorai
12405	monosemantic
12406	monosilab
12407	monosilabic
12408	monosperm
12409	monotip
12410	monoton
12411	monotonie
12412	monotoniza
12413	monotrem
12414	monovalent
12415	monozaharidă
12416	monsenior
12417	monstruos
12418	monstruozitate
12419	monăstire
12420	monăstiresc
12421	monșer
12422	mops
12423	moralicesc
12424	moralism
12425	moralist
12426	moralistă
12427	moraliza
12428	moralizant
12429	moralizare
12430	moralizator
12431	morar
12432	moravuri
12433	morb
12434	morbos
12435	mordant
12436	morenă
12437	moresc
12438	morfem
12439	morfoli
12440	morfosintaxă
12441	morfoză
12442	moria
12443	moric
12444	morișcă
12445	morman
12446	mormoloc
12447	mormântal
12448	mormântar
12449	mormântare
12450	mormăit
12451	morn
12452	mornăit
12453	moroc
12454	morocănos
12455	moroi
12456	moronci
12457	moros
12458	mors
12459	morsă
12460	mortasipie
12461	morteza
12462	morteză
12463	mortifica
12464	mortuar
12465	mortăciune
12466	morun
12467	morvă
12468	morândău
12469	moră
12470	morăresc
12471	morăriță
12472	morțiu
12473	mosafir
12474	moscal
12475	moscat
12476	moschicesc
12477	moscălesc
12478	moscălie
12479	moslem
12480	moslim
12481	mosor
12482	mosorel
12483	motet
12484	motoașcă
12485	motocel
12486	motoflete
12487	motoloagă
12488	motolog
12489	motoriu
12490	motoriza
12491	mototol
12492	mototolit
12493	motroașcă
12494	motroșit
12495	motântoc
12496	motănaș
12497	motănime
12498	movili
12499	moviliță
12500	moviloi
12501	movilă
12502	moxa
12503	moxă
12504	mozaist
12505	mozavir
12506	mozaviri
12507	mozavirie
12508	mozoc
12509	mozol
12510	moșan
12511	moșancă
12512	moșcoală
12513	moșcoleală
12514	moși
12515	moșic
12516	moșică
12517	moșie
12518	moșier
12519	moșieresc
12520	moșierime
12521	moșinaș
12522	moșinoi
12523	moșioară
12524	moșire
12525	moșmoli
12526	moșmoni
12527	moșneag
12528	moșnean
12529	moșneancă
12530	moșnegel
12531	moșneguț
12532	moșnegărie
12533	moșnenesc
12534	moșoroi
12535	moștean
12536	moșteni
12537	moștenitoare
12538	moștenitor
12539	moșuleț
12540	moșulică
12541	moșuț
12542	moța
12543	moțat
12544	moțional
12545	moțoc
12546	moțăit
12547	moțăitură
12548	mreaje
12549	mreajă
12550	mreană
12551	mreji
12552	mrejă
12553	muc
12554	mucalit
12555	mucalitlâc
12556	mucarer
12557	mucarniță
12558	muced
12559	mucegăit
12560	mucenică
12561	mucezeală
12562	mucezit
12563	muche
12564	muchelef
12565	muchia
12566	muchiat
12567	mucigai
12568	mucigăit
12569	mucilaginos
12570	mucos
12571	mucozitate
12572	mucronat
12573	mucări
12574	muezin
12575	mufluz
12576	mufluză
12577	muget
12578	mugind
12579	mugire
12580	mugitor
12581	muguet
12582	mugurat
12583	mugurire
12584	mugurit
12585	muhafiz
12586	muhaia
12587	muhur
12588	muhurdar
12589	muiat
12590	muică
12591	muieratec
12592	muieratic
12593	muiere
12594	muieresc
12595	muieros
12596	muierușcă
12597	mujic
12598	mujică
12599	mulcom
12600	mulcomi
12601	mulcomit
12602	mulgar
12603	mulgare
12604	mulgară
12605	mulge
12606	mulgător
12607	mulsoare
12608	multiflor
12609	multilateralitate
12610	multiplicativ
12611	multiplicitate
12612	multipolar
12613	multișor
12614	multul
12615	mulură
12616	mulă
12617	mulăceag
12618	mulțit
12619	mulțămi
12620	mulțămire
12621	mulțămit
12622	mulțămitor
12623	mulțămitură
12624	mulțămită
12625	mumbașir
12626	mumgiu
12627	mumifia
12628	mumă
12629	muncel
12630	muncire
12631	muncitoare
12632	muncitorie
12633	muncitorime
12634	mundir
12635	mundiraș
12636	mungerie
12637	munificent
12638	munteancă
12639	muntenesc
12640	munticel
12641	munună
12642	mura
12643	murdări
12644	murdărie
12645	murg
12646	murgilă
12647	murgit
12648	murguleț
12649	murguț
12650	muribund
12651	murind
12652	murindă
12653	murire
12654	muritor
12655	muriu
12656	murmuială
12657	murmuire
12658	murmuitor
12659	murmura
12660	murmurare
12661	murmurător
12662	muroi
12663	murseca
12664	mursă
12665	murui
12666	muruială
12667	muruit
12668	mură
12669	murătoare
12670	murătură
12671	musafir
12672	musafirie
12673	musaip
12674	muscal
12675	muscalagiu
12676	muscan
12677	muscar
12678	muschetă
12679	muschicesc
12680	muscoi
12681	musculiță
12682	muscă
12683	muscălesc
12684	muscălime
12685	muscănesc
12686	muscărie
12687	muselină
12688	musică
12689	musiu
12690	muson
12691	musonic
12692	musteață
12693	mustos
12694	mustra
12695	mustrare
12696	mustrător
12697	mustui
12698	mustuitor
12699	mustăcioară
12700	mustăcios
12701	musul
12702	musă
12703	mutism
12704	muton
12705	mutră
12706	mutul
12707	mutălău
12708	mutător
12709	muzicalitate
12710	muzicant
12711	muzicantă
12712	muzicologic
12713	muză
12714	muzău
12715	mușama
12716	mușca
12717	mușcare
12718	mușcată
12719	mușcel
12720	mușchetar
12721	mușchios
12722	mușcoi
12723	mușcător
12724	mușină
12725	mușiță
12726	muștea
12727	muștereu
12728	mușteriu
12729	muștru
12730	muștrului
12731	muștruluială
12732	muștruluit
12733	muștră
12734	muștă
12735	mușunoi
12736	mușuroi
12737	muțenie
12738	muțunache
12739	muțunachi
12740	mâglă
12741	mâhneală
12742	mâhni
12743	mâhnicios
12744	mâhniciune
12745	mâhnire
12746	mâhnitor
12747	mâl
12748	mâli
12749	mâlitură
12750	mâlos
12751	mânar
12752	mânc
12753	mâncăcios
12754	mâncărică
12755	mâncărie
12756	mâncărușă
12757	mâncătorie
12758	mâncătură
12759	mâncău
12760	mândre
12761	mândrețe
12762	mândrulică
12763	mândruliță
12764	mândruț
12765	mânec
12766	mânecar
12767	mânecat
12768	mânecă
12769	mânei
12770	mângâia
12771	mângâiare
12772	mângâiere
12773	mângâietor
12774	mângâios
12775	mângâitor
12776	mângăiare
12777	mângăiere
12778	mâni
12779	mâniat
12780	mânică
12781	mânios
12782	mânjeală
12783	mânjit
12784	mânjitură
12785	mântui
12786	mântuință
12787	mântuitor
12788	mânui
12789	mânuire
12790	mânuitor
12791	mânușiță
12792	mânușă
12793	mânz
12794	mânzare
12795	mânzată
12796	mânzoc
12797	mânzuc
12798	mânzuleț
12799	mânză
12800	mânzărar
12801	mânânțuș
12802	mânăstire
12803	mânăstiresc
12804	mânătarcă
12805	mânător
12806	mânătură
12807	mârced
12808	mârlănoi
12809	mârzac
12810	mârzăciță
12811	mârâială
12812	mârâit
12813	mârșav
12814	mârșăvie
12815	mârțoagă
12816	mâzdă
12817	mâzgă
12818	mâzgăli
12819	mâzgălitură
12820	mâț
12821	mâțișor
12822	mâțoc
12823	mâță
12824	măceașă
12825	măcel
12826	măcelar
12827	măcelări
12828	măcelărie
12829	măcelărire
12830	măcieș
12831	măcina
12832	măcinar
12833	măciniș
12834	măcinătură
12835	măciucat
12836	măciucă
12837	măciulie
12838	măcăit
12839	măcăleandru
12840	măcău
12841	mădular
12842	mădulări
12843	mădări
12844	mădărit
12845	măestru
12846	măgar
12847	măgheran
12848	măguli
12849	măgulire
12850	măgulitor
12851	măgulă
12852	măgurică
12853	măgură
12854	măgădan
12855	măgădău
12856	măgăoaie
12857	măgăreață
12858	măgăresc
12859	măgăreț
12860	măgăriță
12861	măgăruș
12862	măiculiță
12863	măicuță
12864	măiestri
12865	măiestrie
12866	măiestrit
12867	măiestru
12868	măietură
12869	măiug
12870	măjar
12871	măjer
12872	măjărit
12873	mălai
12874	mălină
12875	măltări
12876	mălurici
12877	măluros
12878	mălură
12879	mălăier
12880	mălăieș
12881	mălăieț
12882	mălăină
12883	mălăiște
12884	mălăoi
12885	mămițică
12886	mămiță
12887	mămucuță
12888	mămucă
12889	mămular
12890	mămulică
12891	mămușoară
12892	mămuță
12893	mămăliguță
12894	mămăligă
12895	măngălău
12896	mănia
12897	mănos
12898	mănuchi
12899	mănunche
12900	mănunchi
12901	mănunt
12902	mănuntaie
12903	mănăstioară
12904	mărat
12905	măraz
12906	mărchidan
12907	mărchitan
12908	măreț
12909	măreție
12910	mărgea
12911	mărgean
12912	mărgelușă
12913	mărgeluță
12914	mărginaș
12915	mărgineană
12916	mărgini
12917	mărginire
12918	mărgărint
12919	mărgăritar
12920	mărgărită
12921	mărgăritărel
12922	mărhaie
12923	măricel
12924	mărinimie
12925	mărinimos
12926	măritare
12927	măritat
12928	măritiș
12929	mărișor
12930	mărmuri
12931	mărmurire
12932	mărmurit
12933	măros
12934	mărtaș
12935	mărturi
12936	mărturisanie
12937	mărturiseală
12938	mărturisi
12939	mărturisire
12940	măruntaie
12941	măruntăi
12942	mărunțel
12943	mărunți
12944	mărunțică
12945	mărunțișar
12946	mărunțuș
12947	măruț
12948	mărăcin
12949	mărăcine
12950	mărăciniș
12951	mărăcină
12952	mărădic
12953	mărădui
12954	mărăndău
12955	mărăraș
12956	mărăsin
12957	mărăsân
12958	mărșăluire
12959	mărțână
12960	măscară
12961	măscuit
12962	măsculiță
12963	măscări
12964	măscărici
12965	măscăriciune
12966	măscărie
12967	măsea
12968	măselar
12969	măslad
12970	măslin
12971	măslinar
12972	măslină
12973	măslui
12974	măsoriște
12975	măsrac
12976	măsurar
12977	măsuriș
12978	măsurătoare
12979	măsuță
12980	măsălar
12981	măsălariță
12982	măsălui
12983	măsălău
12984	măsăriță
12985	mătanie
12986	mătasă
12987	mătcălău
12988	mătrice
12989	mătricea
12990	mătrăgună
12991	mătrăși
12992	mătura
12993	măturea
12994	măturică
12995	măturoi
12996	mătură
12997	măturătoare
12998	măturător
12999	mătușică
13000	mătușă
13001	mătăcină
13002	mătăhală
13003	mătăhăi
13004	mătăhălos
13005	mătăsar
13006	mătăsos
13007	mătăsărie
13008	mătăuz
13009	măzărac
13010	măzărat
13011	măzăriche
13012	mășcat
13013	mățișor
13014	nacafa
13015	nacazanie
13016	nacealnic
13017	nacru
13018	nadel
13019	nadișancă
13020	nadpis
13021	nadă
13022	nafaca
13023	nafea
13024	naft
13025	naftenă
13026	naftă
13027	nafură
13028	nagode
13029	nagodă
13030	naht
13031	naiadă
13032	naibă
13033	naie
13034	naingiu
13035	naisan
13036	naivitate
13037	nalbă
13038	nalt
13039	namesnic
13040	namestie
13041	namestnic
13042	namiezi
13043	namilă
13044	nan
13045	nanchin
13046	nandralău
13047	nandu
13048	nană
13049	napoi
13050	napoia
13051	napoleonian
13052	napolitan
13053	naramgiu
13054	naramz
13055	naramzat
13056	naramziu
13057	naramză
13058	narangiu
13059	naranz
13060	naranză
13061	narație
13062	narcisă
13063	narcomanie
13064	narcotizant
13065	nard
13066	nare
13067	narghelea
13068	narnă
13069	narodnic
13070	nart
13071	narâmziu
13072	narămzat
13073	nasicorn
13074	nastie
13075	nasture
13076	natantol
13077	nativitate
13078	natpis
13079	natră
13080	naturaleță
13081	naturalism
13082	naturalist
13083	naturaliza
13084	naturalizare
13085	naturalizațiune
13086	nată
13087	naufragiată
13088	naufragiu
13089	nautil
13090	navaja
13091	navarh
13092	navigațiune
13093	navlosi
13094	navlu
13095	navomodel
13096	nazaliza
13097	nazarinean
13098	nazir
13099	nazuri
13100	nazâr
13101	naș
13102	nație
13103	naționalicesc
13104	neacademic
13105	neaccentuat
13106	neacceptabil
13107	neactivitate
13108	neadaptabil
13109	neademenit
13110	neaderent
13111	neadevăr
13112	neadevărat
13113	neadmis
13114	neadmisibil
13115	neadormire
13116	neadormit
13117	neajungere
13118	neajuns
13119	neajutat
13120	nealcătuit
13121	nealtul
13122	neamestec
13123	neamestecat
13124	neamic
13125	neanalizabil
13126	neanimat
13127	neaoș
13128	nearanjat
13129	nearat
13130	nearmonios
13131	neascultător
13132	neascuțit
13133	neasemănare
13134	neasemănat
13135	neasemănător
13136	neasimilabil
13137	neastâmpăr
13138	neastâmpărat
13139	neatestat
13140	neatârnare
13141	neatârnat
13142	neautentic
13143	neauzit
13144	neauă
13145	neavere
13146	neașezare
13147	nebiruit
13148	nebulos
13149	nebunatec
13150	nebunatic
13151	nebuneală
13152	nebunesc
13153	nebunit
13154	nebântuit
13155	nebăgare
13156	nebăgat
13157	nebăgător
13158	nebănuit
13159	nebărbierit
13160	nebătut
13161	nebăut
13162	necalificabil
13163	necapabil
13164	necastrat
13165	necat
13166	necercat
13167	necercetat
13168	necerut
13169	necesariu
13170	nechemat
13171	nechezare
13172	nechezat
13173	nechibzuință
13174	nechibzuire
13175	nechibzuit
13176	necinste
13177	necinstire
13178	necinstit
13179	necinstitor
13180	necioplit
13181	neciteț
13182	neclintire
13183	neclătit
13184	necochera
13185	necombătut
13186	necompetent
13187	necompetență
13188	necomplect
13189	necomplet
13190	necomunicativ
13191	neconsecvent
13192	neconsecvență
13193	neconstant
13194	necontenit
13195	necontestabil
13196	necontestat
13197	neconștient
13198	necopt
13199	necorect
13200	necorporal
13201	necorupt
13202	necovârșit
13203	necredincios
13204	necredință
13205	necrescut
13206	necrezut
13207	necreștin
13208	necreștinesc
13209	necrologic
13210	nectarifer
13211	necules
13212	necultivat
13213	necumpănit
13214	necumpătat
13215	necunoscător
13216	necunoștință
13217	necunten
13218	necuprins
13219	necurat
13220	necurmat
13221	necurățenie
13222	necurăție
13223	necuviincios
13224	necuviință
13225	necuvios
13226	necăcios
13227	necăji
13228	necăjicios
13229	necălcat
13230	necărturar
13231	necătură
13232	necăutat
13233	nededat
13234	nedeie
13235	nedelicat
13236	nedelicatețe
13237	nedemn
13238	nedemnitate
13239	nedemonstrabil
13240	nedeplin
13241	nedeprins
13242	nedescriptibil
13243	nedesfăcut
13244	nedeslușit
13245	nedespărțit
13246	nedestoinic
13247	nedestoinicie
13248	nedezlegat
13249	nedezlipit
13250	nedezmințit
13251	nedezvoltat
13252	nedisciplinat
13253	nedisciplină
13254	nediscutabil
13255	nedivizat
13256	nedivizibil
13257	nedomolit
13258	nedormire
13259	nedormit
13260	nedospit
13261	nedreptăți
13262	nedreptățire
13263	nedreptățit
13264	nedumeri
13265	nedumerire
13266	nedumerit
13267	nedumirit
13268	neegal
13269	neegalitate
13270	neestetic
13271	neevoluat
13272	neexact
13273	neexactitate
13274	neexecutat
13275	neexistent
13276	neexistență
13277	neexplicabil
13278	neexpresiv
13279	nefalsificat
13280	nefer
13281	neferecat
13282	neferice
13283	neferici
13284	neferos
13285	nefertil
13286	nefiert
13287	nefinit
13288	nefixat
13289	nefolositor
13290	nefript
13291	nefritic
13292	nefundat
13293	nefăcut
13294	nefățarnic
13295	nefățărit
13296	negară
13297	negator
13298	negațiune
13299	negel
13300	neghiniță
13301	neghină
13302	neghiob
13303	neghiobesc
13304	neghiobie
13305	neglasnică
13306	neglije
13307	negociant
13308	negociație
13309	negociațiune
13310	negoț
13311	negreală
13312	negreață
13313	negreșit
13314	negricios
13315	negriji
13316	negrijire
13317	negrijit
13318	negrijitor
13319	negrijă
13320	negrire
13321	negrit
13322	negrișor
13323	negrăit
13324	neguriu
13325	neguros
13326	negură
13327	negus
13328	negustoraș
13329	negustoreasă
13330	negustoresc
13331	negustori
13332	negustorie
13333	negustorime
13334	negustorire
13335	negustorit
13336	negustoriță
13337	neguța
13338	neguțat
13339	neguțitorie
13340	neguțător
13341	neguțătorie
13342	negândire
13343	negândit
13344	negătit
13345	neharnic
13346	nehotărâre
13347	nehotărât
13348	neiculiță
13349	neicuță
13350	neică
13351	neiertat
13352	neimitabil
13353	neinflamabil
13354	neinfluențat
13355	neinițiat
13356	neinteligent
13357	neios
13358	neisan
13359	neiscusit
13360	neisprăvit
13361	neistovit
13362	neizbutit
13363	neizbândă
13364	nejid
13365	nejit
13366	nejudecat
13367	nejust
13368	nelacom
13369	neleal
13370	nelegat
13371	nelegiuire
13372	nelegiuit
13373	neliber
13374	neliniște
13375	neliniștire
13376	neliniștit
13377	neliniștitor
13378	nelipit
13379	neliterar
13380	nelocuit
13381	nelogic
13382	neluat
13383	nelucrare
13384	nelucrat
13385	neluminat
13386	nelumit
13387	nelămurit
13388	nemaiauzit
13389	nemaipomenit
13390	nemargine
13391	nematerializat
13392	nematur
13393	nemenie
13394	nemeri
13395	nemerit
13396	nemerite
13397	nemernic
13398	nemernicie
13399	nemernicire
13400	nemestecat
13401	nemestie
13402	nemet
13403	nemetenie
13404	nemeșesc
13405	nemeșie
13406	nemeșig
13407	nemeșug
13408	nemeți
13409	nemica
13410	nemicnicit
13411	nemică
13412	nemilos
13413	nemilostiv
13414	nemilostivire
13415	nemiluit
13416	nemilă
13417	nemincinos
13418	nemirositor
13419	nemistuit
13420	nemiș
13421	nemișcare
13422	nemișcat
13423	nemișcător
13424	nemișug
13425	nemlădios
13426	nemoral
13427	nempăcat
13428	nemulțumi
13429	nemulțumitor
13430	nemulțămi
13431	nemulțămire
13432	nemulțămit
13433	nemuri
13434	nemurire
13435	nemuritor
13436	nemâncare
13437	nemâncat
13438	nemângâiat
13439	nemăreț
13440	nemărginire
13441	nemărginit
13442	nemăritat
13443	nemărturisit
13444	nemăsurabil
13445	nemăsurat
13446	nemăturat
13447	nemțesc
13448	nemție
13449	nemțit
13450	nemțișor
13451	nemțoaică
13452	nenatural
13453	nencetat
13454	nendurat
13455	neneacă
13456	nenecuță
13457	nenormal
13458	nenoroc
13459	nenoroci
13460	nenorocire
13461	nenorocită
13462	nenorocos
13463	nenufar
13464	nenumărat
13465	neobișnuință
13466	neobosit
13467	neoclasicism
13468	neodihnit
13469	neodihnă
13470	neofit
13471	neogoit
13472	neogramatic
13473	neogreacă
13474	neogrec
13475	neogrecesc
13476	neolatin
13477	neolog
13478	neologic
13479	neologism
13480	neologist
13481	neologistic
13482	neologistă
13483	neom
13484	neomenie
13485	neomenire
13486	neomenit
13487	neomenos
13488	neonest
13489	neonestitate
13490	neoplatonician
13491	neoplatonism
13492	neorganic
13493	neoromantic
13494	neorânduială
13495	neospitalier
13496	neostenit
13497	neosândit
13498	neozoic
13499	nepace
13500	nepedepsit
13501	neper
13502	nepersonal
13503	nepieptănat
13504	nepieritor
13505	nepilduit
13506	nepipăit
13507	neplecat
13508	neplăcere
13509	neplătit
13510	nepoată
13511	nepocăit
13512	nepoftit
13513	nepolitic
13514	nepomenit
13515	nepot
13516	nepotolit
13517	nepotrivire
13518	nepovestit
13519	neprecis
13520	neprecizat
13521	neprecizie
13522	neprecurmat
13523	nepredicativ
13524	neprefăcut
13525	nepreget
13526	nepregetat
13527	nepregătire
13528	neprevedere
13529	neprevenit
13530	neprevăzut
13531	neprevăzător
13532	neprețuit
13533	nepricepere
13534	nepriceput
13535	nepricopsit
13536	neprieten
13537	neprietenesc
13538	neprietenie
13539	neprihănire
13540	neprihănit
13541	nepriincios
13542	nepriință
13543	neprimejdios
13544	neprimenit
13545	neprocopsit
13546	neproducător
13547	nepurtat
13548	nepus
13549	neputincios
13550	nepângărit
13551	nepământesc
13552	nepărtinire
13553	nepărtinitor
13554	nepărăsit
13555	nepăsare
13556	nepăsător
13557	nepătat
13558	nepătruns
13559	neramificat
13560	neramz
13561	neras
13562	nerațional
13563	nerealizabil
13564	nerecomandabil
13565	nerecunoscător
13566	neregularitate
13567	nereidă
13568	nereparat
13569	nerespectuos
13570	nerezistent
13571	neritic
13572	nerod
13573	nerodire
13574	neroditor
13575	nerodoi
13576	neromânesc
13577	nerotunjit
13578	nerozesc
13579	nerozie
13580	nerumegat
13581	nerușinare
13582	nerușinat
13583	nerval
13584	nervație
13585	nervil
13586	nerăbdător
13587	nerămzat
13588	nerămziu
13589	nerăsuflate
13590	nerăutate
13591	nes
13592	nesaț
13593	nesațiu
13594	neschimbare
13595	neschimbat
13596	nescos
13597	nesecat
13598	nesegmentat
13599	nesemănat
13600	nesfârșire
13601	nesimetric
13602	nesimțire
13603	nesimțite
13604	nesimțitor
13605	nesincer
13606	nesinceritate
13607	nesmintit
13608	nesociabil
13609	nesocoti
13610	nesocotință
13611	nesocotire
13612	nesolid
13613	nesomn
13614	nespălat
13615	nestabil
13616	nestabilitate
13617	nestatornic
13618	nestatornicie
13619	nestemat
13620	nestimat
13621	nestins
13622	nestricat
13623	nestrăbătut
13624	nestrămutare
13625	nestrămutat
13626	nestânjenit
13627	nestăpânit
13628	nestătător
13629	nesubordonat
13630	nesucces
13631	nesuferință
13632	nesuferire
13633	nesuferit
13634	nesuficient
13635	nesupus
13636	nesupărat
13637	nesătul
13638	nesăturat
13639	nesăvârșit
13640	nesățios
13641	netalentat
13642	netemperat
13643	netezi
13644	netezit
13645	netezitor
13646	neteziș
13647	netoată
13648	netocmeală
13649	netolerant
13650	netoleranță
13651	netors
13652	netot
13653	netrainic
13654	netransformat
13655	netrebnic
13656	netrebnicie
13657	netrebuincios
13658	netrecător
13659	netrupesc
13660	netulburat
13661	netăiat
13662	netămăduit
13663	neumblat
13664	neumă
13665	neunire
13666	neunit
13667	neurasteniza
13668	neurmat
13669	neurmărire
13670	neurovegetativ
13671	neuscat
13672	neutil
13673	neutilizabil
13674	neutralizant
13675	nevastă
13676	nevedere
13677	nevedi
13678	nevedit
13679	neverosimilitate
13680	nevestea
13681	nevestesc
13682	nevestică
13683	neveștejit
13684	neviabil
13685	neviciat
13686	nevindecat
13687	nevinovăție
13688	nevisat
13689	neviscă
13690	nevoiaș
13691	nevoință
13692	nevolnic
13693	nevrednic
13694	nevrica
13695	nevricos
13696	nevrologhie
13697	nevrologie
13698	nevrut
13699	nevrâstnic
13700	nevârstnic
13701	nevăstuică
13702	nevăstuță
13703	nevătămat
13704	nevătămător
13705	nevăzut
13706	neîmblânzit
13707	neîmbrăcat
13708	neîmplinit
13709	neîmpăcat
13710	neînceput
13711	neîncercat
13712	neînchipuit
13713	neîncredere
13714	neîncrezător
13715	neîncărcat
13716	neîndemânare
13717	neîndemânatic
13718	neîndemână
13719	neîndeplinit
13720	neîndestulător
13721	neîndoielnic
13722	neîndoios
13723	neîndreptățit
13724	neîndrăzneală
13725	neînduplecare
13726	neînduplecat
13727	neîndurare
13728	neîndurat
13729	neîndurător
13730	neînfricoșat
13731	neînfrânat
13732	neînfrânt
13733	neîngriji
13734	neîngrijire
13735	neîngrijit
13736	neîngăduință
13737	neîngăduit
13738	neîngăduitor
13739	neînlăturat
13740	neînsemnat
13741	neînsurat
13742	neîntinat
13743	neîntors
13744	neîntrebat
13745	neîntrebuințat
13746	neîntrecut
13747	neîntrerupt
13748	neîntârziat
13749	neînvins
13750	neînvățat
13751	neînvățătură
13752	neînțelegere
13753	neînțelegător
13754	neînțeles
13755	neșovăielnic
13756	neșovăire
13757	neșovăitor
13758	neșters
13759	neștiință
13760	neștine
13761	neștirbit
13762	neștire
13763	neștiut
13764	neștiutor
13765	neț
13766	nețesălat
13767	nețărmurit
13768	nialcoș
13769	nichela
13770	nichipercea
13771	nicochera
13772	nicovală
13773	nicsis
13774	nihilism
13775	nihilistă
13776	nimb
13777	nime
13778	nimene
13779	nimenea
13780	nimeri
13781	nimerite
13782	nimernic
13783	nimfă
13784	nimica
13785	nimiccie
13786	nimici
13787	nimicie
13788	nimicire
13789	nimicnici
13790	nimicnicie
13791	nimicnicire
13792	nimicnicit
13793	nimică
13794	nimine
13795	nimuric
13796	nimurici
13797	ninerat
13798	nineri
13799	ninerit
13800	nins
13801	ninsoriu
13802	niobiu
13803	nisipit
13804	nisipiș
13805	nisipos
13806	nitrifica
13807	nitroceluloză
13808	nitros
13809	nitrura
13810	nitui
13811	nivelator
13812	nivelmetru
13813	nixis
13814	niznai
13815	nițel
13816	nițeluș
13817	noadă
13818	noaten
13819	noatin
13820	nobilare
13821	nobilime
13822	nobilitar
13823	nobilitat
13824	nobilitate
13825	nobilă
13826	noblețe
13827	nobleță
13828	noctiluca
13829	nodoros
13830	noduros
13831	noetic
13832	nohot
13833	nohotiu
13834	noian
13835	noiemvrie
13836	noimă
13837	nojiță
13838	nom
13839	nomadism
13840	nomadă
13841	nomarh
13842	nomenklatură
13843	nominalism
13844	nominalist
13845	nomol
13846	nomă
13847	nonconsumatoare
13848	nonius
13849	nonsens
13850	nopsamoș
13851	noptatic
13852	noptos
13853	noria
13854	noric
13855	noriu
13856	normalist
13857	normalistă
13858	normandă
13859	noroci
13860	norocire
13861	norod
13862	noroios
13863	noruleț
13864	noră
13865	nost
13866	nostim
13867	nostimadă
13868	nostimior
13869	notarăș
13870	notiție
13871	notiță
13872	notăraș
13873	notăreasă
13874	notătoare
13875	nouleț
13876	noumen
13877	nour
13878	nouraș
13879	nouros
13880	nous
13881	nouăsprezecelea
13882	novator
13883	novelă
13884	novembre
13885	noviciat
13886	novita
13887	novă
13888	noțional
13889	nucleon
13890	nucleotidă
13891	nuculă
13892	nufăr
13893	nulă
13894	numen
13895	numismat
13896	numulit
13897	numulitic
13898	numărabil
13899	număruș
13900	numărătoare
13901	nun
13902	nuntaș
13903	nuntesc
13904	nuntire
13905	nunuță
13906	nună
13907	nunțial
13908	nuor
13909	nupțial
13910	nur
13911	nurioară
13912	nurliu
13913	nuroră
13914	nursă
13915	nutreț
13916	nutria
13917	nutriment
13918	nutrit
13919	nuveletă
13920	nuvelist
13921	nuvelistic
13922	nuvelă
13923	năboi
13924	năbușeală
13925	năbuși
13926	năbușitor
13927	năbădaie
13928	năbădăios
13929	năcaz
13930	năclad
13931	năclaie
13932	năclăit
13933	năcăji
13934	năcăjicios
13935	năcăjit
13936	nădi
13937	năduf
13938	năduh
13939	năduli
13940	nădușeală
13941	năduși
13942	nădușitor
13943	nădăjdui
13944	nădăjduire
13945	năframă
13946	năfrămucă
13947	năfrămuță
13948	năgară
13949	năhui
13950	năiem
13951	năier
13952	năimeală
13953	năimi
13954	năimitor
13955	năimită
13956	năjit
13957	nălban
13958	nălbar
13959	nălbit
13960	nălucire
13961	nălucit
13962	nălucitor
13963	nălucă
13964	nălța
13965	nălțat
13966	nălțime
13967	nămestie
13968	nămete
13969	nămi
13970	nămiez
13971	nămiezi
13972	nămolit
13973	nămolos
13974	nănaș
13975	nănașă
13976	năpadă
13977	năpastie
13978	năpastă
13979	năplăire
13980	năprasnic
13981	năprasnă
13982	năprui
13983	năpruie
13984	năprăsnicie
13985	năpust
13986	năpusti
13987	năpustire
13988	năpârcă
13989	năpârstoc
13990	năpădi
13991	năpădire
13992	năpăstui
13993	năpăstuire
13994	năpăstuitor
13995	năramză
13996	nărav
13997	nărod
13998	nărozenie
13999	nărtos
14000	nărui
14001	năruire
14002	nărâmzat
14003	nărânzat
14004	nărămziu
14005	nărăvi
14006	nărăvire
14007	născare
14008	născior
14009	născoceală
14010	născoci
14011	născocire
14012	născocitor
14013	născocitură
14014	născând
14015	născător
14016	născători
14017	năsilnic
14018	năsilnicie
14019	năsip
14020	năsipos
14021	năslire
14022	năsos
14023	năstav
14024	năstavnic
14025	năstrapă
14026	năstrușnic
14027	năsturaș
14028	năsturel
14029	năstăvi
14030	năstăvit
14031	năsâlnicie
14032	năsădi
14033	năsălie
14034	nătrui
14035	nătâng
14036	nătângie
14037	nătânt
14038	nătântoacă
14039	nătântoc
14040	nătăfleț
14041	nătărăie
14042	nătărău
14043	năuc
14044	năuceală
14045	năucire
14046	năucit
14047	năutiu
14048	năvalnic
14049	năvală
14050	năvleg
14051	năvod
14052	năvodar
14053	năvodi
14054	năvrap
14055	năvârlii
14056	năvădi
14057	năvăli
14058	năvălire
14059	năvălitor
14060	năzbutie
14061	năzdravan
14062	năzdrăvan
14063	năzdrăvănie
14064	năzuință
14065	năzuit
14066	năzuros
14067	năzări
14068	năzărit
14069	năși
14070	oacheș
14071	oacă
14072	oacăn
14073	oacăr
14074	oagă
14075	oarbă
14076	oarcă
14077	oarece
14078	oarecică
14079	oarecine
14080	oareșcare
14081	oareșice
14082	oareșicine
14083	oarzin
14084	oaspe
14085	oaste
14086	oașă
14087	obadă
14088	obaht
14089	obahtă
14090	obcină
14091	obdeală
14092	ober
14093	oberchelner
14094	oberst
14095	obială
14096	obicinui
14097	obicinuință
14098	obicinuit
14099	obicină
14100	obiciuit
14101	obidare
14102	obidi
14103	obidire
14104	obidit
14105	obidos
14106	obidă
14107	obiecta
14108	obiectivare
14109	obiectivism
14110	obiectivizare
14111	obiecțiune
14112	obielos
14113	obijdui
14114	obijduire
14115	obijduit
14116	obijduitoare
14117	obijduitor
14118	obișnenie
14119	obleț
14120	oblici
14121	oblicire
14122	oblicit
14123	obligarisi
14124	obligarisire
14125	obligarisit
14126	obligator
14127	obligațiune
14128	oblitera
14129	oblojeală
14130	obloji
14131	oblon
14132	oblonaș
14133	oblong
14134	oblonit
14135	oblu
14136	oblânc
14137	oblădui
14138	oblăduire
14139	oblăduitor
14140	obnubila
14141	obol
14142	oborean
14143	oboroacă
14144	oboroc
14145	oborât
14146	oborî
14147	obosi
14148	obosire
14149	obosit
14150	obot
14151	obovat
14152	obraznic
14153	obrază
14154	obraț
14155	obrație
14156	obricariță
14157	obrinteală
14158	obrintit
14159	obroc
14160	obroci
14161	obrocit
14162	obrăjor
14163	obrăzar
14164	obrăznici
14165	obrăznicie
14166	obrăzui
14167	obscur
14168	obscurantism
14169	obscuritate
14170	obsechios
14171	obseda
14172	observațiune
14173	obsesiune
14174	obsigă
14175	obstrucționist
14176	obtuzitate
14177	obuz
14178	obuzier
14179	obârca
14180	obârcăi
14181	obârșie
14182	obăr
14183	obărchelner
14184	obșit
14185	obște
14186	obștesc
14187	obștie
14188	obștime
14189	obștire
14190	obștit
14191	oca
14192	ocabazlâc
14193	ocarină
14194	ocară
14195	ocaziune
14196	occidentalism
14197	occidentaliza
14198	occidentalizat
14199	oceanidă
14200	oceanografic
14201	ocenaș
14202	ocenie
14203	ocheadă
14204	ochean
14205	ocheană
14206	ocheșel
14207	ocheț
14208	ochiadă
14209	ochian
14210	ochilari
14211	ochios
14212	ochire
14213	ochit
14214	ochitor
14215	ochitură
14216	ocinaș
14217	ocină
14218	oclusiv
14219	ocluziune
14220	ocnaș
14221	ocnean
14222	ocniță
14223	ocnă
14224	ocol
14225	ocolaș
14226	ocoli
14227	ocoliș
14228	ocop
14229	ocoș
14230	ocroti
14231	ocrotință
14232	ocrotire
14233	ocrotitor
14234	octaedru
14235	octobre
14236	octoih
14237	octombre
14238	octomvre
14239	octomvrie
14240	octopod
14241	octosilabic
14242	octovrie
14243	octuplu
14244	ocula
14245	ocular
14246	ocultist
14247	ocuparisi
14248	ocupațiune
14249	ocurent
14250	ocârmui
14251	ocârmuire
14252	ocârmuitor
14253	ocă
14254	ocărit
14255	ocărâtor
14256	ocărî
14257	odaie
14258	odaliscă
14259	odgon
14260	odicolon
14261	odihni
14262	odihnire
14263	odini
14264	odinire
14265	odinit
14266	odină
14267	odios
14268	odiu
14269	odivoi
14270	odobeală
14271	odolean
14272	odoleană
14273	odometru
14274	odor
14275	odorant
14276	odoriza
14277	odorogit
14278	odos
14279	odovăit
14280	odraslă
14281	odrăslire
14282	odrăslit
14283	odrăslitor
14284	odă
14285	odăiaș
14286	odăiță
14287	odăjdii
14288	ofensă
14289	ofichie
14290	oficie
14291	oficinal
14292	oficios
14293	ofili
14294	ofis
14295	ofisus
14296	ofițeraș
14297	ofițereasă
14298	ofițeresc
14299	ofițerime
14300	ofițiu
14301	oftalmie
14302	oftare
14303	oftat
14304	ofticos
14305	oftică
14306	oftigi
14307	oftigă
14308	ofârli
14309	ogar
14310	ogaș
14311	ogeac
14312	ogeag
14313	ogheal
14314	oghial
14315	ogival
14316	ogivă
14317	oglavă
14318	oglinde
14319	oglindi
14320	oglindioară
14321	oglingioară
14322	oglinjoară
14323	ogod
14324	ogodi
14325	ogoi
14326	ogoiat
14327	ogoire
14328	ogor
14329	ogorit
14330	ogorî
14331	ogradă
14332	ogrinji
14333	ogrădaș
14334	ogur
14335	ogurliu
14336	ogârjit
14337	ohabnic
14338	ohtoic
14339	oiagă
14340	oiconim
14341	oierie
14342	oierit
14343	oiesc
14344	oiște
14345	oiță
14346	ojină
14347	olac
14348	olandă
14349	olană
14350	olastiseală
14351	olastisire
14352	olat
14353	oleacee
14354	oleaginos
14355	oleandru
14356	oleat
14357	oleomargarină
14358	oleu
14359	olfactic
14360	olicări
14361	oligarhie
14362	oligocen
14363	oligotrof
14364	olimpian
14365	olivină
14366	olivă
14367	olm
14368	olmaz
14369	olocaust
14370	olog
14371	ologit
14372	oloi
14373	oloiniță
14374	oltar
14375	oluț
14376	olăcar
14377	olări
14378	olărie
14379	omag
14380	omenie
14381	omenime
14382	omenit
14383	omenos
14384	omeric
14385	omet
14386	ometeu
14387	ometiță
14388	ometoi
14389	omeți
14390	omidă
14391	omilenic
14392	omnibuz
14393	omnipotență
14394	omnium
14395	omofonie
14396	omofor
14397	omograf
14398	omoi
14399	omorâre
14400	omorâtor
14401	omucid
14402	omucigaș
14403	omucigașă
14404	omuleț
14405	omușor
14406	omăt
14407	onanie
14408	oncrop
14409	ondină
14410	ondulatoriu
14411	ondulație
14412	ondulos
14413	ondulă
14414	onomastic
14415	onomasticon
14416	onomatopee
14417	onomatopeic
14418	onomatopoetic
14419	onor
14420	onorabil
14421	onorabilitate
14422	onorar
14423	ontic
14424	ontogenetic
14425	ontogenie
14426	oolit
14427	oolitic
14428	oosferă
14429	opacină
14430	opaciza
14431	opaiț
14432	opaiță
14433	opalescent
14434	opalin
14435	opcină
14436	operant
14437	operatoriu
14438	opercul
14439	opid
14440	opincar
14441	opincuță
14442	opincă
14443	opiniune
14444	opinteală
14445	opinti
14446	opintic
14447	opintire
14448	oplean
14449	oploși
14450	oploșire
14451	opozit
14452	opozițional
14453	opoziționist
14454	opozițiune
14455	oppidum
14456	opreală
14457	opresie
14458	oprima
14459	opritoare
14460	opsă
14461	optativ
14462	optimat
14463	optsprezecelea
14464	opunere
14465	opunția
14466	opuscul
14467	opust
14468	opăci
14469	opăcit
14470	opări
14471	orangutan
14472	oranist
14473	oranjadă
14474	oranz
14475	orariu
14476	orator
14477	oratoric
14478	orație
14479	orațiune
14480	orbalț
14481	orbanț
14482	orbecare
14483	orbesc
14484	orbete
14485	orbeț
14486	orbicular
14487	orbie
14488	orbitor
14489	orceag
14490	orchestrant
14491	orchestru
14492	orchidee
14493	orcic
14494	ordalie
14495	ordie
14496	ordina
14497	ordinariat
14498	ordinator
14499	oreșniță
14500	orfan
14501	orfanotrofie
14502	orfelin
14503	orfevrărie
14504	organizațiune
14505	organogen
14506	orgar
14507	orgiac
14508	orgiastic
14509	orgie
14510	orgolios
14511	orgăli
14512	orheian
14513	orhestra
14514	orhestrație
14515	orhestră
14516	oriental
14517	orientalism
14518	orientalist
14519	orientalizare
14520	orientator
14521	orientație
14522	orientațiune
14523	originalitate
14524	origină
14525	oripilant
14526	orizon
14527	orizonte
14528	orișicare
14529	orișicine
14530	orișicât
14531	orjad
14532	orleanist
14533	orna
14534	ornament
14535	ornant
14536	ornic
14537	ornicărie
14538	ornitologist
14539	ornitologistă
14540	ornitorinc
14541	oroare
14542	orogeneză
14543	orogenic
14544	orologiu
14545	oropsi
14546	ort
14547	orta
14548	ortac
14549	ortogonal
14550	ortografie
14551	ortoman
14552	ortopter
14553	ortăcie
14554	orzar
14555	orzărie
14556	orând
14557	orândar
14558	orândueală
14559	orândui
14560	orânduială
14561	orânduitoare
14562	orânduitor
14563	orândă
14564	orăcăit
14565	orăstică
14566	orătanie
14567	orătănie
14568	orășean
14569	orășenie
14570	osana
14571	osatură
14572	oscilatoriu
14573	oscilațiune
14574	oscilograf
14575	oscior
14576	oscă
14577	osebi
14578	osebire
14579	osebit
14580	oseminte
14581	osie
14582	osman
14583	osmanlâu
14584	osmiu
14585	ospel
14586	ospelier
14587	ospeta
14588	ospetare
14589	ospetărie
14590	ospeț
14591	ospiciu
14592	ospita
14593	ospitalieră
14594	ospăta
14595	ospătare
14596	ospătitoare
14597	ospătitor
14598	ospătos
14599	ospătărie
14600	ospătătoare
14601	ospătător
14602	ospăț
14603	ostatec
14604	ostaș
14605	osteneală
14606	osteni
14607	ostenicios
14608	ostenință
14609	ostenire
14610	ostenitor
14611	ostensibil
14612	ostentație
14613	ostentațiune
14614	ostic
14615	ostie
14616	ostoi
14617	ostoire
14618	ostrachion
14619	ostraciza
14620	ostracon
14621	ostracă
14622	ostreț
14623	ostrețe
14624	ostrogot
14625	ostropăț
14626	ostrov
14627	ostrovel
14628	ostășesc
14629	ostășie
14630	osândi
14631	osândire
14632	osândă
14633	osânză
14634	osârdie
14635	osârdnic
14636	osârduitor
14637	otac
14638	otagiu
14639	otaj
14640	otavă
14641	otașniță
14642	otcup
14643	otcupcic
14644	otcupciu
14645	otcârmui
14646	otcârmuire
14647	otgon
14648	otic
14649	otinc
14650	otnoșenie
14651	otomană
14652	otoree
14653	otpust
14654	otravă
14655	otreapă
14656	otrăvit
14657	otrăvitor
14658	otrăvitură
14659	otrățel
14660	otrăți
14661	oturac
14662	otuzbir
14663	otânji
14664	ouat
14665	ouierit
14666	oușor
14667	ovațiune
14668	oviform
14669	ovilit
14670	ovipar
14671	ovoidal
14672	ovrei
14673	ovreică
14674	ovreiesc
14675	ovreu
14676	ovulă
14677	ovă
14678	ovăs
14679	oxidabil
14680	oxidril
14681	oxigenator
14682	oxilit
14683	ozocherită
14684	ozona
14685	ozoniza
14686	oștean
14687	oștează
14688	oștenesc
14689	oștenie
14690	oștesc
14691	oștime
14692	oștinesc
14693	oștire
14694	oștit
14695	oțapoc
14696	oțeli
14697	oțeliu
14698	oțerime
14699	oțerire
14700	oțerit
14701	oțetar
14702	oțeti
14703	oțios
14704	oțărime
14705	oțărire
14706	oțărâre
14707	oțărî
14708	pachețel
14709	paci
14710	paciență
14711	pacificat
14712	pacificație
14713	pacifism
14714	pacinic
14715	paciuli
14716	pacișă
14717	paclă
14718	pacoste
14719	pacta
14720	pactizare
14721	pacvagon
14722	padelă
14723	padiment
14724	padină
14725	padișah
14726	padovan
14727	pafta
14728	pagaie
14729	pagalău
14730	paginator
14731	pagine
14732	pagubă
14733	pagus
14734	pagă
14735	paharnec
14736	paharnic
14737	pahimeninge
14738	paia
14739	paiangen
14740	paianjeniș
14741	paiaț
14742	paiață
14743	paietă
14744	paing
14745	paingăn
14746	painjen
14747	painjeni
14748	painjeniș
14749	painjăn
14750	paisprezecelea
14751	paj
14752	pajeră
14753	pajiște
14754	pajură
14755	paladium
14756	palamar
14757	palan
14758	palanc
14759	palancă
14760	palangă
14761	palască
14762	palataliza
14763	palatalizare
14764	palatalizat
14765	palavatic
14766	palavragit
14767	palavragiu
14768	palavră
14769	palașcă
14770	palcă
14771	pale
14772	palee
14773	paleobotanic
14774	paleocen
14775	paleogen
14776	paleolog
14777	paleoslav
14778	paleozoic
14779	paler
14780	palicar
14781	palid
14782	paliditate
14783	palie
14784	palincuță
14785	palmac
14786	palmiform
14787	palmiped
14788	paloș
14789	palpit
14790	palpitare
14791	palpitație
14792	palpă
14793	paltin
14794	palton
14795	paltonaș
14796	paludism
14797	paludă
14798	palustru
14799	palută
14800	pală
14801	palțău
14802	pamblică
14803	pambriu
14804	pamfletar
14805	pamfletist
14806	pampon
14807	panachidă
14808	panaghie
14809	panahidă
14810	panarițiu
14811	panaș
14812	panașat
14813	panchiță
14814	pancovă
14815	pandecte
14816	pandelă
14817	pandemoniu
14818	panderă
14819	pandieră
14820	pandocrator
14821	panegiric
14822	panegirist
14823	paner
14824	panevghenie
14825	pangermanic
14826	panglicar
14827	panglicuță
14828	panglică
14829	panglicărie
14830	panicul
14831	paniculat
14832	paniculă
14833	panier
14834	panifica
14835	panihidă
14836	panoplie
14837	panoptic
14838	panopticum
14839	panoramă
14840	panromanic
14841	panseu
14842	pansion
14843	panslavism
14844	panslavist
14845	panslavistă
14846	pantahuză
14847	pantalonar
14848	panteism
14849	panteist
14850	panteistic
14851	panteon
14852	panteră
14853	pantofăreasă
14854	pantomim
14855	pantum
14856	panus
14857	panțarolă
14858	panțir
14859	paos
14860	papagal
14861	papagalici
14862	papainog
14863	papalugă
14864	paparudă
14865	paparugă
14866	papară
14867	papaveracee
14868	papilionacee
14869	papilionaceu
14870	papilă
14871	papir
14872	papism
14873	papist
14874	papistaș
14875	papistașă
14876	papistă
14877	papistășesc
14878	papistăși
14879	papistășie
14880	papistășire
14881	papistășit
14882	paporniță
14883	papricaș
14884	paprică
14885	papuc
14886	papucar
14887	papucaș
14888	papucă
14889	papugiu
14890	papulă
14891	papură
14892	papus
14893	para
14894	paracliser
14895	paraclisier
14896	paradi
14897	paradie
14898	paradiziac
14899	paradosi
14900	paradosire
14901	parafinic
14902	parafum
14903	paragogă
14904	paragrafie
14905	paralaxă
14906	paralelipipedic
14907	paraleu
14908	paralitic
14909	paraliza
14910	paralizare
14911	paralâc
14912	parameci
14913	paranimf
14914	parantez
14915	parapon
14916	paraponiseală
14917	paraponisire
14918	paraponisit
14919	parapono
14920	parascântei
14921	parasol
14922	parastisi
14923	parastisit
14924	parastui
14925	paratactic
14926	parataxă
14927	paratifos
14928	paratirisi
14929	paratiroidă
14930	paratoner
14931	paravalisi
14932	paravalisit
14933	paraxenie
14934	paraxin
14935	paraxân
14936	parazol
14937	parazor
14938	parcea
14939	parcura
14940	pardesiu
14941	pardona
14942	pardonare
14943	pardos
14944	pardosi
14945	paremie
14946	parenchimatic
14947	paresimi
14948	paretisis
14949	paricopitat
14950	parie
14951	parigorie
14952	parigorisi
14953	parimiar
14954	parimie
14955	parip
14956	parisie
14957	parisilabic
14958	pariu
14959	parizian
14960	pariziancă
14961	parlagiu
14962	parlamentarism
14963	parmac
14964	parmaclâc
14965	parnas
14966	parnasian
14967	parodist
14968	parodistică
14969	parodonțiu
14970	paroli
14971	parolist
14972	paronim
14973	paroxism
14974	paroxiton
14975	parozol
14976	parpalac
14977	parpalec
14978	parpian
14979	partal
14980	partant
14981	partezan
14982	participial
14983	particularism
14984	particularistă
14985	particularnic
14986	partit
14987	partitiv
14988	partită
14989	partizan
14990	partizant
14991	parucic
14992	parvenit
14993	parvenitism
14994	parvenită
14995	parâmă
14996	parți
14997	parțialitate
14998	pasabil
14999	pasagiu
15000	paseist
15001	paseistă
15002	pasență
15003	pasere
15004	paseriformă
15005	pasians
15006	pasiență
15007	pasiona
15008	pasionant
15009	pasiune
15010	pasmant
15011	pasmantier
15012	paspoal
15013	pasport
15014	passacaglia
15015	pastelist
15016	pastet
15017	pasteuriza
15018	pastiș
15019	pastișa
15020	pastișare
15021	pastișat
15022	pastoi
15023	pastoral
15024	pastramagiu
15025	patacă
15026	patașcă
15027	patefon
15028	patemă
15029	patenta
15030	patentă
15031	patenă
15032	pater
15033	paternitate
15034	patetic
15035	patetism
15036	patimă
15037	patinor
15038	patografie
15039	patrafir
15040	patrahir
15041	patreot
15042	patriarcal
15043	patriarhalism
15044	patriarhalist
15045	patriarhalitate
15046	patriciană
15047	patrioată
15048	patriotic
15049	patriotism
15050	patriotă
15051	patroană
15052	patrona
15053	patronare
15054	patronesă
15055	patronim
15056	patrulateral
15057	patrusprezecelea
15058	patruzecilea
15059	patruzecime
15060	patruzecioptist
15061	patvagon
15062	paucă
15063	pauperitate
15064	pauperiza
15065	paupertate
15066	paus
15067	pava
15068	pavagiu
15069	pavea
15070	pavela
15071	pavelui
15072	paveluire
15073	paveluit
15074	pavoaz
15075	pavoaza
15076	pavăză
15077	pazarghidan
15078	pazarghidean
15079	pazarlâc
15080	pazarnic
15081	paznic
15082	paznică
15083	pazvan
15084	pazvangiu
15085	pazvantliu
15086	pazvantlâu
15087	paș
15088	pașalâc
15089	pașcă
15090	pașli
15091	pașoptism
15092	pașport
15093	paștet
15094	pașuș
15095	pașă
15096	pațient
15097	pațientă
15098	pațiență
15099	peantă
15100	peasnă
15101	pec
15102	pecar
15103	pecari
15104	pecetar
15105	pecete
15106	pecetie
15107	pecetlui
15108	peci
15109	pecie
15110	pecine
15111	pecingene
15112	pecingine
15113	pecină
15114	pedant
15115	pedanterie
15116	pedantic
15117	pedantism
15118	pedel
15119	pedepsi
15120	pedepsibil
15121	pedepsit
15122	pedepsitor
15123	pederast
15124	pedestal
15125	pedestraș
15126	pedestrime
15127	pedestrit
15128	pedestru
15129	pedicel
15130	pedicelat
15131	pedolog
15132	pegmatit
15133	pegmatită
15134	pehlivan
15135	pehlivănesc
15136	pehlivănie
15137	peisagiu
15138	pelagianism
15139	pelagiană
15140	pelagic
15141	pelagră
15142	pelargonie
15143	pelasgic
15144	pelegrin
15145	pelerinagiu
15146	pelerină
15147	pelet
15148	peletic
15149	peleșă
15150	pelin
15151	pelincă
15152	peliniță
15153	peliță
15154	pelta
15155	peltat
15156	peltic
15157	pembe
15158	peming
15159	pena
15160	penaj
15161	penalist
15162	penat
15163	pendant
15164	pendel
15165	pendeleu
15166	pendulare
15167	pendulă
15168	penel
15169	penetrare
15170	pening
15171	penișoară
15172	peniță
15173	pensioară
15174	pension
15175	pentagonal
15176	pentametru
15177	pentatonic
15178	pentavalent
15179	penultim
15180	penumbră
15181	peon
15182	pepenaș
15183	pepenea
15184	peplu
15185	peptonă
15186	percalină
15187	perceptor
15188	percepție
15189	percepțiune
15190	percheziționa
15191	perchiziție
15192	perciunat
15193	perciune
15194	percurs
15195	percutor
15196	perdaf
15197	perdea
15198	perdegiu
15199	perdelui
15200	perdeluță
15201	perdiție
15202	perdăfui
15203	peregrinagiu
15204	peregrinaj
15205	peregrinare
15206	peremptoriu
15207	perfectibilitate
15208	perfectiv
15209	perfecție
15210	perfid
15211	perfidie
15212	pergament
15213	pergamentos
15214	pergamut
15215	perghel
15216	periant
15217	pericarp
15218	pericios
15219	periciune
15220	periclitare
15221	pericul
15222	perieră
15223	perifan
15224	perifrastic
15225	perifrază
15226	periglaciar
15227	perigon
15228	perihelie
15229	periheliu
15230	perinda
15231	perindare
15232	periniță
15233	perinoc
15234	perinuță
15235	perină
15236	peripeție
15237	peripiscă
15238	periplizon
15239	perire
15240	perispomen
15241	perispomenon
15242	perispomenă
15243	peristil
15244	perișoară
15245	perjă
15246	permian
15247	permuta
15248	permutare
15249	pernicios
15250	perniță
15251	peron
15252	perorație
15253	perpeli
15254	perpetuitate
15255	perpetuu
15256	perplexitate
15257	persecuta
15258	persecuțiune
15259	persenesc
15260	persesc
15261	persienesc
15262	persifla
15263	persiflaj
15264	persiflant
15265	persiflare
15266	persiflator
15267	persinesc
15268	personagiu
15269	personalism
15270	personifica
15271	personificație
15272	personificațiune
15273	pertracta
15274	perturbație
15275	perturbațiune
15276	peruchier
15277	perucă
15278	peruzea
15279	pervaz
15280	perversitate
15281	perț
15282	pescar
15283	pescuină
15284	pescuire
15285	pescuitor
15286	pescărel
15287	pescări
15288	pescărie
15289	pescărit
15290	pesimism
15291	pesimist
15292	pesref
15293	pesteală
15294	pestelcă
15295	pestifer
15296	pestilent
15297	pestitor
15298	pestref
15299	pestricat
15300	pestricior
15301	pestriciune
15302	pestriț
15303	pestrui
15304	petaloid
15305	peteală
15306	petec
15307	peteci
15308	petecit
15309	petecuț
15310	petecă
15311	peteică
15312	petic
15313	petici
15314	petică
15315	petit
15316	petițiune
15317	petrecanie
15318	petrecător
15319	petrefact
15320	petrifica
15321	petrificat
15322	petrificație
15323	petrificațiune
15324	petrografic
15325	petulant
15326	pexie
15327	pezevenche
15328	pezevenchi
15329	pezevenchilâc
15330	pezevenclic
15331	pezevenclâc
15332	pezevenghi
15333	pezevenglic
15334	pezevenglâc
15335	pezeventlâc
15336	peș
15337	peșchegiu
15338	peșcheș
15339	peșchir
15340	peșchiraș
15341	peșchiș
15342	peșingiu
15343	peșteman
15344	peșterean
15345	peștiman
15346	peștișor
15347	peți
15348	pețitoare
15349	pețitor
15350	pețitoreasă
15351	pețitorie
15352	pețitorlâc
15353	pfund
15354	pian
15355	piano
15356	pianoforte
15357	piaptăn
15358	piastru
15359	piază
15360	picaresc
15361	picaro
15362	picher
15363	pichere
15364	picheroi
15365	pichet
15366	pichetaș
15367	pichire
15368	pichirisire
15369	picioică
15370	picioraș
15371	piciorog
15372	piciorong
15373	piclu
15374	picni
15375	picol
15376	picolo
15377	picot
15378	piculeț
15379	piculină
15380	picura
15381	picurar
15382	picătoare
15383	picător
15384	picățea
15385	picățel
15386	picățică
15387	pidosnic
15388	piecină
15389	piedecă
15390	piedestal
15391	piedicuță
15392	piedică
15393	pieire
15394	pielar
15395	pielcică
15396	pielicică
15397	pieliță
15398	pielm
15399	pielos
15400	piemn
15401	piemontan
15402	piemontez
15403	pieptar
15404	piepten
15405	pieptiș
15406	pieptos
15407	pieptăna
15408	pieptănar
15409	pieptănuș
15410	pieptănătură
15411	pierire
15412	pierit
15413	pieritor
15414	piersiciu
15415	pierzare
15416	pietate
15417	pietist
15418	pietos
15419	pietrar
15420	pietricică
15421	pietrificare
15422	pietrificat
15423	pietrificație
15424	pietroi
15425	pietros
15426	pietroșel
15427	pietrui
15428	pietrărie
15429	piez
15430	pieziș
15431	piftie
15432	piglui
15433	pigmenta
15434	piguli
15435	pihotaș
15436	pihotă
15437	pihă
15438	pil
15439	pilaci
15440	pilangiu
15441	pildui
15442	pilduire
15443	pili
15444	pilitură
15445	pilos
15446	pilug
15447	pimniță
15448	pinacee
15449	pinacotecă
15450	pinax
15451	pineal
15452	pinet
15453	pingea
15454	pingeli
15455	pingelui
15456	pingică
15457	pingăli
15458	pingălit
15459	pintece
15460	pinten
15461	pintenat
15462	pintenași
15463	pintenog
15464	pină
15465	pință
15466	pințăl
15467	pințăluș
15468	pioneză
15469	pios
15470	piotă
15471	pipat
15472	piperacee
15473	piperment
15474	pipernicit
15475	pipirig
15476	pipotă
15477	pipă
15478	pipăi
15479	pipăibil
15480	pipăire
15481	pipărat
15482	pipăruș
15483	pir
15484	pirandă
15485	pirateresc
15486	piraterie
15487	piraticesc
15488	piroclastic
15489	piroclastit
15490	pirograva
15491	pirogă
15492	pirometru
15493	piron
15494	pironi
15495	pironism
15496	piroscaf
15497	pirostie
15498	pirostrie
15499	piroteală
15500	pirotehnie
15501	pirotit
15502	piroxen
15503	piroșcă
15504	pirpiriu
15505	pisaltichie
15506	pisar
15507	pisc
15508	piscoaie
15509	piscuit
15510	piser
15511	pismă
15512	pismătareț
15513	pisoc
15514	pisolit
15515	pistolet
15516	pistolnic
15517	pistona
15518	pistornic
15519	pistoseală
15520	pistosi
15521	pistreală
15522	pistritură
15523	pistrui
15524	pistruiat
15525	pistră
15526	pisăgi
15527	pisălog
15528	pitac
15529	pitagoreică
15530	pitar
15531	pitarcă
15532	pitcoace
15533	pite
15534	pitecantrop
15535	piti
15536	pitie
15537	pitinet
15538	pititel
15539	pitoi
15540	pitoresc
15541	pitpalac
15542	pitpalacă
15543	pitpălăcoi
15544	pitroc
15545	pitula
15546	pitulici
15547	pituliș
15548	pită
15549	pitărie
15550	piuar
15551	piuit
15552	piuitor
15553	piuitură
15554	piuă
15555	pivnicer
15556	pivniță
15557	pivă
15558	pix
15559	pizmaș
15560	pizmașă
15561	pizmit
15562	pizmui
15563	pizmuire
15564	pizmuitor
15565	pizmă
15566	pizmătar
15567	pizmătareț
15568	pizmătariț
15569	pizmătarnic
15570	pizmătăreț
15571	pizzicato
15572	pișa
15573	pișca
15574	pișcar
15575	pișcăcios
15576	pișcătură
15577	pișicher
15578	pișicherlâc
15579	pișpirică
15580	piștă
15581	pițiană
15582	pițiga
15583	pițigoaie
15584	pițigoi
15585	pițiguș
15586	pițigăi
15587	pițigăia
15588	pițigăit
15589	pițulă
15590	piță
15591	pițărău
15592	placarda
15593	placer
15594	plachie
15595	placid
15596	plafond
15597	plagal
15598	plagiatură
15599	plagioclaz
15600	plai
15601	plainic
15602	plaivaz
15603	planar
15604	plancă
15605	planiglob
15606	planimetric
15607	planimetru
15608	planisi
15609	planisit
15610	plantagiu
15611	plantaj
15612	plantatoare
15613	plantică
15614	plantigrad
15615	plantivor
15616	planton
15617	planturos
15618	planșetă
15619	plapomă
15620	plapumă
15621	plapâmă
15622	plapămă
15623	plasmodiu
15624	plasticiza
15625	plastidă
15626	plastie
15627	plastifia
15628	plastifiant
15629	plastograf
15630	plastografia
15631	plastografie
15632	plastron
15633	plastă
15634	platan
15635	platcă
15636	platina
15637	platitudine
15638	platonic
15639	platoniciană
15640	platonism
15641	platoșă
15642	plaur
15643	plav
15644	plavie
15645	plaz
15646	plașcă
15647	plean
15648	pleată
15649	pleavă
15650	pleașcă
15651	pleașă
15652	plebe
15653	plebeian
15654	plebeu
15655	plebiscit
15656	plectru
15657	plecăciune
15658	plecător
15659	pled
15660	pleda
15661	plenipotent
15662	plenipotențiar
15663	plenipotență
15664	plenui
15665	pleoapă
15666	pleoscă
15667	pleoști
15668	plescăit
15669	plesnaie
15670	plesnet
15671	plesni
15672	plesnitoare
15673	plesnitor
15674	plesnitură
15675	pleter
15676	pletitură
15677	pletoră
15678	pletos
15679	pleu
15680	pleuar
15681	plev
15682	plevaiță
15683	pleviță
15684	plevușcă
15685	plezni
15686	pleznitoare
15687	pleș
15688	pleșcă
15689	pleșuv
15690	pleșuvie
15691	pleșuvit
15692	plicticos
15693	plictiseală
15694	plictisit
15695	plie
15696	plimbare
15697	plimbăreț
15698	plinire
15699	plinit
15700	plioapă
15701	pliroforie
15702	pliroforisi
15703	plisa
15704	plisc
15705	pliseu
15706	pliurd
15707	plivi
15708	ploașcă
15709	plocad
15710	plocat
15711	plocon
15712	ploconire
15713	plod
15714	plodit
15715	ploicică
15716	ploier
15717	ploiește
15718	ploieșteancă
15719	plointe
15720	ploiță
15721	plonjor
15722	plop
15723	plopan
15724	plopar
15725	plopiș
15726	plopșor
15727	ploscar
15728	ploscă
15729	ploton
15730	plotonier
15731	plouat
15732	ploșniță
15733	plug
15734	plugar
15735	plugușor
15736	plugărie
15737	plugărit
15738	plumbiu
15739	plumbui
15740	plumburiu
15741	pluricelular
15742	plurivalent
15743	plutaș
15744	plutind
15745	plutonier
15746	plutui
15747	plută
15748	plutărit
15749	pluviometru
15750	plușa
15751	plușat
15752	plângeros
15753	plângăreț
15754	plângător
15755	plânset
15756	plânsoare
15757	plăcintar
15758	plăcintărie
15759	plăieș
15760	plămână
15761	plămânăriță
15762	plămădi
15763	plăntică
15764	plănui
15765	plăpumar
15766	plăpând
15767	plăsmui
15768	plăsmuire
15769	plăsmuitor
15770	plătire
15771	plăvai
15772	plăviu
15773	plăviț
15774	plăzmui
15775	plăzmuit
15776	poală
15777	poamă
15778	poanson
15779	poansona
15780	poarcă
15781	poară
15782	poblic
15783	pocaianie
15784	pocal
15785	pocanie
15786	pocaz
15787	poceală
15788	pocher
15789	pochi
15790	pochiaz
15791	pochiheci
15792	poci
15793	pocinog
15794	pocire
15795	pocita
15796	pocitanie
15797	pocitoc
15798	pocitură
15799	pociumb
15800	pociump
15801	pocladă
15802	poclet
15803	poclit
15804	poclon
15805	poclui
15806	pocnet
15807	pocni
15808	pocnitură
15809	pocoi
15810	pocoli
15811	pocriș
15812	pocroavă
15813	pocrovăț
15814	pocâltire
15815	pocâltit
15816	pocânzeu
15817	pocăire
15818	pocăit
15819	pocăită
15820	pocăni
15821	podagrie
15822	podagră
15823	podan
15824	podar
15825	podbeală
15826	podeală
15827	poderei
15828	podeț
15829	podghiaz
15830	podgorean
15831	podhorniță
15832	podiaz
15833	podidi
15834	podină
15835	podit
15836	podiu
15837	podiș
15838	podișcă
15839	podmol
15840	podnojie
15841	podnojă
15842	podoabă
15843	podobi
15844	podobit
15845	podoimă
15846	podometru
15847	podorojnă
15848	podpiscă
15849	podușc
15850	podușcă
15851	poduț
15852	podvadă
15853	podval
15854	podvoadă
15855	podzol
15856	podzolic
15857	podăriță
15858	poematic
15859	poemă
15860	poetastru
15861	poeticale
15862	poeticesc
15863	poetică
15864	poetiza
15865	poetizare
15866	poezioară
15867	pofală
15868	pofidă
15869	poftalnic
15870	pofti
15871	poftire
15872	poftitor
15873	poftori
15874	poftorire
15875	poftorit
15876	pogace
15877	pogan
15878	poghiaz
15879	poghibală
15880	poghiz
15881	pogon
15882	pogonărit
15883	pogorâre
15884	pogorâș
15885	pogrebanie
15886	pogribanie
15887	pohfală
15888	pohoară
15889	pohod
15890	pohodnic
15891	pohoi
15892	pohti
15893	pohtire
15894	pohtit
15895	pohtă
15896	poiană
15897	poiată
15898	poienar
15899	poieniță
15900	pojar
15901	pojarnic
15902	pojarniță
15903	pojghiță
15904	pojijie
15905	pojărnicie
15906	polarizant
15907	polarizator
15908	polarizație
15909	polarizor
15910	polată
15911	polc
15912	polcovnic
15913	polcovnicesc
15914	polcovnicie
15915	polcuță
15916	polcă
15917	poleac
15918	polecesc
15919	poleială
15920	poleit
15921	poleitură
15922	polemarh
15923	polemică
15924	polemist
15925	poleniza
15926	poliamidic
15927	policandru
15928	policar
15929	policioară
15930	policră
15931	poliedric
15932	poliedru
15933	polieleu
15934	poliglot
15935	poligni
15936	poligonacee
15937	polimeriza
15938	polimetalic
15939	polinezian
15940	polineziană
15941	polinic
15942	polinie
15943	polinuclear
15944	polisilabic
15945	polisintetic
15946	politefsit
15947	politeist
15948	politețe
15949	politeță
15950	politicare
15951	politicesc
15952	politicianism
15953	politicianistă
15954	politicit
15955	poliza
15956	polițai
15957	polițmaistru
15958	poliță
15959	polje
15960	poloboc
15961	polochim
15962	polog
15963	polologhie
15964	polonizat
15965	poltron
15966	poltronerie
15967	polunoșniță
15968	pomadă
15969	pomanagiu
15970	pomană
15971	pomeană
15972	pomeneală
15973	pomenic
15974	pomet
15975	pomete
15976	pomicultor
15977	pomini
15978	pominoc
15979	pomină
15980	pomiță
15981	pomneată
15982	pomniță
15983	pomoci
15984	pomojnic
15985	pomologie
15986	pomosti
15987	pompeian
15988	pompon
15989	pompos
15990	pomușoară
15991	pomădat
15992	pomădui
15993	pomărie
15994	pomărit
15995	pomăt
15996	pomăzui
15997	ponc
15998	ponci
15999	ponciș
16000	pondera
16001	ponderabil
16002	ponderator
16003	ponderos
16004	ponegreală
16005	ponegri
16006	ponegrire
16007	ponegru
16008	ponevos
16009	poni
16010	ponor
16011	ponos
16012	ponosi
16013	ponoslaș
16014	ponoslu
16015	ponoslui
16016	ponosluire
16017	ponosluitoare
16018	ponosluitor
16019	pontator
16020	pontaș
16021	pontefice
16022	pontifice
16023	ponton
16024	pontonier
16025	pontă
16026	ponțian
16027	popenchi
16028	popesc
16029	popi
16030	popic
16031	popici
16032	popică
16033	popicărie
16034	popie
16035	popilnic
16036	popol
16037	poponel
16038	poponeț
16039	poporal
16040	poporan
16041	poporanism
16042	poporanist
16043	poporație
16044	poporațiune
16045	poporean
16046	poporime
16047	poporos
16048	poporoșag
16049	poposire
16050	popotă
16051	poprea
16052	popreală
16053	popri
16054	poprit
16055	popritor
16056	poptă
16057	popul
16058	popularizator
16059	populațiune
16060	populos
16061	popușoi
16062	popuștină
16063	popândău
16064	porav
16065	porcan
16066	porcar
16067	porcean
16068	porcelan
16069	porculete
16070	porecli
16071	poreclă
16072	porfir
16073	porfiric
16074	porfiriu
16075	porfiră
16076	poriclă
16077	poriglă
16078	porneală
16079	pornitură
16080	pornocrație
16081	pornograf
16082	porocli
16083	poroinic
16084	poronceală
16085	poronci
16086	poroncit
16087	poroncitor
16088	poroncă
16089	port-drapel
16090	portabac
16091	portic
16092	portice
16093	portier
16094	portiță
16095	portreta
16096	portretar
16097	portretistic
16098	portulacă
16099	portărel
16100	portțigaret
16101	porucic
16102	porumbac
16103	porumbaș
16104	porumbea
16105	porumbești
16106	porumbică
16107	porumbiște
16108	porumbiță
16109	porumbrel
16110	porumbă
16111	porumbărie
16112	porunceală
16113	poruncire
16114	poruncitor
16115	poruncită
16116	poruncă
16117	porusnic
16118	porușnic
16119	porșor
16120	posac
16121	posadă
16122	posesiune
16123	posesoraș
16124	posesoriu
16125	poseur
16126	poslanie
16127	poslujnic
16128	poslușanie
16129	poslușnic
16130	posmag
16131	posmol
16132	posnă
16133	posomant
16134	posomoreală
16135	posomori
16136	posomorit
16137	posomorâre
16138	posomorî
16139	pospai
16140	pospăi
16141	pospăială
16142	pospăit
16143	postament
16144	postav
16145	postaș
16146	postdata
16147	postelnic
16148	postelnicel
16149	postelnicie
16150	postilion
16151	postoroncă
16152	postpune
16153	postpus
16154	postscriptum
16155	postsincroniza
16156	postulant
16157	postulare
16158	postulat
16159	postverbal
16160	postă
16161	postăvărie
16162	postăți
16163	posăcie
16164	posădi
16165	posăit
16166	potaie
16167	potasic
16168	potasă
16169	potaș
16170	potcap
16171	potcapiu
16172	potcoavă
16173	potcovar
16174	potcovit
16175	potcovărie
16176	potcă
16177	potecaș
16178	potecuță
16179	potecă
16180	potențare
16181	poteri
16182	poteră
16183	potghiaz
16184	poticală
16185	poticar
16186	potici
16187	poticneală
16188	poticni
16189	poticnire
16190	potică
16191	poticăli
16192	poticălit
16193	potilat
16194	potir
16195	potiraș
16196	potiră
16197	potișă
16198	potlog
16199	potlogar
16200	potlogăresc
16201	potlogări
16202	potlogărie
16203	potmolit
16204	potol
16205	potoli
16206	potolire
16207	potop
16208	potopi
16209	potou
16210	potricală
16211	potricălire
16212	potricălit
16213	potriveală
16214	potrivnic
16215	potrivnicie
16216	potrivă
16217	potroacă
16218	potroc
16219	potrocuță
16220	potronic
16221	poturei
16222	poturi
16223	potâng
16224	potârniche
16225	povarnă
16226	povață
16227	povescă
16228	povestaș
16229	povestire
16230	povestitor
16231	povidlă
16232	povoară
16233	povod
16234	povodnic
16235	povoi
16236	povolnic
16237	povârni
16238	povârniș
16239	povăros
16240	povăț
16241	povățui
16242	povățuială
16243	povățuire
16244	povățuitoare
16245	povățuitor
16246	pozar
16247	pozderie
16248	pozitivist
16249	pozitron
16250	pozițiune
16251	poznaș
16252	poznit
16253	poznă
16254	pozunar
16255	pozvol
16256	pozvolenie
16257	pozvolit
16258	poș
16259	poșidic
16260	poșircă
16261	poșmol
16262	poștalion
16263	poștar
16264	poștie
16265	practicism
16266	practisi
16267	praftură
16268	pralină
16269	pramatie
16270	pranic
16271	prapor
16272	praporcic
16273	praporgic
16274	prapur
16275	prasnic
16276	prav
16277	pravilnic
16278	pravilnicesc
16279	pravilă
16280	pravoslavie
16281	pravoslavnic
16282	pravoslavnicie
16283	pravoslavnică
16284	praxapostol
16285	praxă
16286	praznic
16287	prașcău
16288	prașilă
16289	praștie
16290	preabun
16291	preacinstit
16292	preacovârși
16293	preacurvie
16294	preadulce
16295	preafrumos
16296	preaiubit
16297	prealuminat
16298	prealăuda
16299	prealăudat
16300	preamare
16301	preambala
16302	preamilostiv
16303	preamări
16304	preaplecat
16305	preaputernic
16306	preaputernicie
16307	prearădica
16308	preasfânt
16309	preaslăvi
16310	preaslăvire
16311	preastrălucit
16312	preaînalt
16313	preaînvățat
16314	preaînălța
16315	preaînălțat
16316	preaînțelept
16317	preaînțălept
16318	precambrian
16319	precauțiune
16320	precenă
16321	preceptor
16322	preceptă
16323	preces
16324	precipitat
16325	precipițiu
16326	preciziune
16327	preclasic
16328	preconceput
16329	precovârși
16330	precreștin
16331	precugeta
16332	precugetare
16333	precugetat
16334	precumpăni
16335	precumpănire
16336	precumpănitor
16337	precupeață
16338	precupeț
16339	precupeție
16340	precupețire
16341	precupi
16342	precupire
16343	precurma
16344	precurmare
16345	precurmat
16346	precurmător
16347	precuvânta
16348	precuvântare
16349	predelojenie
16350	predestina
16351	predestinație
16352	predetermina
16353	predicație
16354	predilect
16355	predilecție
16356	predilecțiune
16357	predlojenie
16358	predmet
16359	predominare
16360	predominațiune
16361	predomnire
16362	predomnitor
16363	predoslovie
16364	preducea
16365	preduci
16366	preeminență
16367	prefabrica
16368	prefacere
16369	prefața
16370	prefațiune
16371	prefață
16372	preferans
16373	preferanț
16374	preferanță
16375	preferare
16376	preferență
16377	preferit
16378	prefira
16379	prefixa
16380	prefixație
16381	prefixoid
16382	prefont
16383	preformație
16384	preformațiune
16385	prefăcut
16386	prefăcătorie
16387	preget
16388	pregetare
16389	pregusta
16390	pregustat
16391	prehensil
16392	prejmet
16393	prejudeca
16394	prejudecare
16395	prejudecat
16396	prejudeț
16397	prejudiciabil
16398	prejudițiabil
16399	prejudițiu
16400	prelat
16401	prelatin
16402	prelecție
16403	prelecțiune
16404	prelimina
16405	preliminariu
16406	prelins
16407	prelucă
16408	premblare
16409	premedita
16410	premeditație
16411	premeditațiune
16412	premeneală
16413	premeni
16414	premenire
16415	premenit
16416	premis
16417	premite
16418	prende
16419	prens
16420	prenumerație
16421	prenumit
16422	prenumăra
16423	prenumărat
16424	preocupație
16425	preocupațiune
16426	preoperatoriu
16427	preopinent
16428	preoteasă
16429	preoțesc
16430	preoțime
16431	preoțit
16432	prepalatal
16433	preparandial
16434	preparandie
16435	preparandist
16436	preparandă
16437	preparative
16438	preparație
16439	prepeleac
16440	prepelicar
16441	preponderant
16442	preponderanță
16443	prepozițional
16444	prepuielnic
16445	prepune
16446	prepunere
16447	prepus
16448	prepăt
16449	prerogativă
16450	preroman
16451	preromantică
16452	preromantism
16453	prerumpe
16454	prerupe
16455	preschimba
16456	prescript
16457	prescure
16458	prescurea
16459	prescură
16460	preselecta
16461	presentiment
16462	presimți
16463	presimțire
16464	presimțământ
16465	preslăvi
16466	prestabili
16467	prestidigitator
16468	prestidigitație
16469	prestidigitațiune
16470	prestol
16471	presupoziție
16472	presupunere
16473	presur
16474	presura
16475	presurat
16476	presuriza
16477	presură
16478	presustvie
16479	presădi
16480	pretcă
16481	pretendent
16482	pretenderisi
16483	pretenție
16484	pretențios
16485	pretențiune
16486	pretexta
16487	pretextare
16488	preti
16489	pretimpuriu
16490	pretit
16491	pretor
16492	pretoriu
16493	preumbla
16494	preumblare
16495	preursi
16496	preursit
16497	preuteasă
16498	preuție
16499	preval
16500	prevaricator
16501	preveniență
16502	prevenitor
16503	prevențiune
16504	prevesti
16505	prevestire
16506	prevestitor
16507	previre
16508	previt
16509	prevăzător
16510	prezbit
16511	prezervat
16512	prezeș
16513	prezida
16514	prezident
16515	prezidentă
16516	prezidenție
16517	preziuă
16518	prezumpt
16519	prezumpție
16520	prezumpțiune
16521	prezumțios
16522	prezumțiune
16523	prezusfie
16524	preîmbla
16525	preîmblare
16526	preînnoi
16527	preînnoire
16528	președințial
16529	prești
16530	preștiință
16531	preștiut
16532	preșă
16533	prețui
16534	prețuitor
16535	prețălui
16536	prețăluire
16537	prețăluit
16538	prețăluitor
16539	prian
16540	priap
16541	priapic
16542	pribag
16543	pribeag
16544	pribegie
16545	pribegire
16546	pribegit
16547	priboi
16548	pribolit
16549	pric
16550	pricaz
16551	priceasnă
16552	pricenă
16553	pricepere
16554	pricepător
16555	prichici
16556	prici
16557	pricinaș
16558	pricinui
16559	pricinuire
16560	pricinuitor
16561	pricină
16562	pricire
16563	priclet
16564	pricolici
16565	pricopseală
16566	pricăjit
16567	prididi
16568	pridvor
16569	pridădi
16570	prier
16571	prietenesc
16572	prieteșug
16573	prietin
16574	prietinesc
16575	prietinie
16576	prietină
16577	prietnicie
16578	prifont
16579	prigoare
16580	prigoni
16581	prigonire
16582	prigonitor
16583	prihană
16584	prihodiște
16585	prihăni
16586	prihănie
16587	prihănit
16588	priiaten
16589	priiatin
16590	priicios
16591	priincios
16592	priință
16593	priitor
16594	priivi
16595	prijini
16596	prijuni
16597	prileji
16598	prilejire
16599	prilejit
16600	prilesti
16601	prilestit
16602	primadonă
16603	primbla
16604	primblare
16605	primblat
16606	primblă
16607	primejdie
16608	primejdios
16609	primejdui
16610	primejduire
16611	primejduitor
16612	primeneală
16613	primeni
16614	primineală
16615	primire
16616	primitivitate
16617	primitivă
16618	primo
16619	primogenitură
16620	primordie
16621	primordiu
16622	primulacee
16623	primulă
16624	primăriu
16625	primăvăratec
16626	primăvăratic
16627	primăvărel
16628	primăvăros
16629	princesă
16630	princiar
16631	principat
16632	principe
16633	principesă
16634	principial
16635	prinos
16636	prinsoare
16637	prinzătoare
16638	prințip
16639	pripas
16640	pripeală
16641	pripec
16642	pripi
16643	pripire
16644	pripitor
16645	pripon
16646	priponi
16647	pripor
16648	pripă
16649	pripășar
16650	pripăși
16651	prisacă
16652	priscornic
16653	prislop
16654	prislugă
16655	prisnă
16656	prisos
16657	prisoselnic
16658	prisosință
16659	prisosire
16660	prisosit
16661	prisositor
16662	prisost
16663	prispă
16664	pristanda
16665	pristav
16666	pristol
16667	pristolnic
16668	pristornic
16669	pristos
16670	pristăvire
16671	pristăvit
16672	prisăcar
16673	prisăcărit
16674	pritoc
16675	pritoci
16676	privală
16677	privaz
16678	priveală
16679	priveghea
16680	privegher
16681	priveghere
16682	priveghetoare
16683	priveghetor
16684	priveghi
16685	priveghie
16686	priveliște
16687	privighea
16688	privighere
16689	privighetoare
16690	privighetor
16691	privighitoare
16692	privighitor
16693	privilegiată
16694	privătar
16695	prizare
16696	prizărit
16697	prișcală
16698	prișcăli
16699	proașcă
16700	probar
16701	probelă
16702	probi
16703	probitate
16704	problematiza
16705	proboluire
16706	proboschidă
16707	proboscidă
16708	probozeală
16709	probozi
16710	probozire
16711	probozit
16712	proboștidă
16713	probrăzare
16714	probrăzeală
16715	probrăzi
16716	probălui
16717	probăluire
16718	procator
16719	procatăr
16720	procedare
16721	procedere
16722	procesie
16723	procest
16724	procetire
16725	prochimen
16726	procitanie
16727	prociteală
16728	prociti
16729	procitire
16730	proclama
16731	proclamație
16732	proclamațiune
16733	procleat
16734	proclet
16735	procliat
16736	proclit
16737	proclitic
16738	procopie
16739	procopseală
16740	procopsit
16741	procor
16742	procov
16743	procurator
16744	procurist
16745	procuroră
16746	prodiga
16747	prodigalitate
16748	prodigios
16749	producțiune
16750	produf
16751	produh
16752	proeres
16753	proeresis
16754	proest
16755	proestos
16756	profan
16757	profanare
16758	profanat
16759	profanatoare
16760	profanație
16761	profanațiune
16762	profera
16763	profesiune
16764	profesorat
16765	profesoraș
16766	profesui
16767	profesură
16768	profetism
16769	profila
16770	profir
16771	profiriu
16772	profond
16773	profont
16774	proforisi
16775	proforisire
16776	proforisit
16777	proftaxi
16778	profum
16779	profunditate
16780	profuzie
16781	profuziune
16782	progadie
16783	progenitură
16784	proglet
16785	prognoza
16786	progresiune
16787	prohab
16788	prohibitoriu
16789	prohibițiune
16790	prohimen
16791	prohod
16792	prohodi
16793	prohodire
16794	prohorisire
16795	proimion
16796	proistos
16797	prolegomena
16798	prolepsă
16799	proletar
16800	proletariat
16801	proletariza
16802	proletarizare
16803	prolix
16804	prolixitate
16805	promiscuitate
16806	promitere
16807	promitirui
16808	promontoriu
16809	promoroacă
16810	pronie
16811	pronomie
16812	pronomion
16813	pronumit
16814	pronunțiație
16815	proor
16816	prooroc
16817	proorocesc
16818	prooroci
16819	proorocie
16820	proorocire
16821	proorocit
16822	propagandistă
16823	propagant
16824	propagator
16825	propea
16826	propergol
16827	propilee
16828	proponiment
16829	proporționa
16830	proporțiune
16831	propovedui
16832	propoveduit
16833	propovădui
16834	propozit
16835	propozițiune
16836	proprietăreasă
16837	propteală
16838	propti
16839	proptiș
16840	proptă
16841	propulsiune
16842	propăvăduit
16843	propășire
16844	propășit
16845	proroc
16846	prorocie
16847	prorocire
16848	prorocit
16849	prorocitor
16850	prorociță
16851	proră
16852	proscalisi
16853	proscalisit
16854	prosceniu
16855	proscrie
16856	proscriere
16857	proscripție
16858	proscripțiune
16859	proscrisă
16860	prosfora
16861	prosforă
16862	proslavă
16863	proslăvi
16864	proslăvire
16865	prosodie
16866	prospecta
16867	prosperare
16868	prospătură
16869	prostan
16870	prostatec
16871	prosternare
16872	prosternat
16873	prosternație
16874	prostime
16875	prostit
16876	prostituare
16877	prostituire
16878	prostituit
16879	prostișor
16880	prostrație
16881	prostuț
16882	prostălău
16883	prostănac
16884	protal
16885	protav
16886	protecta
16887	protectare
16888	protectat
16889	protectrice
16890	protecționist
16891	protecțiune
16892	protegui
16893	proteguire
16894	proteguit
16895	proteguitor
16896	proteguitoriu
16897	proteidă
16898	protestantism
16899	protestare
16900	protestație
16901	protestațiune
16902	protestăciune
16903	protetic
16904	proteu
16905	protidă
16906	protie
16907	protimisis
16908	protipenda
16909	protipendadă
16910	protipendar
16911	protipendară
16912	protipendat
16913	protipendată
16914	protipendist
16915	protipendistă
16916	protivnic
16917	protivnică
16918	protivă
16919	protocoli
16920	protoplasmatic
16921	protoplasmic
16922	protopopeasă
16923	protopopoaie
16924	protopresbiter
16925	protopresbiteră
16926	protoprezbiter
16927	protoprezbiteră
16928	protoprezviter
16929	protopărinte
16930	protoromână
16931	protuberant
16932	provalisi
16933	provalisit
16934	provedea
16935	provenință
16936	provensală
16937	provezion
16938	provi
16939	proviant
16940	providență
16941	provideț
16942	provincial
16943	provincialism
16944	provințial
16945	provinție
16946	provizie
16947	proviziune
16948	provizor
16949	provocant
16950	provocație
16951	provocațiune
16952	provocător
16953	provoșchidă
16954	provă
16955	provăzut
16956	prozaic
16957	prozaism
16958	prozaist
16959	prozelit
16960	prozodic
16961	prozodie
16962	prozornică
16963	proșcă
16964	proțap
16965	proțes
16966	proțăpi
16967	pruba
16968	prubă
16969	pruderie
16970	pruhist
16971	prujă
16972	prumuta
16973	prunc
16974	pruncesc
16975	pruncie
16976	pruncușor
16977	pruncuț
16978	pruncă
16979	prund
16980	prundar
16981	prundaș
16982	prundiș
16983	prundui
16984	prunduleț
16985	prundurel
16986	prunduț
16987	prundăraș
16988	prunelă
16989	prus
16990	prusesc
16991	prusian
16992	prusianesc
16993	prusienesc
16994	prusăcesc
16995	pruă
16996	prânzare
16997	prânzit
16998	prânzitor
16999	prânzișor
17000	prâslea
17001	prâsnel
17002	prăbușeală
17003	prăbuși
17004	prăbăli
17005	prăbăluire
17006	prăbălău
17007	prăclit
17008	prădalnic
17009	prădare
17010	prădat
17011	prădăciune
17012	prădălău
17013	prăfos
17014	prăfui
17015	prăfuială
17016	prăfuleț
17017	prăfuriu
17018	prăfărie
17019	prăjină
17020	prăjitoare
17021	prănicuț
17022	prăpastie
17023	prăpădenie
17024	prăpădi
17025	prăpădire
17026	prăpăstios
17027	prăpăstui
17028	prăpăstuit
17029	prăsi
17030	prăsilă
17031	prăsitor
17032	prăsădi
17033	prăval
17034	prăvi
17035	prăvire
17036	prăvit
17037	prăvăli
17038	prăvăliaș
17039	prăvălie
17040	prăvălioară
17041	prăvălire
17042	prăvăliș
17043	prăznici
17044	prăznui
17045	prăzuliu
17046	prăși
17047	prășire
17048	prășitor
17049	prăștiaș
17050	prăștină
17051	psalm
17052	psalmodie
17053	psalom
17054	psaltichie
17055	psaltire
17056	pseudobulb
17057	pseudopod
17058	pseudoprefix
17059	psevdonim
17060	psicologic
17061	psicologie
17062	psihoanaliză
17063	psihofizic
17064	psihofiziologic
17065	psihofiziologie
17066	psihologism
17067	psihologistă
17068	pteridofită
17069	puber
17070	puberal
17071	publicațiune
17072	puchi
17073	puchinos
17074	puchină
17075	puchios
17076	pucios
17077	pudic
17078	pudicitate
17079	pudla
17080	pudoare
17081	pudrat
17082	pudrieră
17083	pudrui
17084	pudruit
17085	pueril
17086	puerilitate
17087	puerperal
17088	puf
17089	pufai
17090	pufnet
17091	pufnire
17092	pufuleț
17093	pufușor
17094	pufăi
17095	pughilareș
17096	pugilat
17097	pugilism
17098	pugilistic
17099	puhab
17100	puhace
17101	puhav
17102	puhoi
17103	puhăi
17104	puiandru
17105	puiculiță
17106	puicuță
17107	puică
17108	puiete
17109	puieț
17110	puios
17111	puiuț
17112	puișor
17113	puișori
17114	puiț
17115	puiți
17116	pulberărie
17117	pulovăr
17118	pulpană
17119	pulpar
17120	pulsator
17121	pult
17122	pulverulent
17123	pumnal
17124	pumnar
17125	pumni
17126	punci
17127	punctuare
17128	punctuațiune
17129	pund
17130	pungaci
17131	pungaș
17132	punge
17133	pungui
17134	punguliță
17135	pungăli
17136	pungălău
17137	pungășeală
17138	pungăși
17139	pungășie
17140	punt
17141	puntiță
17142	punș
17143	pupezea
17144	pupezică
17145	pupezoi
17146	pupilă
17147	pupui
17148	pupătură
17149	pupăzoi
17150	pupăză
17151	purcar
17152	purcea
17153	purcedere
17154	purcedire
17155	purcel
17156	purcelaș
17157	purceluș
17158	purces
17159	purcică
17160	purcăraș
17161	purec
17162	pureca
17163	purece
17164	purga
17165	purgat
17166	purgator
17167	purgație
17168	purgațiune
17169	purica
17170	purice
17171	purism
17172	puritan
17173	puritanism
17174	puriu
17175	purpur
17176	purpurat
17177	purpură
17178	purtăreț
17179	purulență
17180	puslușnic
17181	pusnic
17182	pusnicire
17183	pusnicit
17184	pustiesc
17185	pustietate
17186	pustii
17187	pustiire
17188	pustiitate
17189	pustiitor
17190	pustin
17191	pustiniu
17192	pustnic
17193	pustnicesc
17194	pustnicie
17195	pustnicire
17196	pustnicit
17197	pustnică
17198	pustulă
17199	pustân
17200	pustâniu
17201	pustă
17202	pusăciune
17203	putencios
17204	puterință
17205	puternicie
17206	putincios
17207	putinei
17208	putină
17209	putoare
17210	putred
17211	putregai
17212	putregiune
17213	putregăios
17214	putregăit
17215	putrejune
17216	putrescibil
17217	putreziciune
17218	putrezime
17219	putrezit
17220	putreziune
17221	putrid
17222	putrigai
17223	putrăjune
17224	puturos
17225	puzderie
17226	puș
17227	pușcare
17228	pușcat
17229	pușche
17230	pușchi
17231	pușchiu
17232	pușcoaie
17233	pușcoci
17234	pușcuță
17235	pușcă
17236	pușcăli
17237	pușcări
17238	pușcărire
17239	pușcărit
17240	pușcătură
17241	pușlama
17242	pușlamalâc
17243	pușleac
17244	puștea
17245	puț
17246	puțcă
17247	puținel
17248	puțintel
17249	puținteluș
17250	puținul
17251	puțoi
17252	puțân
17253	pâcioasă
17254	pâcios
17255	pâclișit
17256	pâclă
17257	pâcă
17258	pâinișoară
17259	pâlc
17260	pâlnie
17261	pâlpâire
17262	pâlpâit
17263	pâlpâitor
17264	pândaci
17265	pândar
17266	pândaș
17267	pândi
17268	pânditor
17269	pândă
17270	pâne
17271	pângări
17272	pângărire
17273	pângăritor
17274	pântec
17275	pântece
17276	pântecel
17277	pântecos
17278	pântecăraie
17279	pânzar
17280	pânzet
17281	pânzetură
17282	pânzi
17283	pânzărie
17284	pânzătură
17285	pâpor
17286	pâr
17287	pârci
17288	pârcălab
17289	pârdalnic
17290	pârgar
17291	pârguit
17292	pârgă
17293	pârgălaș
17294	pârjol
17295	pârjoli
17296	pârlaz
17297	pârleală
17298	pârleaz
17299	pârli
17300	pârlitură
17301	pârloagă
17302	pârpălac
17303	pârpăli
17304	pârpăriță
17305	pârte
17306	pârâiaș
17307	pârâit
17308	pârâitor
17309	pârâitură
17310	pârâtor
17311	pârâtură
17312	pârâu
17313	pârâș
17314	pârî
17315	pâră
17316	pârăiaș
17317	pârău
17318	pârăuaș
17319	pârș
17320	pârțag
17321	pâslar
17322	pâslit
17323	pâslă
17324	pâș
17325	păcală
17326	păcuină
17327	păcurar
17328	păcuriu
17329	păcură
17330	păcurăraș
17331	păcurăresc
17332	păcurări
17333	păcurărie
17334	păcurăriță
17335	păcurăroi
17336	păcălire
17337	păcălitor
17338	păcălitură
17339	păcănit
17340	păcăt
17341	păcătos
17342	păcătoșie
17343	păcătuire
17344	păduche
17345	păduchios
17346	pădurar
17347	păduratic
17348	pădureancă
17349	pădureț
17350	pădurice
17351	păduriță
17352	păduros
17353	pădurărie
17354	pădurărit
17355	păfuga
17356	păgubaș
17357	păgubașă
17358	păgubire
17359	păgubit
17360	păgubitor
17361	păgân
17362	păgânesc
17363	păgânătate
17364	păhar
17365	păharnic
17366	păhui
17367	păhărel
17368	păhărnicire
17369	păhăruț
17370	păiajen
17371	păianjene
17372	păienjenit
17373	păienjeniș
17374	păinjeniș
17375	păinjiniș
17376	păioară
17377	păioasă
17378	păire
17379	păit
17380	păiș
17381	pălan
17382	pălant
17383	păli
17384	pălie
17385	pălimar
17386	pălincuță
17387	pălincă
17388	pălmaș
17389	pălmi
17390	pălmui
17391	pălmuire
17392	pălmuță
17393	păltinel
17394	păltior
17395	pălută
17396	pălălaie
17397	pălămar
17398	pălămidă
17399	pălărioară
17400	pălăriuță
17401	pălăvatic
17402	pălăvrăgit
17403	pălăzol
17404	pământean
17405	pământeancă
17406	pământenesc
17407	pământesc
17408	pământiu
17409	pământos
17410	pămătuf
17411	pănat
17412	pănură
17413	pănușie
17414	pănușă
17415	păpară
17416	păpistășesc
17417	păpistășie
17418	păpuc
17419	păpucar
17420	păpuriș
17421	păpușerie
17422	păpușică
17423	păpușit
17424	păpușoaie
17425	păpușoi
17426	păpușă
17427	păpălău
17428	păpăruză
17429	păragină
17430	părangină
17431	părcălab
17432	păreche
17433	părechea
17434	păresimi
17435	părete
17436	părinc
17437	părintesc
17438	părizol
17439	părtaș
17440	părtașă
17441	părticea
17442	părticică
17443	părtinire
17444	părtinitor
17445	părui
17446	păruială
17447	păruit
17448	părânzor
17449	pără
17450	părăduit
17451	părăginire
17452	părăginit
17453	părăluță
17454	părăsire
17455	părăsitură
17456	părău
17457	părăzol
17458	părăzor
17459	păs
17460	păscut
17461	păscălie
17462	păscălitoare
17463	păscălitor
17464	păscălău
17465	păscărie
17466	păscătoare
17467	păserică
17468	păstaie
17469	păstor
17470	păstoraș
17471	păstoresc
17472	păstorie
17473	păstoriță
17474	păstos
17475	păstramă
17476	păstru
17477	păstrugă
17478	păstrător
17479	păstăios
17480	păsui
17481	păsuială
17482	păsuire
17483	păsule
17484	păsulă
17485	păsăli
17486	păsărea
17487	păsăresc
17488	păsărică
17489	păsărie
17490	păsărime
17491	păsăroi
17492	păsăruică
17493	păsățel
17494	pătar
17495	pătat
17496	pătașcă
17497	pătimaș
17498	pătimi
17499	pătimire
17500	pătlăgea
17501	pătlăgică
17502	pătlăginiu
17503	pătrar
17504	pătrundere
17505	pătrunzător
17506	pătrupop
17507	pătruț
17508	pătrărel
17509	pătrățea
17510	pătrățică
17511	pătuc
17512	pătucean
17513	pătuiac
17514	pătuiag
17515	pătul
17516	pătuli
17517	pături
17518	păturică
17519	păunaș
17520	păuniță
17521	păureț
17522	păzi
17523	păzire
17524	păzitoare
17525	păzitor
17526	pășcălău
17527	pășesc
17528	pășire
17529	păștiță
17530	pășuna
17531	pășunare
17532	pășune
17533	pășunele
17534	pășuș
17535	păț
17536	pățanie
17537	pățeală
17538	păți
17539	pățire
17540	quadrivium
17541	quator
17542	quebracho
17543	quotient
17544	rabate
17545	rabbi
17546	rabiat
17547	rablagit
17548	rablă
17549	rabota
17550	racaleț
17551	racem
17552	rachier
17553	rachierie
17554	rachiu
17555	racilă
17556	raclă
17557	radian
17558	radiare
17559	radiculă
17560	radie
17561	radiobaliză
17562	radiocomunicație
17563	radioelectric
17564	radioemisiune
17565	radioemițător
17566	radiofar
17567	radiofica
17568	radiofonie
17569	radiogoniometru
17570	radiolar
17571	radiolocator
17572	radiometru
17573	radioopac
17574	radioreceptor
17575	radiorecepție
17576	radios
17577	radioscopic
17578	radioscopie
17579	radiosondă
17580	radiotehnic
17581	radiotelegrafia
17582	radiotelegrafie
17583	radioundă
17584	radou
17585	radulă
17586	radă
17587	rafinament
17588	rafinor
17589	rageal
17590	raghilă
17591	ragilă
17592	rahagiu
17593	rahatgiu
17594	rahatlocum
17595	rahitic
17596	raia
17597	raisonneur
17598	raită
17599	raliare
17600	raliere
17601	rambleia
17602	ramia
17603	ramie
17604	ramificațiune
17605	ramolire
17606	ramolisment
17607	ramolit
17608	ramolită
17609	randalina
17610	ranforsa
17611	raniță
17612	rantie
17613	ranunculacee
17614	rapacitate
17615	rapandulă
17616	rapor
17617	rarefiere
17618	rarifica
17619	rarificat
17620	rariște
17621	rarițele
17622	raseur
17623	rasoli
17624	rateș
17625	ratina
17626	ratotă
17627	ratoș
17628	ratuș
17629	ravac
17630	ravagiu
17631	ravaj
17632	ravaș
17633	ravena
17634	raz
17635	razachie
17636	razem
17637	razim
17638	raznă
17639	razăm
17640	raña
17641	raș
17642	rașcheta
17643	rașchetă
17644	rașpel
17645	raționabil
17646	raționalism
17647	raționalist
17648	raționare
17649	raționat
17650	reactanță
17651	reacționar
17652	reacționarism
17653	reacțiune
17654	readapta
17655	readmite
17656	reafla
17657	reagent
17658	realege
17659	realizație
17660	rearma
17661	reasigura
17662	reatribui
17663	reaudia
17664	reavăn
17665	reazim
17666	reazăm
17667	rebegit
17668	rebel
17669	rebelie
17670	rebuta
17671	recapitula
17672	recapitulativ
17673	recensiment
17674	recenzent
17675	recept
17676	receptacol
17677	recepționară
17678	recepțiune
17679	rechema
17680	rechiziție
17681	rechiziționa
17682	recifal
17683	recipiendar
17684	recipiendară
17685	recipisă
17686	recitativ
17687	reclamagiu
17688	reclasifica
17689	recoace
17690	recomandație
17691	recomandațiune
17692	reconciliare
17693	reconfort
17694	reconforta
17695	reconfortare
17696	reconstituant
17697	reconstitui
17698	reconstrucțiune
17699	recreație
17700	recreațiune
17701	recrimina
17702	recriminare
17703	recrut
17704	recrutație
17705	recrutațiune
17706	rectifica
17707	rectificativ
17708	rectitudine
17709	rectrice
17710	recuprinde
17711	recuprins
17712	recurba
17713	recuza
17714	recuzată
17715	redactare
17716	redacțiune
17717	redan
17718	redeștepta
17719	redeșteptare
17720	redige
17721	redigere
17722	redija
17723	redijare
17724	redijat
17725	redingotă
17726	rediu
17727	redobândi
17728	reductibil
17729	reducțiune
17730	reduplica
17731	reduplicare
17732	redută
17733	reescont
17734	reexporta
17735	ref
17736	refec
17737	refeca
17738	refenea
17739	referendar
17740	reflectant
17741	reflecțiune
17742	reflexiune
17743	refracta
17744	refractar
17745	refractat
17746	refren
17747	refrigera
17748	refrigerent
17749	refringent
17750	refugit
17751	refuta
17752	refutare
17753	refutație
17754	refutațiune
17755	regată
17756	regenerație
17757	regenta
17758	regență
17759	regesc
17760	reghie
17761	reghiment
17762	regiment
17763	regimentar
17764	regionalism
17765	regionalist
17766	regisoare
17767	regisor
17768	regisoral
17769	regiu
17770	reglement
17771	reglementar
17772	reglet
17773	regresiune
17774	regresiv
17775	regretare
17776	regulamentar
17777	regulare
17778	regularisi
17779	regularisire
17780	regularisit
17781	regulativ
17782	regulier
17783	regățean
17784	reimprima
17785	reincarna
17786	relativist
17787	relativistă
17788	relaxă
17789	relațiune
17790	relega
17791	relegare
17792	relegat
17793	relegație
17794	relegațiune
17795	relege
17796	relevare
17797	relicvie
17798	reliefare
17799	religionar
17800	religiozitate
17801	religiune
17802	relon
17803	remania
17804	remaniare
17805	remf
17806	remige
17807	reminiscență
17808	remonta
17809	remontă
17810	remuneratoriu
17811	remușcare
17812	renan
17813	renaștere
17814	renega
17815	renegare
17816	renegată
17817	renghi
17818	reniform
17819	rentabiliza
17820	rentier
17821	rentă
17822	renăscător
17823	reocupa
17824	reorganizație
17825	reostat
17826	repaos
17827	reparațiune
17828	repartiție
17829	repauzat
17830	repegiune
17831	repejune
17832	repent
17833	repetenție
17834	repetitoare
17835	repetitor
17836	repetițiune
17837	repez
17838	repezeală
17839	repeziciune
17840	repezire
17841	repezit
17842	repețire
17843	repețit
17844	repica
17845	replanta
17846	replia
17847	repovesti
17848	repovestit
17849	reprezentațiune
17850	reprimandă
17851	reproba
17852	reprobare
17853	reprobator
17854	reproducțiune
17855	reprodus
17856	reptilă
17857	republicanism
17858	republicană
17859	republicat
17860	repudia
17861	repugnanță
17862	repulsiune
17863	repulsiv
17864	repurta
17865	reputațiune
17866	repărțire
17867	rescript
17868	resemnare
17869	resemnat
17870	resfira
17871	resfirat
17872	resignare
17873	resignat
17874	resignație
17875	resignațiune
17876	resortisant
17877	respectabil
17878	respectuos
17879	respingător
17880	respirare
17881	respiratoriu
17882	restatornici
17883	resteu
17884	resti
17885	restituțiune
17886	restricțiune
17887	restriște
17888	retevei
17889	reteza
17890	retezare
17891	retică
17892	retipări
17893	retipărire
17894	retiradă
17895	retirat
17896	retopire
17897	retor
17898	retorism
17899	retoroman
17900	retortă
17901	retractil
17902	retraduce
17903	retranscrie
17904	retranscris
17905	retretă
17906	retribuțiune
17907	retrocesiune
17908	retrospecție
17909	reumatismal
17910	reumă
17911	reunifica
17912	reușire
17913	revaccina
17914	revalorifica
17915	revedea
17916	revelațiune
17917	reveneală
17918	reverendă
17919	reverențios
17920	reverență
17921	reverie
17922	reverință
17923	revers
17924	reversibilitate
17925	revesti
17926	revestit
17927	reviziune
17928	revizoare
17929	revizor
17930	revizorat
17931	revoltant
17932	revoltantă
17933	revolutiv
17934	revoluționare
17935	revoluționer
17936	revoluțiune
17937	revolver
17938	revulsiv
17939	revărsa
17940	revărsare
17941	revărsătură
17942	rezbel
17943	rezbelnic
17944	rezedă
17945	rezema
17946	rezemătoare
17947	rezervoriu
17948	rezidi
17949	rezidit
17950	rezignație
17951	rezil
17952	rezolut
17953	rezoluțiune
17954	rezolvabil
17955	rezon
17956	rezumativ
17957	reîmpărți
17958	reînarma
17959	reîncadra
17960	reîncepe
17961	reînchide
17962	reînființa
17963	reînoi
17964	reînscăuna
17965	reînsufleți
17966	reîntemeia
17967	reîntineri
17968	reîntregi
17969	reîntronat
17970	reîntrupa
17971	reînverzit
17972	reînviere
17973	reînălța
17974	reșapa
17975	reținea
17976	ricercar
17977	richită
17978	ricină
17979	rictus
17980	ridicul
17981	ridiculiza
17982	ridicătură
17983	rif
17984	riflu
17985	riflură
17986	rigorism
17987	rigorist
17988	rigă
17989	rihtui
17990	rimela
17991	rimă
17992	rindea
17993	rindela
17994	rindelui
17995	rină
17996	ripa
17997	ripostă
17998	ripsat
17999	ripă
18000	riscare
18001	risipi
18002	risipire
18003	risipă
18004	rist
18005	ristic
18006	ritidom
18007	ritma
18008	ritmic
18009	ritor
18010	ritorică
18011	ritos
18012	ritualic
18013	riveran
18014	rizic
18015	rizil
18016	rișcă
18017	rițui
18018	roabă
18019	roadere
18020	roate
18021	robace
18022	robi
18023	robiciune
18024	robie
18025	robire
18026	robit
18027	robitor
18028	robotă
18029	robșag
18030	roc
18031	rochiță
18032	rocoină
18033	rodea
18034	rodină
18035	rodire
18036	rodit
18037	roditor
18038	rodnic
18039	rodomontadă
18040	rodozahar
18041	rogojinar
18042	rogojină
18043	rogoz
18044	rohatcă
18045	rohmani
18046	roi
18047	roib
18048	roibuleț
18049	roinic
18050	rojdanic
18051	romanistică
18052	romanizat
18053	romaniță
18054	romanț
18055	romanța
18056	romanțier
18057	romanțios
18058	romanță
18059	romboedric
18060	romboedru
18061	romboid
18062	romeu
18063	românaș
18064	româncuță
18065	românime
18066	româniza
18067	româniță
18068	rond
18069	rondou
18070	rondă
18071	ropan
18072	ropot
18073	ropăi
18074	rosienesc
18075	rosmarin
18076	rospiscă
18077	rosti
18078	rostire
18079	rostogol
18080	rostogoli
18081	rostru
18082	rostui
18083	rotacizant
18084	rotacizare
18085	rotacizat
18086	rotat
18087	rotatoriu
18088	rotaș
18089	rotațiune
18090	rotică
18091	rotil
18092	rotilă
18093	rotocol
18094	rotocolat
18095	rotocolit
18096	rotofei
18097	rotogol
18098	rotoțele
18099	rotunji
18100	rotunjime
18101	rotunjor
18102	rotunzime
18103	rotunzire
18104	rotunzit
18105	rotărie
18106	roura
18107	rourat
18108	rouă
18109	rovină
18110	rozaceu
18111	rozalb
18112	rozatic
18113	roze
18114	rozeu
18115	roziu
18116	roză
18117	rozător
18118	roșcat
18119	roșcov
18120	roșcovan
18121	roșeală
18122	roșietic
18123	roșioară
18124	roșior
18125	roșit
18126	roștei
18127	roșă
18128	ruaj
18129	ruban
18130	rubato
18131	rubașcă
18132	rubedenie
18133	rubia
18134	rubiacee
18135	rubicond
18136	rubin
18137	rubinos
18138	rublă
18139	rudașcă
18140	rudenie
18141	ruderal
18142	rudire
18143	ruf
18144	rufet
18145	rufos
18146	rufă
18147	rufărie
18148	rug
18149	rugare
18150	ruget
18151	ruginit
18152	ruginos
18153	rugină
18154	rugă
18155	rugăminte
18156	rugător
18157	ruina
18158	ruinare
18159	ruină
18160	ruinător
18161	ruje
18162	rujnicea
18163	rujă
18164	rumega
18165	rumegător
18166	rumegătură
18167	rumeioară
18168	rumeior
18169	rumeliot
18170	rumen
18171	rumenea
18172	rumeneală
18173	rumeor
18174	ruminită
18175	rumoare
18176	rumpe
18177	rumpere
18178	rumpt
18179	rumân
18180	rumânaș
18181	rumânie
18182	runc
18183	runic
18184	rună
18185	rupticos
18186	ruptoare
18187	ruptor
18188	ruralism
18189	ruralizare
18190	rusale
18191	rusalie
18192	rusască
18193	ruscuță
18194	rusească
18195	rusienesc
18196	rusifica
18197	rusificat
18198	rusism
18199	rusneac
18200	rusoaică
18201	rusofilă
18202	russes
18203	rustican
18204	rusticitate
18205	rutean
18206	ruteană
18207	rutinar
18208	rutișor
18209	rușfert
18210	rușfet
18211	rușina
18212	rușinare
18213	rușinos
18214	râcâi
18215	râcă
18216	râgâit
18217	râie
18218	râios
18219	râjniță
18220	râlă
18221	râmlean
18222	râmnic
18223	râmă
18224	râmător
18225	rânced
18226	râncezeală
18227	rânchez
18228	rânchezat
18229	râncă
18230	râncău
18231	rândaș
18232	rândea
18233	rândueală
18234	rândui
18235	rânduială
18236	rânduire
18237	rânduluit
18238	rândunea
18239	rândunel
18240	rândunelă
18241	rândunic
18242	rândunică
18243	râni
18244	rânjet
18245	rânjire
18246	rânjit
18247	rânjitor
18248	rântaș
18249	rânzos
18250	rânză
18251	rână
18252	râp
18253	râpos
18254	râpă
18255	râset
18256	râtan
18257	râuleț
18258	râura
18259	râurel
18260	râvni
18261	râvnire
18262	râvnitor
18263	râvnă
18264	râznă
18265	râzând
18266	râză
18267	râzător
18268	râșchitor
18269	râșcov
18270	râșni
18271	râșniță
18272	râță
18273	röntgen
18274	răbda
18275	răbduriu
18276	răbdător
18277	răboj
18278	răbufneală
18279	răbufni
18280	răbui
18281	răbuș
18282	răcan
18283	răchită
18284	răchițică
18285	răci
18286	răcitură
18287	răcnet
18288	răcnit
18289	răcoare
18290	răcoreală
18291	răcorit
18292	răcovină
18293	răcuină
18294	răculeț
18295	răcănel
18296	rădașcă
18297	rădica
18298	rădicare
18299	rădicat
18300	rădiu
18301	răduce
18302	rădvan
18303	rădăcinos
18304	răfuială
18305	răfuire
18306	răgace
18307	răgaz
18308	răgea
18309	răget
18310	răgila
18311	răgoz
18312	răgută
18313	răgușit
18314	răgădui
18315	răgălie
18316	rămaș
18317	rămurea
18318	rămurel
18319	rămurică
18320	rămuriș
18321	rămuros
18322	rămășag
18323	rămășiță
18324	răntui
18325	răntuna
18326	răntăli
18327	răotate
18328	răpaos
18329	răpaus
18330	răpciugos
18331	răpciugă
18332	răpciune
18333	răpede
18334	răpegiune
18335	răpi
18336	răpitor
18337	răposare
18338	răposat
18339	răpuitoare
18340	răpuitor
18341	răpune
18342	răpăguș
18343	răpăială
18344	răpănos
18345	răpște
18346	rări
18347	răritură
18348	răriș
18349	rărița
18350	rărunchi
18351	răruț
18352	răsadniță
18353	răsai
18354	răsare
18355	răsboi
18356	răschira
18357	răschirat
18358	răscitit
18359	răscloci
18360	răscoace
18361	răscolire
18362	răscolit
18363	răscolitor
18364	răscroi
18365	răscroială
18366	răscruci
18367	răscrăcăna
18368	răscrăcăra
18369	răsculare
18370	răsculat
18371	răsculător
18372	răscumpăra
18373	răscumpărare
18374	răsfierbe
18375	răsfira
18376	răsfoi
18377	răsfrânge
18378	răsfrângere
18379	răsfug
18380	răsfuga
18381	răsfăța
18382	răsfățare
18383	răsleț
18384	răspas
18385	răspica
18386	răspicare
18387	răsplată
18388	răsplăti
18389	răsplătire
18390	răsplătitor
18391	răspopi
18392	răspundere
18393	răsputere
18394	răspânditor
18395	răspânte
18396	răspântie
18397	răspăr
18398	răstav
18399	răsteu
18400	răstigni
18401	răstignire
18402	răstimp
18403	răstire
18404	răstit
18405	răstoacă
18406	răstoci
18407	răstriște
18408	răsturna
18409	răsturnătoare
18410	răsturnător
18411	răstălmăci
18412	răstălmăcire
18413	răstăuțe
18414	răsuci
18415	răsucitură
18416	răsufla
18417	răsuflare
18418	răsuflet
18419	răsuflătoare
18420	răsuflător
18421	răsuflătură
18422	răsunare
18423	răsunet
18424	răsunoi
18425	răsunător
18426	răsura
18427	răsuriu
18428	răsură
18429	răsvrătire
18430	răsvrătit
18431	răsînțeles
18432	răsădi
18433	răsăritean
18434	răsăritură
18435	răsărită
18436	răsătură
18437	rătează
18438	rătez
18439	rătui
18440	rătund
18441	rătunde
18442	rătăci
18443	rătăcire
18444	rătăcitor
18445	răufăcător
18446	răutate
18447	răutăcios
18448	răvaș
18449	răvășel
18450	răvăși
18451	răzaș
18452	răzbate
18453	răzbel
18454	răzbi
18455	răzbici
18456	răzbitor
18457	războinic
18458	războinicesc
18459	războire
18460	războit
18461	războitor
18462	războlit
18463	răzbuna
18464	răzbunic
18465	răzbunător
18466	răzbătător
18467	răzda
18468	răzeș
18469	răzeșesc
18470	răzeșie
18471	răzeșime
18472	răzgâia
18473	răzgândire
18474	răzima
18475	răzimat
18476	răzleț
18477	răzlețire
18478	răzlețit
18479	răzlog
18480	răzlogi
18481	răzmeriță
18482	răzmiriță
18483	răznit
18484	răzor
18485	răzori
18486	răzui
18487	răzvidi
18488	răzvidit
18489	răzvrăti
18490	răzvrătire
18491	răzvrătitoare
18492	răzvrătitor
18493	răzălui
18494	răzăluit
18495	răzălău
18496	răzător
18497	răzătură
18498	răzăș
18499	răzășie
18500	răzășime
18501	rășchia
18502	rășchira
18503	rășchitor
18504	rășinar
18505	rășinos
18506	rășluit
18507	rățoi
18508	rățușcă
18509	sabaș
18510	sabiță
18511	sable
18512	sabur
18513	sabuș
18514	saca
18515	sacadat
18516	sacagiu
18517	sacat
18518	sacerdoțiu
18519	sacnasiu
18520	sacos
18521	sacra
18522	sacraliza
18523	sacrar
18524	sacrariu
18525	sacrat
18526	sacrificator
18527	sacrileg
18528	sacrilegiu
18529	sacrilegă
18530	sacrilej
18531	sacristan
18532	sacrosanct
18533	sacâz
18534	saducheu
18535	sadă
18536	safic
18537	saftea
18538	saftian
18539	sagacitate
18540	sagitat
18541	sagnasiu
18542	sagnată
18543	sagnă
18544	sagu
18545	sahaidac
18546	sahaidacar
18547	sahan
18548	sahib
18549	saia
18550	saidecar
18551	saiggi
18552	saiggie
18553	saigie
18554	saitoc
18555	salahor
18556	salahorie
18557	salamalec
18558	salamandră
18559	salamură
18560	salaor
18561	salariată
18562	salariza
18563	salbă
18564	salce
18565	salcicorn
18566	salcie
18567	salcâm
18568	salcă
18569	salep
18570	salepgiu
18571	salhana
18572	salicacee
18573	saliniza
18574	salmonid
18575	salmonidă
18576	salonaș
18577	saloon
18578	salpetru
18579	saltanat
18580	saltar
18581	saltimbanc
18582	salto
18583	salubru
18584	saluta
18585	salutare
18586	salvgardare
18587	salvă
18588	salță
18589	sama
18590	samaniu
18591	samar
18592	samariteancă
18593	samară
18594	sameș
18595	samoderjeț
18596	samovar
18597	samsar
18598	samsarlâc
18599	samson
18600	samur
18601	samă
18602	samăn
18603	sanatorial
18604	sanatoriu
18605	sanchiu
18606	sanct
18607	sanctifica
18608	sanctitate
18609	sanctus
18610	sandală
18611	sandjacat
18612	sandraci
18613	sangeac
18614	sangeacat
18615	sangeactar
18616	sangeagaș
18617	sangeangiu
18618	sanguinar
18619	sanguinic
18620	sangulie
18621	sangvinic
18622	sangvinolent
18623	sanie
18624	sanifica
18625	sansiu
18626	santase
18627	santinelă
18628	sapia
18629	sapin
18630	saponaria
18631	saponarie
18632	saponifica
18633	saprofit
18634	saprofită
18635	sapropel
18636	sapă
18637	sarai
18638	sarailie
18639	sarasir
18640	sarazin
18641	sarbed
18642	sarbăd
18643	sarcasm
18644	sarcastic
18645	sarce
18646	sarcofagiu
18647	sarcă
18648	sard
18649	sardea
18650	sardelă
18651	sardiu
18652	sardonic
18653	sardonix
18654	sardă
18655	saric
18656	sarică
18657	sarmală
18658	sarmatic
18659	sarmațian
18660	saros
18661	sarsam
18662	sas
18663	sasanid
18664	saschiu
18665	sască
18666	sastiseală
18667	sastisi
18668	sastisire
18669	sastisit
18670	satanesc
18671	satanicesc
18672	satem
18673	satina
18674	satir
18675	satiric
18676	satiriza
18677	satiră
18678	satisfacere
18679	satisfacțiune
18680	satisfăcut
18681	satrap
18682	satrapie
18683	saturnia
18684	saturnin
18685	satâr
18686	satâraș
18687	saulă
18688	saur
18689	saxatil
18690	saxifragă
18691	saxonă
18692	sașiu
18693	saț
18694	sațiu
18695	sbanghiu
18696	sbate
18697	sbici
18698	sbor
18699	sbucium
18700	sburat
18701	sburlit
18702	sburătoare
18703	sbătut
18704	scabios
18705	scadron
18706	scafandrier
18707	scafă
18708	scai
18709	scaiete
18710	scal
18711	scaloi
18712	scalpa
18713	scamator
18714	scamatorie
18715	scamonee
18716	scamota
18717	scamotare
18718	scamotat
18719	scamă
18720	scandaliza
18721	scandală
18722	scaon
18723	scapet
18724	scapular
18725	scapulă
18726	scarandiv
18727	scarifica
18728	scarp
18729	scarpă
18730	scartelat
18731	scatiu
18732	scatoalcă
18733	scatulcă
18734	sceptic
18735	sceptru
18736	schelă
18737	schelălăit
18738	schematism
18739	schematiza
18740	schematizat
18741	schembea
18742	scherzo
18743	scheunat
18744	schijă
18745	schilav
18746	schilod
18747	schilodi
18748	schilodire
18749	schilăvi
18750	schilăvit
18751	schilăvos
18752	schimbăcioase
18753	schimbăcios
18754	schimbăciune
18755	schimbărie
18756	schimnic
18757	schimnicesc
18758	schimnicie
18759	schimnică
18760	schimonah
18761	schimonahă
18762	schimonoseală
18763	schimonosi
18764	schimonosire
18765	schimonositură
18766	schimosi
18767	schimosire
18768	schimosit
18769	schimositură
18770	schingi
18771	schingiui
18772	schingiuire
18773	schinteie
18774	schinteiere
18775	schioapă
18776	schipticesc
18777	schiptru
18778	schiros
18779	schit
18780	schitișor
18781	schituleț
18782	schiverniseală
18783	schivernisi
18784	schivnic
18785	schiz
18786	schițare
18787	schiță
18788	schopenhauerian
18789	schopenhaueriană
18790	scientism
18791	scientistă
18792	scila
18793	scintilație
18794	scizionist
18795	sclav
18796	sclavagistă
18797	sclepț
18798	sclerotică
18799	sclifosit
18800	sclifă
18801	sclinti
18802	sclip
18803	sclipeț
18804	sclipicios
18805	sclipind
18806	sclipitor
18807	scliptură
18808	sclipuit
18809	sclivisi
18810	sclivisit
18811	scoabă
18812	scoace
18813	scoacă
18814	scobai
18815	scobi
18816	scobitor
18817	scobitură
18818	scoborâre
18819	scoborât
18820	scoborâș
18821	scoborî
18822	scobârli
18823	scoc
18824	scociorât
18825	scociorî
18826	scodoli
18827	scofală
18828	scofâlci
18829	scoică
18830	scolastic
18831	scolastică
18832	scolopendră
18833	sconcenie
18834	scondru
18835	scont
18836	sconta
18837	scopi
18838	scopos
18839	scopot
18840	scopt
18841	scorboros
18842	scorboroșire
18843	scorburos
18844	scorbură
18845	scorie
18846	scormoli
18847	scormoni
18848	scormonitor
18849	scornaci
18850	scorni
18851	scornire
18852	scornitor
18853	scornitură
18854	scornoci
18855	scorojit
18856	scorpie
18857	scoruș
18858	scorușă
18859	scorț
18860	scorțar
18861	scorțișoriu
18862	scorțos
18863	scorțărel
18864	scotoci
18865	scotocire
18866	scotocitor
18867	scovardă
18868	scrab
18869	scrabă
18870	scradă
18871	screptură
18872	scrib
18873	scribălău
18874	scriitoraș
18875	scriitorie
18876	scrijelat
18877	scrijele
18878	scrijeli
18879	scrin
18880	scrinte
18881	scripcar
18882	scripcă
18883	scripet
18884	scripisi
18885	scripisit
18886	scripte
18887	scriptoră
18888	scripătură
18889	scrire
18890	scrisorică
18891	scroafă
18892	scrob
18893	scrobeală
18894	scrobi
18895	scrofulariacee
18896	scrofuloză
18897	scrofulă
18898	scrofăi
18899	scrombăi
18900	scrum
18901	scrumieră
18902	scrumit
18903	scruntar
18904	scrupos
18905	scrupul
18906	scrupulos
18907	scrupulozitate
18908	scruta
18909	scrutare
18910	scrutător
18911	scrânciob
18912	scrânteală
18913	scrântit
18914	scrântitoare
18915	scrâptură
18916	scrâșnet
18917	scrâșni
18918	scrâșnire
18919	scrâșnitoare
18920	scrâșnitor
18921	scuamă
18922	scud
18923	scufie
18924	scufundos
18925	scufă
18926	scuipa
18927	scuipătoare
18928	scul
18929	sculare
18930	sculat
18931	sculi
18932	sculă
18933	sculător
18934	scumpete
18935	scumpie
18936	scumpișor
18937	scumpăra
18938	scumpărare
18939	scumpătate
18940	scund
18941	scura
18942	scurma
18943	scurmătură
18944	scursoare
18945	scursură
18946	scurteică
18947	scurticel
18948	scurtime
18949	scurtuț
18950	scutar
18951	scuteală
18952	scutelnic
18953	scutință
18954	scutit
18955	scutitoare
18956	scutitor
18957	scuturare
18958	scuturată
18959	scutură
18960	scuturător
18961	scuturătură
18962	scuzat
18963	scuț
18964	scâlcia
18965	scâlciat
18966	scâncet
18967	scâncit
18968	scândurea
18969	scânduri
18970	scândurică
18971	scânteiere
18972	scânteietor
18973	scânteind
18974	scânteios
18975	scânteiuță
18976	scânteuță
18977	scârbavnic
18978	scârbelnic
18979	scârbi
18980	scârbire
18981	scârbos
18982	scârbă
18983	scârnav
18984	scârnă
18985	scârnăvie
18986	scârțiitor
18987	scârțâi
18988	scârțâitoare
18989	scârțâitor
18990	scârțâitură
18991	scăfârlie
18992	scălda
18993	scăldare
18994	scăldătoare
18995	scăluș
18996	scălâmb
18997	scălâmbăietură
18998	scălâmbăitură
18999	scălâmbătură
19000	scămos
19001	scămoșa
19002	scăpare
19003	scăpăra
19004	scăpărar
19005	scăpărare
19006	scăpărătoare
19007	scăpărător
19008	scăpătare
19009	scăpătat
19010	scăpătăciune
19011	scăricică
19012	scărilă
19013	scărișoară
19014	scărița
19015	scărmăna
19016	scărmănată
19017	scărmănătoare
19018	scărmănătură
19019	scărpina
19020	scărpinare
19021	scăuieș
19022	scăunaș
19023	scăunel
19024	scăunoaie
19025	scăzut
19026	scăzământ
19027	scăzător
19028	sdravăn
19029	sdrobi
19030	sdrobit
19031	sdruncinat
19032	seamăn
19033	seanță
19034	searbăd
19035	sebor
19036	secant
19037	secantă
19038	secare
19039	secat
19040	secera
19041	secerar
19042	secerare
19043	secere
19044	secerea
19045	seceriș
19046	secerător
19047	secfestruire
19048	secfiu
19049	secondant
19050	secondantă
19051	secretoriu
19052	secriu
19053	sectat
19054	sectator
19055	secui
19056	secul
19057	seculariza
19058	secundant
19059	secundantă
19060	secundat
19061	secure
19062	secăciune
19063	secărea
19064	secări
19065	secărică
19066	secătui
19067	secătură
19068	secățiu
19069	secționa
19070	sedentarizare
19071	sedițios
19072	seducere
19073	seducțiune
19074	sefard
19075	segedea
19076	segmentar
19077	segnetă
19078	segrega
19079	segregație
19080	seguidilla
19081	sehastru
19082	sehăstrie
19083	seid
19084	seidicar
19085	seim
19086	seimen
19087	seimenesc
19088	sein
19089	seinean
19090	seiner
19091	seină
19092	seismometru
19093	seiz
19094	sel
19095	selam
19096	selamalâc
19097	selamet
19098	selamlâc
19099	selbă
19100	seleaf
19101	selecționare
19102	selecțiune
19103	selemet
19104	selenic
19105	selimie
19106	seliște
19107	selă
19108	semantism
19109	semeț
19110	semeție
19111	semiacvatic
19112	semiarbust
19113	semibarbar
19114	semicerc
19115	semiconsonantă
19116	semicultură
19117	semicultă
19118	semideșert
19119	semidreaptă
19120	semifeudal
19121	semilemnos
19122	semilichid
19123	semilună
19124	semimetalic
19125	seminarial
19126	seminarist
19127	semințenie
19128	seminție
19129	semiobscuritate
19130	semioficial
19131	semiprețios
19132	semiprofesional
19133	semiproletar
19134	semit
19135	semitic
19136	semitism
19137	semiton
19138	semivocalic
19139	semivocală
19140	semizeu
19141	semiînchis
19142	semiîntuneric
19143	semnificare
19144	semnificațiune
19145	semnătoare
19146	sempervirescent
19147	sempitern
19148	semui
19149	semuire
19150	semuit
19151	semănat
19152	semănătoristă
19153	semănătură
19154	seninat
19155	seninos
19156	seninătate
19157	seniorial
19158	sensație
19159	sensiblerie
19160	sentențios
19161	sentimentalism
19162	sentimentalitate
19163	sentimentaliza
19164	sentinelă
19165	senzațiune
19166	senzoriu
19167	senzualism
19168	senzualistă
19169	senă
19170	separațiune
19171	septembre
19172	septemvre
19173	septemvrie
19174	septentrion
19175	septevrie
19176	septimă
19177	sepulcru
19178	seraf
19179	serafic
19180	serai
19181	serascher
19182	seraschier
19183	serasir
19184	serat
19185	serată
19186	serba
19187	serbare
19188	serdar
19189	serenadă
19190	serenisim
19191	sergent
19192	serhat
19193	serialism
19194	sericicol
19195	sericicultură
19196	serin
19197	sermaia
19198	serman
19199	sermea
19200	sermia
19201	serozitate
19202	serpentin
19203	sersam
19204	sertiza
19205	servantă
19206	servietă
19207	servil
19208	servilism
19209	servilitate
19210	servitoare
19211	servitor
19212	servitorime
19213	servitudine
19214	servă
19215	sesie
19216	sesil
19217	setleva
19218	setos
19219	setă
19220	seu
19221	sevai
19222	sevas
19223	sevă
19224	sexagesimal
19225	sextă
19226	sexuat
19227	sfadnic
19228	sfadă
19229	sfanț
19230	sfanțih
19231	sfară
19232	sferditură
19233	sferoidal
19234	sferă
19235	sfeterisi
19236	sfeterisit
19237	sfeti
19238	sfetire
19239	sfetnic
19240	sfeșnic
19241	sfeștanie
19242	sfială
19243	sfidător
19244	sfielnic
19245	sfieț
19246	sfigmomanometru
19247	sfiicios
19248	sfiiciune
19249	sfinție
19250	sfințișor
19251	sfios
19252	sfoară
19253	sfoiag
19254	sfoiegit
19255	sfor
19256	sforac
19257	sforaci
19258	sforicică
19259	sforăială
19260	sforăitor
19261	sforăitură
19262	sforțare
19263	sforță
19264	sfredel
19265	sfredeli
19266	sfredelitor
19267	sfredeluș
19268	sfredeluși
19269	sfrejit
19270	sfrijit
19271	sfrințire
19272	sfrunta
19273	sfruntare
19274	sfrâncioc
19275	sfârcui
19276	sfârcâi
19277	sfârlac
19278	sfârlează
19279	sfârlă
19280	sfârtai
19281	sfârteca
19282	sfârtica
19283	sfârâit
19284	sfârâitoare
19285	sfârșeală
19286	sfârșenie
19287	sfârși
19288	sfârșire
19289	sfâșia
19290	sfâșiere
19291	sfâșietor
19292	sfâșiitor
19293	sfădi
19294	sfănțoaică
19295	sfănțui
19296	sfănțuială
19297	sfănțuică
19298	sfărma
19299	sfărmare
19300	sfărâma
19301	sfărâmare
19302	sfărâmat
19303	sfărâmicios
19304	sfărăma
19305	sfărămat
19306	sfătos
19307	sfătoșenie
19308	sfătoșie
19309	sfătui
19310	sfătuire
19311	sfătuitoare
19312	sfătuitor
19313	sfășie
19314	sgomot
19315	sgură
19316	sgândărit
19317	sgârcit
19318	sgâria
19319	shilling
19320	sială
19321	sibarit
19322	sibaritism
19323	sibarită
19324	sibilant
19325	sibilin
19326	sibilinic
19327	sibilă
19328	sibir
19329	sicheră
19330	sici
19331	siclu
19332	sicofant
19333	sicomor
19334	sicret
19335	sicriaș
19336	sicriu
19337	sictiri
19338	sidef
19339	sidefiu
19340	sidefos
19341	sidera
19342	siderit
19343	sienit
19344	siflant
19345	sigil
19346	sigilar
19347	sigilion
19348	signalment
19349	signatar
19350	signatară
19351	signatură
19352	signor
19353	signora
19354	signoră
19355	siguranție
19356	sigurat
19357	siguripsi
19358	siguritate
19359	sihastru
19360	sihastră
19361	sihlete
19362	sihlă
19363	sihăstrie
19364	silabic
19365	silabisi
19366	sileaf
19367	sileah
19368	silențiu
19369	silențium
19370	silex
19371	silezian
19372	sileziană
19373	silf
19374	silfidă
19375	silhui
19376	silhă
19377	sili
19378	silicios
19379	silicos
19380	siliculă
19381	silică
19382	silimet
19383	silință
19384	silire
19385	silitor
19386	silitră
19387	siliște
19388	silnic
19389	silnicie
19390	silogism
19391	silogistic
19392	silui
19393	siluire
19394	silurian
19395	silvan
19396	silvatic
19397	silvie
19398	silvoiz
19399	silvoiță
19400	silvă
19401	silă
19402	silță
19403	simandicos
19404	simandră
19405	simbatriot
19406	simbolist
19407	simbriat
19408	simbriaș
19409	simbriașă
19410	simbrie
19411	simfonie
19412	simigerie
19413	simigiu
19414	siminic
19415	siminichie
19416	siminoc
19417	simit
19418	simpatie
19419	simpatiza
19420	simpatriot
19421	simplicitate
19422	simplificator
19423	simplism
19424	simptomă
19425	simtiment
19426	simulație
19427	simulațiune
19428	simultaneu
19429	simțemânt
19430	simțibilitate
19431	simțiciune
19432	simțimânt
19433	simțimântalism
19434	simțire
19435	simțitoare
19436	simțitor
19437	simțual
19438	simțământ
19439	sinagogă
19440	sinalagmatic
19441	sinalău
19442	sincel
19443	sinchisi
19444	sinciput
19445	sinclinal
19446	sincopare
19447	sindica
19448	sindrofie
19449	sineală
19450	sineață
19451	sinecdocă
19452	sinecură
19453	sinedriu
19454	sinet
19455	sineș
19456	sineț
19457	singeap
19458	singhel
19459	singulariza
19460	singularizare
19461	singuratec
19462	singuratic
19463	singurel
19464	singuriu
19465	sini
19466	sinie
19467	sinili
19468	siniliu
19469	sinistrat
19470	sinistru
19471	sinodicesc
19472	sinope
19473	sinoptic
19474	sintagmatic
19475	sintaxă
19476	sinteriza
19477	sinuozitate
19478	sinzar
19479	sipet
19480	sipețel
19481	sipică
19482	sireap
19483	sirep
19484	sirex
19485	siriman
19486	siringă
19487	sirinx
19488	sirius
19489	sirmaia
19490	sirman
19491	sirmă
19492	siroco
19493	siroman
19494	sisinel
19495	sistematizare
19496	sistisi
19497	sistisit
19498	sistolă
19499	sistru
19500	sitar
19501	sitav
19502	siteav
19503	situațiune
19504	sită
19505	slad
19506	slatină
19507	slavism
19508	slavist
19509	slavistică
19510	slaviza
19511	slavizare
19512	slavofil
19513	slavofilă
19514	slavon
19515	slavonesc
19516	slavonicesc
19517	slavonie
19518	slavonism
19519	slavonă
19520	slavoslovi
19521	slavoslovie
19522	slei
19523	sleire
19524	slimui
19525	slimuire
19526	slimuit
19527	slin
19528	slinos
19529	sloată
19530	slobod
19531	slobonov
19532	slobozenie
19533	slobozi
19534	slobozie
19535	slobozire
19536	slobozitor
19537	sloi
19538	slomnire
19539	slovean
19540	slovenesc
19541	sloveni
19542	slovenie
19543	slovenire
19544	slovenit
19545	slovă
19546	slugarnic
19547	sluger
19548	slugerie
19549	sluguță
19550	slugă
19551	slugărie
19552	slugărit
19553	slugărnicie
19554	sluj
19555	slujbaș
19556	slujbuliță
19557	slujbușoară
19558	slujitor
19559	slujitoresc
19560	slujnicar
19561	slujnicuță
19562	slujnică
19563	slut
19564	sluțenie
19565	sluțire
19566	sluțit
19567	slăbie
19568	slăbuț
19569	slăbăciune
19570	slăbănoagă
19571	slăbănogit
19572	slăninos
19573	slănină
19574	slătioară
19575	slăvi
19576	slăvit
19577	slăvitor
19578	smalț
19579	smaragd
19580	smarald
19581	smarand
19582	smead
19583	smegmă
19584	smerire
19585	smerit
19586	smeu
19587	smeură
19588	smicea
19589	smicura
19590	smicuri
19591	smicăraie
19592	smidă
19593	smint
19594	sminteală
19595	smintenie
19596	sminti
19597	smintire
19598	smiorcăială
19599	smiorcăit
19600	smirdar
19601	smirnă
19602	smoală
19603	smoc
19604	smochin
19605	smochină
19606	smoli
19607	smomi
19608	smomire
19609	smomit
19610	smotoci
19611	smotru
19612	smredui
19613	smreduire
19614	smreduit
19615	smreduitor
19616	smuci
19617	smucire
19618	smucitură
19619	smugă
19620	smulge
19621	smult
19622	smuncea
19623	smunci
19624	smuncit
19625	smuncitură
19626	smâc
19627	smânci
19628	smântâni
19629	smârc
19630	smârd
19631	smăcina
19632	smălța
19633	smălțat
19634	smălțuit
19635	smărăndel
19636	smărăndiță
19637	snagă
19638	snoavă
19639	snop
19640	snopeală
19641	snovos
19642	soacră
19643	soage
19644	soarte
19645	soață
19646	sobar
19647	sobol
19648	sobornic
19649	sobornicesc
19650	soborâre
19651	sobușoară
19652	sobă
19653	socaci
19654	socialism
19655	socialistă
19656	sociativ
19657	societară
19658	socinian
19659	socoată
19660	socolan
19661	socote
19662	socotea
19663	socotință
19664	socotire
19665	socotitoare
19666	socotitor
19667	socratic
19668	socru
19669	socăciță
19670	sodom
19671	sodomi
19672	sofa
19673	sofism
19674	sofismă
19675	sofist
19676	sofistic
19677	sofra
19678	sofragerie
19679	sofragiu
19680	sofă
19681	soharici
19682	sohat
19683	soios
19684	soit
19685	solanee
19686	solaneu
19687	solariu
19688	solbă
19689	soldă
19690	soldățesc
19691	soldăție
19692	soldățime
19693	solemn
19694	solemnel
19695	solemnitate
19696	solfatară
19697	solgăbirău
19698	soli
19699	solicitator
19700	solicitudine
19701	soliditate
19702	solie
19703	soliloc
19704	soliman
19705	soliped
19706	solipsism
19707	solipsist
19708	solipsistă
19709	solitudine
19710	solniță
19711	solomonit
19712	solomâzdră
19713	soloneț
19714	solubiliza
19715	soluțiune
19716	solvi
19717	solz
19718	somațiune
19719	sombru
19720	someșean
19721	somnambul
19722	somnambulic
19723	somnambulă
19724	somnie
19725	somnore
19726	somnoros
19727	somnoroșie
19728	somnuleț
19729	somnuros
19730	somotei
19731	somptuos
19732	somptuozitate
19733	somă
19734	son
19735	sonat
19736	sonatină
19737	sonată
19738	sondor
19739	sonerie
19740	sonet
19741	sonetă
19742	sonoritate
19743	sonoriza
19744	sopon
19745	soporifer
19746	soporific
19747	sopran
19748	soprano
19749	sor
19750	sorbi
19751	sorbire
19752	sorbitură
19753	sorbită
19754	sorcovi
19755	sorcovă
19756	sorcovăială
19757	sorcovăț
19758	sorean
19759	sori
19760	sorică
19761	sorioară
19762	sorit
19763	soroacă
19764	soroc
19765	soroci
19766	sorocire
19767	sorocovăț
19768	sortit
19769	sorț
19770	sosi
19771	sosiarcă
19772	sosină
19773	sositor
19774	sotea
19775	sovon
19776	sovârf
19777	sovârv
19778	soțiesc
19779	soțioară
19780	soțior
19781	spadasin
19782	spadice
19783	spadă
19784	spahie
19785	spahiu
19786	spaimă
19787	spalet
19788	spanchie
19789	spanchiu
19790	spangă
19791	spargă
19792	spartă
19793	spasmodic
19794	spatie
19795	spatulat
19796	spată
19797	spaț
19798	spația
19799	spațializat
19800	spațir
19801	specios
19802	spectacul
19803	spectrograf
19804	specul
19805	specula
19806	speculant
19807	speculantă
19808	speculator
19809	speculație
19810	speculațiune
19811	speculum
19812	speculă
19813	spegmă
19814	spelb
19815	speluncă
19816	spențer
19817	spențur
19818	sperare
19819	speria
19820	sperietoare
19821	sperietor
19822	sperios
19823	sperjur
19824	sperjuriu
19825	sperjură
19826	sperlă
19827	spermanțet
19828	spermanțetă
19829	spesa
19830	spese
19831	spetează
19832	speti
19833	speze
19834	speț
19835	speție
19836	spic
19837	spici
19838	spicifer
19839	spiciform
19840	spicui
19841	spiculeț
19842	spiculețe
19843	spiculă
19844	spicușor
19845	spilcuit
19846	spilcuță
19847	spilcă
19848	spinare
19849	spine
19850	spinet
19851	spinos
19852	spinozism
19853	spinozistă
19854	spinteca
19855	spintecare
19856	spintecătură
19857	spinul
19858	spină
19859	spinărie
19860	spioană
19861	spiralic
19862	spirant
19863	spiriduș
19864	spiritist
19865	spiritistă
19866	spiritualist
19867	spiritualistă
19868	spiritualiza
19869	spiritualizare
19870	spirituos
19871	spirochet
19872	spirometru
19873	spirt
19874	spitalagioaică
19875	spitalagiu
19876	spitaliza
19877	spițelat
19878	spițelnic
19879	spițer
19880	spițeraș
19881	spițereasă
19882	spițerel
19883	spițerie
19884	spițeriță
19885	spiță
19886	spleen
19887	splendid
19888	splendoare
19889	spoi
19890	spoială
19891	spoitor
19892	spoitori
19893	spolia
19894	spoliator
19895	spoliație
19896	spoliațiune
19897	sponcă
19898	spongie
19899	spongier
19900	spontaneitate
19901	spontaneu
19902	sporange
19903	sporire
19904	sporitor
19905	sporiș
19906	spornic
19907	sporovăială
19908	spovedire
19909	sprafcă
19910	spray
19911	sprenț
19912	sprențur
19913	sprevăzător
19914	sprijineală
19915	sprijinitoare
19916	sprijinitor
19917	sprijoană
19918	sprijuni
19919	sprijăni
19920	sprinceană
19921	sprinten
19922	sprintenaș
19923	sprinteneală
19924	sprintenel
19925	sprintenie
19926	sprâncenat
19927	sprâncenea
19928	spulbera
19929	spulberatic
19930	spumegare
19931	spumegos
19932	spumegând
19933	spumegător
19934	spunere
19935	spurca
19936	spurcaci
19937	spurcare
19938	spurcăciune
19939	spurcășag
19940	spuzar
19941	spuzeală
19942	spuzi
19943	spuză
19944	spân
19945	spânatic
19946	spânz
19947	spânzi
19948	spânzura
19949	spânzurătoare
19950	spârcui
19951	spârcuire
19952	spârcâi
19953	spăie
19954	spăimânt
19955	spăimânta
19956	spăimântabil
19957	spăimântare
19958	spăimântat
19959	spăimântos
19960	spăimântător
19961	spălăcit
19962	spălătoare
19963	spălătoreasă
19964	spălătoriță
19965	spălătură
19966	spălățel
19967	spărtură
19968	spăsenie
19969	spăsire
19970	spăsit
19971	spătar
19972	spătos
19973	spătărel
19974	spătărie
19975	spăși
19976	spășire
19977	stabiliment
19978	stabor
19979	stacan
19980	stacană
19981	stacoj
19982	stacojiu
19983	stacoș
19984	stadie
19985	stadimetru
19986	stafetă
19987	stafidă
19988	stafie
19989	stagnație
19990	stagnațiune
19991	stahanovist
19992	stahanovistă
19993	stahie
19994	stal
19995	stalactit
19996	stalactită
19997	stalagmită
19998	stamboală
19999	stambol
20000	stambă
20001	stampă
20002	staniște
20003	stană
20004	stanță
20005	stariț
20006	stariță
20007	staroste
20008	statist
20009	statistă
20010	statornic
20011	statornicie
20012	statornicire
20013	statornicit
20014	statua
20015	statură
20016	statuta
20017	staul
20018	staur
20019	stavilă
20020	stavropighie
20021	stavă
20022	steajăr
20023	steamă
20024	stean
20025	stearină
20026	stecluță
20027	steclă
20028	stegar
20029	steguleț
20030	stei
20031	stejăret
20032	stejăriș
20033	stel
20034	steli
20035	stelișoară
20036	stelniță
20037	stelos
20038	steluță
20039	stemă
20040	stenahorie
20041	stenahorisit
20042	stenic
20043	stenie
20044	stenograf
20045	stenografia
20046	stenografiat
20047	stenos
20048	stentor
20049	stepenă
20050	stepină
20051	stepă
20052	steregie
20053	stereofonic
20054	stereogramă
20055	stereoscop
20056	stereotipic
20057	stereotipie
20058	sternal
20059	sterol
20060	sterpar
20061	sterpezit
20062	sterpătură
20063	stibină
20064	stibiu
20065	sticlete
20066	sticlire
20067	sticlit
20068	sticlos
20069	sticluță
20070	sticlărie
20071	stideală
20072	stidire
20073	stifos
20074	stigleț
20075	stigmatiza
20076	stigmată
20077	stih
20078	stihar
20079	stihie
20080	stihui
20081	stihuire
20082	stihuitor
20083	stilet
20084	stilizare
20085	stimabil
20086	stimabilă
20087	stimat
20088	stimă
20089	stindard
20090	sting
20091	stingher
20092	stinghereală
20093	stingherit
20094	stinghie
20095	stipelă
20096	stipendia
20097	stipendist
20098	stipendistă
20099	stipendiu
20100	stipular
20101	stipulațiune
20102	stirpe
20103	stivui
20104	stoarce
20105	stobol
20106	stobor
20107	stoborî
20108	stocaj
20109	stocastic
20110	stoci
20111	stofă
20112	stog
20113	stogoș
20114	stoic
20115	stol
20116	stolit
20117	stoliță
20118	stolnic
20119	stolon
20120	stolonifer
20121	stolă
20122	stomah
20123	stomată
20124	stopă
20125	storna
20126	stos
20127	stosișor
20128	stosărie
20129	strabic
20130	stracchino
20131	strachină
20132	stradelă
20133	strai
20134	straiță
20135	strajameșter
20136	straje
20137	strajnic
20138	strajă
20139	stramă
20140	strangula
20141	strană
20142	strapazan
20143	stratagemă
20144	stratifica
20145	stratigrafie
20146	stratiot
20147	stratornic
20148	stratus
20149	strașină
20150	strașnic
20151	streajă
20152	streanță
20153	streașină
20154	streche
20155	strechia
20156	strechiat
20157	strechie
20158	strecura
20159	strecurare
20160	strecătoare
20161	strein
20162	streinel
20163	streină
20164	streinătate
20165	strejar
20166	strejuire
20167	strejuit
20168	strelice
20169	strelici
20170	streped
20171	strepede
20172	strepezi
20173	streșinit
20174	streșină
20175	stria
20176	striație
20177	stricare
20178	stricnea
20179	stricni
20180	stricnină
20181	stricteță
20182	strictură
20183	stricăcios
20184	stricăciune
20185	stricătoare
20186	stricător
20187	strident
20188	stridență
20189	strigare
20190	strigoaică
20191	strigoaie
20192	strigoi
20193	strigătoare
20194	strigătură
20195	strimt
20196	strimtorat
20197	strimtori
20198	strimtură
20199	stringență
20200	striu
20201	strivi
20202	strivitor
20203	striște
20204	strofic
20205	strofă
20206	stroh
20207	stropi
20208	stropit
20209	stropitoare
20210	stropitură
20211	stropoli
20212	stropșeală
20213	stropși
20214	stropșitură
20215	structuralism
20216	structuralist
20217	structuralistă
20218	strug
20219	strugur
20220	struguriu
20221	strugușa
20222	strujan
20223	struji
20224	strujit
20225	struncinat
20226	strunguță
20227	strungă
20228	strungăreață
20229	strungări
20230	struni
20231	strună
20232	struț
20233	strâjnic
20234	strâjnică
20235	strâmb
20236	strâmba
20237	strâmbar
20238	strâmbătate
20239	strâmbătură
20240	strâmsurea
20241	strâmt
20242	strâmtat
20243	strâmtoare
20244	strâmtora
20245	strâmtorare
20246	strâmtoreală
20247	strâmtură
20248	strângător
20249	strânsoare
20250	strânsură
20251	strâșnic
20252	străbatere
20253	străbun
20254	străbunesc
20255	străbunic
20256	străbătut
20257	străbătător
20258	strădalnic
20259	străduință
20260	strădănuit
20261	străfige
20262	străfulgera
20263	străfulgerare
20264	străfund
20265	străgheța
20266	străina
20267	străinat
20268	străinel
20269	străinism
20270	străiță
20271	străjer
20272	străjerie
20273	străjeră
20274	străjui
20275	străjuire
20276	străjuitor
20277	strălimpede
20278	străluc
20279	strălucoare
20280	strălumina
20281	străluminat
20282	strămoș
20283	strămoșesc
20284	strămoșie
20285	strămura
20286	strămurare
20287	strămuta
20288	strămătură
20289	strănepoată
20290	strănepot
20291	strănitoare
20292	strănutat
20293	strănutător
20294	străpunge
20295	străpungător
20296	străromână
20297	strătăia
20298	străvechime
20299	străveziu
20300	străvăzător
20301	strășnici
20302	strășnicie
20303	strășnicit
20304	stucatură
20305	studențime
20306	studiare
20307	stuf
20308	stufiș
20309	stufos
20310	stufărie
20311	stufăriș
20312	stuh
20313	stuhăriș
20314	stup
20315	stupefacție
20316	stupefia
20317	stupid
20318	stupiditate
20319	stupiniță
20320	stupit
20321	stupos
20322	stupuș
20323	stupărie
20324	stupărit
20325	stur
20326	sturluibat
20327	sturluibatic
20328	sturz
20329	stâlci
20330	stâlcire
20331	stâlpare
20332	stâlpit
20333	stâlpnic
20334	stâmpăr
20335	stâmpăra
20336	stâmpărare
20337	stâmpărat
20338	stâmpărător
20339	stânciu
20340	stâncos
20341	stâncărie
20342	stângaci
20343	stângăcie
20344	stânișoară
20345	stânjen
20346	stânjenel
20347	stânjenire
20348	stânjenit
20349	stânjeniu
20350	stânjini
20351	stânjinit
20352	stână
20353	stârc
20354	stârcit
20355	stârni
20356	stârnire
20357	stârpi
20358	stârpiciune
20359	stârpire
20360	stârpitură
20361	stârv
20362	stăncuță
20363	stănjenel
20364	stănoagă
20365	stănog
20366	stăpânie
20367	stăpânit
20368	stăpânitor
20369	stăpână
20370	stărostie
20371	stărostit
20372	stărpiciune
20373	stăruială
20374	stăruință
20375	stăruit
20376	stăruitor
20377	stătut
20378	stătător
20379	stăuliște
20380	stăvar
20381	stăvilar
20382	stăvili
20383	stăvilire
20384	stăvăriște
20385	suab
20386	suarea
20387	suav
20388	suavitate
20389	subalimenta
20390	subaltern
20391	subaprecia
20392	subarbust
20393	subarenda
20394	subarendare
20395	subcarpatic
20396	subchirurg
20397	subclasă
20398	subcomisar
20399	subcutaneu
20400	subdialect
20401	subdirector
20402	subdivizionar
20403	subecuatorial
20404	suber
20405	subetaj
20406	subevalua
20407	subiectivist
20408	subjonctiv
20409	subjugător
20410	sublim
20411	sublimitate
20412	sublocotenent
20413	submerge
20414	submultiplu
20415	subnotar
20416	subordin
20417	subordinat
20418	subordonator
20419	subpolar
20420	subprefect
20421	subprefectură
20422	subpământ
20423	subpământean
20424	subregiune
20425	subretă
20426	subroga
20427	subscrie
20428	subscriitoare
20429	subscripție
20430	subscripțiune
20431	subscrisă
20432	subsecretariat
20433	subsemna
20434	subsemnat
20435	subsidiu
20436	subsioară
20437	substantiviza
20438	substanțialism
20439	substanțialist
20440	substanțialistă
20441	substitua
20442	substituit
20443	substracțiune
20444	subsuma
20445	subsuoară
20446	subterfugiu
20447	subtilizare
20448	subtip
20449	subvenire
20450	subvențiune
20451	subîmpărți
20452	subînchiria
20453	subîncrengătură
20454	subîntinde
20455	subînțeles
20456	subșef
20457	subția
20458	subțioară
20459	subțiratic
20460	subțirel
20461	sucală
20462	suceavă
20463	suci
20464	sucitoare
20465	sucitură
20466	sucman
20467	sucnă
20468	sucombare
20469	sucăli
20470	sudaj
20471	sudalmă
20472	sudar
20473	sudi
20474	sudit
20475	sudițesc
20476	sudoare
20477	sudoral
20478	sudoripar
20479	sudui
20480	sufereală
20481	suferire
20482	suferitor
20483	sufertaș
20484	suficiență
20485	sufix
20486	sufixa
20487	suflat
20488	sufleca
20489	sufler
20490	suflețel
20491	suflător
20492	sufragiu
20493	sufraj
20494	sufulca
20495	sugaci
20496	sugariu
20497	sugativ
20498	sugel
20499	sugerare
20500	sugestibil
20501	sugestionat
20502	sugestiune
20503	sugestivitate
20504	sughiț
20505	sugiuc
20506	sugnă
20507	sugruma
20508	sugușa
20509	sugătoare
20510	sugător
20511	sugătură
20512	suharea
20513	suhat
20514	suire
20515	suit
20516	suitoare
20517	suitor
20518	suiș
20519	sujet
20520	sul
20521	sulcină
20522	suleget
20523	sulemeni
20524	suletic
20525	sulfamidă
20526	sulfata
20527	sulfină
20528	sulfita
20529	sulfiza
20530	sulfuriu
20531	sulger
20532	suli
20533	suliman
20534	sulimeneală
20535	sulimeni
20536	sulimini
20537	suliminit
20538	sulit
20539	sulițaș
20540	sulițică
20541	suliță
20542	sultan
20543	sultanat
20544	sultanin
20545	sultană
20546	sulă
20547	suman
20548	sumație
20549	sumeca
20550	sumes
20551	sumete
20552	sumeț
20553	sumeție
20554	sumețire
20555	summum
20556	sumuliță
20557	sumușoară
20558	sumuța
20559	sumuțat
20560	sunare
20561	sunător
20562	supat
20563	superfin
20564	superfluență
20565	superintendent
20566	superioritate
20567	superpune
20568	superpus
20569	superstiție
20570	superstițios
20571	superstrat
20572	supeu
20573	supin
20574	suplanta
20575	suplantare
20576	suplantat
20577	suplement
20578	suplementar
20579	supletiv
20580	suplicant
20581	suplicantă
20582	supliciu
20583	suplică
20584	supoziție
20585	supraaglomera
20586	supraalimenta
20587	supraaprecia
20588	supraarbitru
20589	supraconductor
20590	supradimensiona
20591	supraetaja
20592	supraexcita
20593	supraexpune
20594	supranume
20595	supranumerar
20596	supranumi
20597	supraordonat
20598	suprapopulare
20599	supraproducție
20600	supraprodus
20601	suprasatura
20602	suprasensibilitate
20603	supresiune
20604	suprimat
20605	supt
20606	supunere
20607	supurant
20608	supușie
20609	supărare
20610	supărăcios
20611	supărător
20612	supțioară
20613	suraie
20614	surată
20615	surcalău
20616	surcea
20617	surchideală
20618	surchidi
20619	surchidit
20620	surcică
20621	surd
20622	surdină
20623	surdomut
20624	surduc
20625	surescita
20626	surescitabil
20627	surescitare
20628	suret
20629	sureti
20630	surfață
20631	surghiun
20632	surghiuni
20633	surghiunire
20634	surghiunită
20635	surguci
20636	surgun
20637	surguni
20638	surgunire
20639	surgunit
20640	surioară
20641	surit
20642	suriu
20643	surlă
20644	surnatural
20645	surnumi
20646	surnumit
20647	suroră
20648	surpa
20649	surpare
20650	surpătură
20651	surtuc
20652	surtucar
20653	surtucă
20654	surugiu
20655	suruman
20656	surupa
20657	surupat
20658	surveghea
20659	surâzând
20660	surâzător
20661	sură
20662	sus-pus
20663	susean
20664	suseană
20665	suspectare
20666	suspens
20667	suspensiune
20668	suspin
20669	suspinare
20670	suspinător
20671	sustentație
20672	sustracțiune
20673	susur
20674	sutar
20675	sutaș
20676	sutălea
20677	suvac
20678	suveică
20679	suvenir
20680	suzeran
20681	suzeranitate
20682	svadă
20683	svanțih
20684	svat
20685	svelt
20686	sventură
20687	sveter
20688	svetnic
20689	svon
20690	svârcolire
20691	sâcâi
20692	sâială
20693	sâlță
20694	sâmbraș
20695	sâmbră
20696	sâmbur
20697	sâmbure
20698	sâmcea
20699	sângeac
20700	sângeap
20701	sânger
20702	sângera
20703	sângeratic
20704	sângeroasă
20705	sânișor
20706	sânt
20707	sântion
20708	sântă
20709	sânziană
20710	sânzâiană
20711	sârbesc
20712	sârboaică
20713	sârg
20714	sârguială
20715	sârguință
20716	sârguitor
20717	sârmaci
20718	sârman
20719	sârmar
20720	sâroman
20721	sâsâiac
20722	sâsâit
20723	săbaș
20724	săbia
20725	săbier
20726	săbioară
20727	săbiuță
20728	săbăiță
20729	săbășag
20730	săceală
20731	săcelat
20732	săcret
20733	săcriu
20734	săcui
20735	săcuieț
20736	săculeț
20737	săculteț
20738	săcușor
20739	săcăluș
20740	sădi
20741	sădire
20742	sădrie
20743	săftian
20744	săgeată
20745	săget
20746	săgeta
20747	săgetar
20748	săgetare
20749	săgetaș
20750	săgetătură
20751	săgnată
20752	săgni
20753	săhan
20754	săhăidac
20755	săhăidăcar
20756	săhălbar
20757	săhăstricesc
20758	săhăstrie
20759	săiastră
20760	săidăcar
20761	săim
20762	săivan
20763	sălaș
20764	sălbatec
20765	sălbatecă
20766	sălbătici
20767	sălbăticime
20768	sălbăticiune
20769	sălbăticos
20770	sălbătăcesc
20771	sălbătăcie
20772	sălbătăcime
20773	sălbătăcire
20774	sălbătăcit
20775	sălbătăciune
20776	sălbățică
20777	sălbăție
20778	sălcet
20779	sălciniș
20780	sălcioară
20781	sălciu
20782	săleac
20783	sălie
20784	săliman
20785	săliște
20786	săliștean
20787	sălișteancă
20788	săliță
20789	sălta
20790	săltare
20791	săltăraș
20792	săltăreț
20793	săltătoare
20794	săltător
20795	săluit
20796	sălămâzdră
20797	sălășel
20798	sălășitoare
20799	sălășlui
20800	sălășluire
20801	sălășui
20802	sămeșie
20803	sămeșoaie
20804	sămânța
20805	sămădaș
20806	sămălui
20807	sămănătoare
20808	sămănătorist
20809	sămănătoristă
20810	sămănătură
20811	sănduc
20812	săneață
20813	sănia
20814	săniuță
20815	sănătoșel
20816	sănătăție
20817	săpaș
20818	săptămânar
20819	săpunar
20820	săpunariță
20821	săpuneală
20822	săpuni
20823	săpunică
20824	săpăligă
20825	săpălugă
20826	săpălău
20827	săpătoare
20828	săpător
20829	săpătură
20830	săra
20831	săracan
20832	sărad
20833	sărar
20834	sărbezit
20835	sărbătorie
20836	sărbătoriu
20837	sărciner
20838	săricică
20839	săriman
20840	sărin
20841	sărindar
20842	sărire
20843	săritoare
20844	săritură
20845	sărită
20846	sărman
20847	sărmăluță
20848	sărmănel
20849	sărmănuț
20850	sărsam
20851	săruman
20852	sărune
20853	săruta
20854	sărutare
20855	sărutat
20856	sărăcan
20857	sărăci
20858	sărăcilă
20859	sărăcime
20860	sărăcire
20861	sărăcuț
20862	sărăcăcios
20863	sărădit
20864	sărădui
20865	sărăduit
20866	sărăiman
20867	sărăman
20868	sărăntoacă
20869	sărăntoc
20870	sărăoaie
20871	sărărie
20872	sărătură
20873	săsesc
20874	săsoaică
20875	sătean
20876	săteancă
20877	sătesc
20878	sătișor
20879	sătucean
20880	sătucel
20881	sătul
20882	sătuleț
20883	sătura
20884	săturare
20885	sătănesc
20886	săvârși
20887	săvârșie
20888	săvârșitor
20889	sțenă
20890	tabac
20891	tabacheră
20892	tabacioc
20893	tabelare
20894	tabernacul
20895	tabie
20896	tabiet
20897	tabietliu
20898	tabinet
20899	tablier
20900	tabulație
20901	tabulhana
20902	tabulă
20903	tabun
20904	taburel
20905	tachi
20906	tacla
20907	taclit
20908	tacrir
20909	tact
20910	tactician
20911	tacticos
20912	tacâm
20913	tacă
20914	taefet
20915	taftur
20916	taftă
20917	tagmă
20918	tagă
20919	taheometru
20920	tahigrafie
20921	tahimetru
20922	tahmin
20923	tahometru
20924	taht
20925	taică
20926	taiefet
20927	taier
20928	taifas
20929	taifet
20930	tain
20931	tainic
20932	tainiță
20933	taior
20934	talabă
20935	talam
20936	talancă
20937	talangă
20938	talaniță
20939	talant
20940	talar
20941	talaz
20942	talaș
20943	taler
20944	talger
20945	talgeraș
20946	talhâș
20947	talhâșciu
20948	tali
20949	talian
20950	talion
20951	talmud
20952	talmudic
20953	talmudism
20954	talmudist
20955	talofită
20956	talona
20957	talpoș
20958	talpă
20959	taluza
20960	tamar
20961	tamarix
20962	tamazlâc
20963	tambura
20964	tamburina
20965	tambură
20966	tana
20967	tanana
20968	tanant
20969	tandreță
20970	tanduriu
20971	tanea
20972	tangara
20973	tantal
20974	tanău
20975	tapangea
20976	tapir
20977	tapisa
20978	tapița
20979	tapoșnic
20980	tapă
20981	tarabagiu
20982	tarabulus
20983	tarabă
20984	tarac
20985	taraf
20986	tarantelă
20987	tarapana
20988	tardigrad
20989	targă
20990	tarifa
20991	tarla
20992	tarlatan
20993	tarniță
20994	tarpan
20995	tars
20996	tarsana
20997	tarsian
20998	tartaj
20999	tartană
21000	tartar
21001	tartaric
21002	tartarin
21003	tartină
21004	tartoriță
21005	tartufe
21006	tasma
21007	tastieră
21008	tasă
21009	tatin
21010	tatona
21011	taurin
21012	tautologie
21013	tavernă
21014	taxacee
21015	taxid
21016	taxidar
21017	taxidărie
21018	taxie
21019	taxim
21020	taxâm
21021	tașcă
21022	teacă
21023	teafăr
21024	teamăt
21025	teanc
21026	teapă
21027	tearfă
21028	teară
21029	teasc
21030	teatralist
21031	teatralistă
21032	techergheu
21033	teck
21034	tecsui
21035	tectrice
21036	tecă
21037	teglă
21038	tehnicolor
21039	tehnologhie
21040	tehnoredacta
21041	tehnoredactor
21042	tehui
21043	teică
21044	teism
21045	teișor
21046	tejghea
21047	tejghetar
21048	telal
21049	teleagă
21050	telefonist
21051	telefotografia
21052	telegar
21053	teleghida
21054	telegraf
21055	telegrafia
21056	telegrafiat
21057	telegrafic
21058	telegrafie
21059	telegrafist
21060	telegramă
21061	teleguță
21062	teleimprimator
21063	teleleu
21064	teleloaică
21065	teleostean
21066	teleosteean
21067	teligraf
21068	telpiz
21069	telăliță
21070	temeinici
21071	temeli
21072	temenea
21073	temere
21074	temeritate
21075	temeteu
21076	temnic
21077	temnicer
21078	temniță
21079	temperament
21080	temperanță
21081	tempestate
21082	tempestă
21083	temporalitate
21084	temător
21085	tenac
21086	tenace
21087	tencui
21088	tencuit
21089	tendenționism
21090	tendență
21091	tendă
21092	tentacul
21093	tentare
21094	tentațiune
21095	teoforic
21096	teologal
21097	teorbă
21098	teoretiza
21099	teoretizare
21100	teosofie
21101	terafim
21102	terciui
21103	terebint
21104	terezie
21105	terfeli
21106	terfelog
21107	tergal
21108	tergiversațiune
21109	terigen
21110	terlic
21111	termică
21112	terminațiune
21113	termochimic
21114	termofil
21115	termoizolator
21116	termonuclear
21117	ternar
21118	terorizare
21119	terpentină
21120	tersana
21121	tertel
21122	tertip
21123	terzibașă
21124	terziman
21125	terțet
21126	terțină
21127	terțiu
21128	tesac
21129	tescovină
21130	tescovinărit
21131	tescui
21132	tescuit
21133	teslar
21134	teslă
21135	teslărie
21136	testaceu
21137	testamentar
21138	testea
21139	testemel
21140	testimoniu
21141	tetea
21142	tetracord
21143	tetrad
21144	tetraevanghel
21145	tetragon
21146	tetragonal
21147	tetragonon
21148	tetrametru
21149	tetrapod
21150	tetrarh
21151	tetravanghel
21152	tetrea
21153	tetă
21154	teu
21155	teucă
21156	teuton
21157	tevatură
21158	textual
21159	tezaurar
21160	tezauriza
21161	tezirbașa
21162	tezirbașă
21163	tezism
21164	tezistă
21165	teșcherea
21166	teși
21167	teșitură
21168	teșmeni
21169	tiară
21170	tibișir
21171	ticală
21172	tichie
21173	tichiuță
21174	ticlui
21175	ticneală
21176	ticnire
21177	ticnit
21178	ticnă
21179	ticsi
21180	ticsui
21181	ticăit
21182	ticălos
21183	ticăloșenie
21184	ticăloșie
21185	ticăloșire
21186	ticăloșit
21187	ticăzui
21188	ticăzuit
21189	tidvă
21190	tific
21191	tiflă
21192	tifoid
21193	tifos
21194	tighel
21195	tigheli
21196	tignafes
21197	tigneală
21198	tignit
21199	tigoare
21200	tigresă
21201	tigroaică
21202	tigroaie
21203	tigră
21204	tigvă
21205	tigăiță
21206	tihneală
21207	tihnire
21208	tihnit
21209	tihnologhie
21210	tihnă
21211	tihăraie
21212	tilegraf
21213	tiliacee
21214	tiliaceu
21215	tilincă
21216	till
21217	timariot
21218	timbra
21219	timbral
21220	timf
21221	timiditate
21222	timonier
21223	timora
21224	timpină
21225	timus
21226	tinctorial
21227	tincă
21228	tindeche
21229	tindă
21230	tinerel
21231	tinereță
21232	tinerică
21233	tinerime
21234	tinge
21235	tingire
21236	tinichea
21237	tinichigiu
21238	tinos
21239	tină
21240	tioc
21241	tiohăi
21242	tiparnic
21243	tiparnică
21244	tiparnă
21245	tipicar
21246	tipie
21247	tipism
21248	tipiza
21249	tipograf
21250	tipograficesc
21251	tipografie
21252	tipsie
21253	tipări
21254	tipărie
21255	tipăritură
21256	tiradă
21257	tiran
21258	tiranic
21259	tiranicesc
21260	tiranie
21261	tiraniza
21262	tirant
21263	tirană
21264	tiriachiu
21265	tiriplic
21266	tiroid
21267	tiroleză
21268	tiron
21269	tirs
21270	tirănesc
21271	tirăni
21272	tirănie
21273	tisar
21274	tist
21275	tistaș
21276	tistimel
21277	tisă
21278	tisău
21279	tit
21280	titirez
21281	titiri
21282	titiun
21283	titor
21284	titoră
21285	titvă
21286	tiutiun
21287	tivgă
21288	tivi
21289	tivilichiu
21290	tivit
21291	tivitură
21292	tizană
21293	toacă
21294	toaie
21295	toană
21296	toarce
21297	toartă
21298	toast
21299	tobaș
21300	toboșar
21301	tobă
21302	tocană
21303	tocar
21304	toci
21305	tocire
21306	tocit
21307	tocitoare
21308	tocmag
21309	tocmală
21310	tocmeală
21311	tocmi
21312	tocmire
21313	tocni
21314	tocăner
21315	tocănit
21316	tocănău
21317	tofana
21318	tog
21319	togă
21320	toiag
21321	toiegel
21322	tokai
21323	tolbaș
21324	tolbă
21325	tolcer
21326	toligă
21327	toloacă
21328	tolocăni
21329	tologi
21330	tololoi
21331	tolănit
21332	tombateră
21333	tomentos
21334	tomna
21335	tomnatec
21336	tomnatic
21337	tonos
21338	tont
21339	topancă
21340	topeală
21341	topenie
21342	topi
21343	topilă
21344	topitoare
21345	topitor
21346	topitură
21347	topliță
21348	topometru
21349	toponim
21350	toponimic
21351	toponimie
21352	topor
21353	toporaș
21354	toporași
21355	toporișcă
21356	toporiște
21357	toporâște
21358	toptan
21359	toptangiu
21360	topuz
21361	torbă
21362	torcălău
21363	torcătoare
21364	toreador
21365	torent
21366	toriu
21367	toriște
21368	toroipan
21369	toropeală
21370	toropi
21371	toropitor
21372	toroști
21373	torpilor
21374	torr
21375	torsadă
21376	torsiona
21377	torsătură
21378	tortă
21379	torțel
21380	torție
21381	totime
21382	totoloț
21383	toval
21384	tovarăș
21385	tovarășă
21386	tovărășie
21387	tovărășiță
21388	toxicoman
21389	toxicomanie
21390	tracasa
21391	tractat
21392	tractație
21393	tractațiune
21394	tractir
21395	tractirgiu
21396	tracă
21397	tradiționalism
21398	tradițiune
21399	traductibil
21400	traducție
21401	traducțiune
21402	trafora
21403	tragedian
21404	tragică
21405	tragodie
21406	tragăn
21407	traheal
21408	trahit
21409	trainic
21410	traistă
21411	tramcar
21412	tramontana
21413	trampa
21414	trancana
21415	trandafiraș
21416	trandafiriu
21417	transacție
21418	transborda
21419	transcarpatin
21420	transcendent
21421	transcendental
21422	transcendentalist
21423	transcendență
21424	transcris
21425	transfigurat
21426	transformație
21427	transformațiune
21428	transformism
21429	transformist
21430	transfug
21431	transfuza
21432	transfuziune
21433	transgresa
21434	transhumant
21435	transhumanță
21436	translare
21437	translațiune
21438	transliterație
21439	transmutație
21440	transperant
21441	transuranic
21442	transvaza
21443	tranzacțiune
21444	tranzient
21445	tranzistoriza
21446	tranzițiune
21447	tranșee
21448	tranșeu
21449	trap
21450	trapezare
21451	trapezist
21452	trapezărie
21453	trapist
21454	tratarisi
21455	tratarisit
21456	tratație
21457	tratațiune
21458	trată
21459	trauler
21460	traversă
21461	travestire
21462	treacăt
21463	treanță
21464	treapăd
21465	treapăt
21466	treasc
21467	treaz
21468	trebuincios
21469	trebuință
21470	trebuitor
21471	trebunal
21472	trebușoară
21473	trebălui
21474	trecător
21475	trefila
21476	treflă
21477	tregher
21478	treiera
21479	treieriș
21480	treierătoare
21481	treisfetite
21482	treisprezecelea
21483	treizecilea
21484	tremete
21485	tremolo
21486	tremurare
21487	tremurând
21488	tremurător
21489	tremurătură
21490	tremă
21491	trenchcoat
21492	trenă
21493	trențeros
21494	trențăros
21495	trepan
21496	trepana
21497	trepanație
21498	trepidație
21499	trepta
21500	trepădătoare
21501	trepădător
21502	trestie
21503	trestioară
21504	tresă
21505	tresărire
21506	tresărit
21507	tretin
21508	tretină
21509	treucă
21510	trezie
21511	trezvie
21512	trianglu
21513	triangul
21514	triangula
21515	triangular
21516	triasic
21517	tribord
21518	tribun
21519	tribună
21520	tricefal
21521	trichină
21522	triclinium
21523	tricolici
21524	tricorn
21525	tricota
21526	tricozenie
21527	trictrac
21528	trierat
21529	trieră
21530	trifid
21531	trifoiște
21532	trifoliat
21533	trigam
21534	triglif
21535	tril
21536	trilobat
21537	trimes
21538	trimete
21539	trimetere
21540	trimițător
21541	trin
21542	trinchet
21543	trinitarian
21544	trinitrotoluen
21545	trio
21546	triodă
21547	triolet
21548	trior
21549	triora
21550	trioxid
21551	tripartiție
21552	triplic
21553	triplicitate
21554	tripol
21555	tripotaj
21556	tripou
21557	triremă
21558	tristeță
21559	triumfal
21560	triumfător
21561	triumvir
21562	trivial
21563	trivialitate
21564	trivializa
21565	trivogă
21566	trișcă
21567	troacă
21568	troahnă
21569	trocar
21570	trocuță
21571	trofie
21572	trog
21573	trohaic
21574	troheu
21575	trohin
21576	troică
21577	troienit
21578	troiță
21579	trombaci
21580	tromblon
21581	tromboane
21582	trombocit
21583	trombocită
21584	trombon
21585	trompet
21586	trompetaș
21587	tronc
21588	tronconic
21589	troncăni
21590	troncănit
21591	tronișor
21592	trop
21593	tropicaliza
21594	tropie
21595	tropos
21596	tropot
21597	tropotită
21598	tropăială
21599	tropăit
21600	troscot
21601	troscoțel
21602	trosnet
21603	trosni
21604	trosnitură
21605	trot
21606	trouvaille
21607	trubaci
21608	trubadur
21609	trubaduresc
21610	truca
21611	trudit
21612	trudnic
21613	trudă
21614	trufanda
21615	trufaș
21616	trufie
21617	trufășie
21618	trulă
21619	trumbaci
21620	trunchiu
21621	trupeș
21622	trupină
21623	trupușor
21624	trupșor
21625	truver
21626	trâmbicer
21627	trâmbița
21628	trâmbițar
21629	trâmbițare
21630	trâmbițaș
21631	trâmbiță
21632	trâmbă
21633	trând
21634	trândav
21635	trândăvie
21636	trândăvire
21637	trânteală
21638	trânti
21639	trântitură
21640	trântor
21641	trântă
21642	trăda
21643	trădanie
21644	trădător
21645	trăgaci
21646	trăgăna
21647	trăgănare
21648	trăgănat
21649	trăgător
21650	trăinicie
21651	trăistuță
21652	trămis
21653	trămite
21654	trăncăneală
21655	trăncăni
21656	trăsnet
21657	trăsni
21658	trăsnit
21659	trăsurică
21660	trăsură
21661	trătaj
21662	tubalhana
21663	tuberculos
21664	tuberculă
21665	tuberos
21666	tubiform
21667	tubulos
21668	tuci
21669	tudesc
21670	tufar
21671	tufecci
21672	tufiș
21673	tufli
21674	tufos
21675	tufă
21676	tufănică
21677	tufăriș
21678	tuieș
21679	tulburat
21680	tulean
21681	tulei
21682	tuleu
21683	tulichină
21684	tulimean
21685	tulipan
21686	tulipă
21687	tulit
21688	tulnic
21689	tulpan
21690	tulpiniță
21691	tult
21692	tulumbagiu
21693	tulumbui
21694	tulumbuire
21695	tulumbuit
21696	tulumbă
21697	tulă
21698	tumbac
21699	tumbelechi
21700	tumbelehi
21701	tumbă
21702	tumult
21703	tumultuos
21704	tumurluc
21705	tumurug
21706	tuna
21707	tunar
21708	tunare
21709	tunet
21710	tunică
21711	tunsură
21712	tunărire
21713	tunător
21714	tupi
21715	turaliu
21716	turb
21717	turban
21718	turbare
21719	turbat
21720	turbincă
21721	turboreactor
21722	turbur
21723	turbura
21724	turburare
21725	turburat
21726	turbure
21727	turbureală
21728	turburel
21729	turburător
21730	turbăciune
21731	turcime
21732	turcism
21733	turcit
21734	turcoaică
21735	turcoaie
21736	turcofil
21737	turcoman
21738	turcomerit
21739	turculeț
21740	turduluc
21741	tureac
21742	tureatc
21743	tureatcă
21744	turiac
21745	turingiu
21746	turiște
21747	turiță
21748	turjan
21749	turlac
21750	turluban
21751	turlă
21752	turment
21753	turmenta
21754	turmă
21755	turna
21756	turnant
21757	turnuleț
21758	turnus
21759	turnătorie
21760	turnătură
21761	turpitudine
21762	turti
21763	turtire
21764	turtucă
21765	turtur
21766	turturea
21767	turturel
21768	turturică
21769	turtură
21770	turtă
21771	turuială
21772	turungiu
21773	tuslama
21774	tustrei
21775	tusă
21776	tutelă
21777	tutor
21778	tutora
21779	tutui
21780	tutunar
21781	tutungiu
21782	tutuniu
21783	tutunărie
21784	tuz
21785	tuzluc
21786	tușa
21787	tușică
21788	tușina
21789	tușinat
21790	tușit
21791	tuție
21792	tâlc
21793	tâlcui
21794	tâlcuire
21795	tâlcuitoare
21796	tâlhar
21797	tâlhărășug
21798	tâlmace
21799	tâlmaci
21800	tâlni
21801	tâlnit
21802	tâlv
21803	tâmbuș
21804	tâmbuși
21805	tâmpi
21806	tâmpina
21807	tâmpinare
21808	tâmpinat
21809	tâmpină
21810	tâmpire
21811	tâmplar
21812	tâmplare
21813	tâmplă
21814	tâmpănă
21815	tândale
21816	tândală
21817	tângui
21818	tânguială
21819	tânguios
21820	tânguire
21821	tânguitor
21822	tângă
21823	tânjală
21824	tânjea
21825	tânjire
21826	tânt
21827	tână
21828	târcav
21829	târcoală
21830	târcol
21831	târgoveață
21832	târgoveț
21833	târgui
21834	târguială
21835	târguleț
21836	târgușor
21837	târlic
21838	târlig
21839	târlă
21840	târn
21841	târnaț
21842	târnomată
21843	târnosi
21844	târnui
21845	târnuit
21846	târnăcop
21847	târsână
21848	târsă
21849	târtiță
21850	târzior
21851	târâit
21852	târâitoare
21853	târâtor
21854	târâtură
21855	târâș
21856	târî
21857	târă
21858	târș
21859	târșâi
21860	tăbac
21861	tăblie
21862	tăbliță
21863	tăblăluță
21864	tăbulație
21865	tăbultoc
21866	tăbârcea
21867	tăbârcit
21868	tăbârcă
21869	tăbăcar
21870	tăbăceală
21871	tăbăci
21872	tăbăcire
21873	tăbăcăresc
21874	tăciuna
21875	tăciune
21876	tăgadnic
21877	tăgădui
21878	tăgăduială
21879	tăgăduință
21880	tăgăduire
21881	tăiculiță
21882	tăier
21883	tăietor
21884	tăieței
21885	tăifăsuit
21886	tăinicie
21887	tăinui
21888	tăinuitoare
21889	tăinuitor
21890	tăios
21891	tăiuș
21892	tăiș
21893	tălabă
21894	tălaniță
21895	tălhar
21896	tălhărășug
21897	tăligraf
21898	tălmace
21899	tălmaci
21900	tălmăci
21901	tălmăcire
21902	tălmăcitor
21903	tălpaș
21904	tălpig
21905	tălpui
21906	tălpălagă
21907	tălpălui
21908	tălălău
21909	tălășman
21910	tămbălău
21911	tămâia
21912	tămâie
21913	tămâier
21914	tămâiere
21915	tămâios
21916	tămâiță
21917	tămădui
21918	tămăduire
21919	tăntălău
21920	tăpșan
21921	tărbacă
21922	tărbăceală
21923	tărbăci
21924	tărbăcit
21925	tărca
21926	tărcat
21927	tărcuș
21928	tărhat
21929	tăricel
21930	tărișor
21931	tăroasă
21932	tărăboi
21933	tărăbuță
21934	tărăgăi
21935	tărăgăna
21936	tărăgănire
21937	tătar
21938	tătarcă
21939	tătucă
21940	tătuță
21941	tătăiș
21942	tătăiși
21943	tătăișă
21944	tătăraș
21945	tătăresc
21946	tătărime
21947	tătăroaică
21948	tătărî
21949	tăun
21950	tăune
21951	tăut
21952	tăuțean
21953	tăuțeancă
21954	tăuțesc
21955	tăvăleală
21956	tăvăli
21957	tăvălire
21958	tăvăluc
21959	tășca
21960	ubicuitate
21961	ucaz
21962	ucenic
21963	ucid
21964	ucigaș
21965	ucigător
21966	ucizător
21967	uclei
21968	udeală
21969	udătură
21970	ued
21971	uger
21972	ughi
21973	uha
21974	uiagă
21975	uică
21976	uiet
21977	uimeală
21978	uimă
21979	uitare
21980	uitit
21981	uituc
21982	uitător
21983	uitătură
21984	uium
21985	ujină
21986	ulancă
21987	ulcea
21988	ulceros
21989	ulcică
21990	ulcior
21991	ulcioraș
21992	ulduoare
21993	uleia
21994	uleu
21995	ulicioară
21996	uliu
21997	ulițarnic
21998	uliță
21999	ulm
22000	ulmenean
22001	ulmet
22002	ultimat
22003	ultrabazic
22004	ultrademocrată
22005	ultragiat
22006	ultragiu
22007	ultraliberal
22008	ultramicroscop
22009	ultrascurt
22010	ultrasonor
22011	uluc
22012	uluci
22013	ulucă
22014	uluială
22015	uluire
22016	uluit
22017	umanioare
22018	umanistic
22019	umanitarism
22020	umanitarist
22021	umanitaristă
22022	umaniza
22023	umbelat
22024	umbelifer
22025	umbeliform
22026	umbelă
22027	umblet
22028	umblător
22029	umbrar
22030	umbreluță
22031	umbri
22032	umbriș
22033	umbros
22034	umecta
22035	umeros
22036	umezi
22037	umflătură
22038	umil
22039	umiliațiune
22040	umilire
22041	umoare
22042	umorist
22043	umplea
22044	uncheș
22045	unchi
22046	unchiaș
22047	uncrop
22048	unda
22049	undametru
22050	undare
22051	undelemn
22052	undi
22053	undire
22054	undit
22055	undiță
22056	undoios
22057	undos
22058	unduios
22059	unduire
22060	unduit
22061	undulat
22062	undulos
22063	unelti
22064	uneltire
22065	ungher
22066	ungheț
22067	unghișoară
22068	ungulat
22069	ungur
22070	unguraș
22071	ungurean
22072	ungureancă
22073	unguresc
22074	ungurime
22075	unguroaică
22076	uniat
22077	unicolor
22078	unicord
22079	uniflor
22080	uniformitate
22081	unilateralitate
22082	unipersonal
22083	unisexuat
22084	universitate
22085	unsoare
22086	unsprezecelea
22087	unsuros
22088	untdelemn
22089	untdelemniu
22090	untișor
22091	untos
22092	unturos
22093	unulea
22094	urale
22095	urație
22096	urbanitate
22097	urbaniza
22098	urbariu
22099	urceolat
22100	urcuș
22101	urdar
22102	urdie
22103	urdinare
22104	urdiniș
22105	urdoare
22106	urduros
22107	urdă
22108	urecheală
22109	urechelniță
22110	uredinală
22111	urgie
22112	urgisi
22113	urgisire
22114	uriadnic
22115	uricar
22116	uricios
22117	uriciune
22118	urieșesc
22119	urieșiță
22120	urla
22121	urlare
22122	urlet
22123	urlui
22124	urluială
22125	urlup
22126	urlător
22127	urmaș
22128	urni
22129	urnire
22130	ursa
22131	ursar
22132	ursit
22133	ursitoare
22134	ursitor
22135	ursită
22136	ursoaie
22137	ursulină
22138	ursuz
22139	ursuzluc
22140	ursă
22141	ursăresc
22142	urticacee
22143	urticant
22144	urui
22145	uruială
22146	uruioc
22147	uruit
22148	uruitoare
22149	uruitură
22150	urzeală
22151	urzi
22152	urzicar
22153	urzicător
22154	urzire
22155	urzitoare
22156	urzitor
22157	urzitură
22158	urzoi
22159	urâcios
22160	urâciune
22161	urâtor
22162	urâțenie
22163	urâți
22164	urâțit
22165	urăciune
22166	urșinic
22167	uscioară
22168	uscăcios
22169	uscătură
22170	uscățea
22171	uscățele
22172	uscățesc
22173	uscățică
22174	uscățiv
22175	usebi
22176	usebire
22177	usturoia
22178	usturoiță
22179	usuc
22180	usăbire
22181	utilitarism
22182	utrene
22183	utrenie
22184	utrină
22185	uvertură
22186	uvragiu
22187	uvraj
22188	uvrier
22189	uvrieră
22190	uvular
22191	uvulă
22192	uza
22193	uzi
22194	uzita
22195	uzurar
22196	uzurpa
22197	uzurpatoare
22198	uzurpator
22199	uzurpație
22200	uzurpațiune
22201	ușchior
22202	ușcior
22203	ușer
22204	ușernic
22205	ușier
22206	ușiță
22207	uștior
22208	ușuliță
22209	ușur
22210	ușurare
22211	ușurat
22212	ușuratic
22213	ușure
22214	ușurel
22215	ușurătate
22216	ușurător
22217	vac
22218	vacanție
22219	vaccinatoare
22220	vaccinator
22221	vacs
22222	vacuolă
22223	vadea
22224	vadră
22225	vagabond
22226	vagabondaj
22227	vagabondă
22228	vagină
22229	vagmistru
22230	vagon
22231	vagonet
22232	vagonetă
22233	vaier
22234	vaiet
22235	vajnic
22236	valah
22237	valerianacee
22238	validitare
22239	valmă
22240	valonă
22241	valorificabil
22242	vals
22243	valsam
22244	valtrap
22245	valvulă
22246	valvârtej
22247	valău
22248	valț
22249	vameș
22250	vamă
22251	vanitate
22252	vanitos
22253	vană
22254	vapel
22255	vapor
22256	vaporos
22257	vardist
22258	vargă
22259	variete
22260	varieteu
22261	variu
22262	varmeghie
22263	varniță
22264	varoș
22265	vartă
22266	varvar
22267	varvarie
22268	varvarism
22269	vasal
22270	vasalitate
22271	vasală
22272	vasel
22273	vasilian
22274	vasomotor
22275	vatav
22276	vaticinație
22277	vatră
22278	vavilonesc
22279	vavilonic
22280	vază
22281	vașel
22282	veacă
22283	vece
22284	vecerne
22285	vecernie
22286	vechie
22287	vechil
22288	vechitură
22289	vecie
22290	vecinic
22291	vecinicie
22292	vecinică
22293	vecinie
22294	vecsel
22295	vedeală
22296	vedenie
22297	vedera
22298	vederat
22299	vederos
22300	vegetare
22301	vegetațional
22302	vegetațiune
22303	veghea
22304	vegheat
22305	vegheată
22306	veghere
22307	veghetoare
22308	veghia
22309	veghiat
22310	veghiere
22311	vehemență
22312	velară
22313	veleat
22314	veleitate
22315	velină
22316	velință
22317	velit
22318	veliște
22319	velnicer
22320	velniș
22321	velnițar
22322	velniță
22323	velociped
22324	venal
22325	venalitate
22326	venera
22327	venerabil
22328	venerațiune
22329	veneri
22330	venetic
22331	vengher
22332	venghercă
22333	venin
22334	venina
22335	veninat
22336	veninos
22337	venire
22338	venitor
22339	venitură
22340	ventriloc
22341	ventru
22342	veracitate
22343	verbalism
22344	verbiaj
22345	verc
22346	verdete
22347	veresie
22348	vergea
22349	vergel
22350	vergela
22351	vergelea
22352	vergin
22353	vergur
22354	vergurie
22355	vergură
22356	veric
22357	verigar
22358	verigaș
22359	verigașă
22360	verigel
22361	verigă
22362	verin
22363	verincă
22364	verină
22365	verist
22366	veritate
22367	verișoară
22368	verișor
22369	verișorică
22370	vermicid
22371	vermicular
22372	vermiform
22373	vermină
22374	vermis
22375	vermutiza
22376	veronal
22377	veronică
22378	verosimilitate
22379	versificare
22380	versificat
22381	versificatoare
22382	versificație
22383	versificațiune
22384	verstă
22385	versuit
22386	versuitor
22387	vertebrat
22388	verticil
22389	verticilat
22390	vervă
22391	verzal
22392	verzel
22393	verzișoară
22394	verzișor
22395	verzui
22396	verș
22397	verșoc
22398	veseli
22399	veselit
22400	veselitor
22401	veselos
22402	vesmânt
22403	vestală
22404	vesteji
22405	vestejit
22406	vestibul
22407	vestimentație
22408	vestit
22409	vestitor
22410	vestmânt
22411	veston
22412	vetrelă
22413	vetrilă
22414	veturin
22415	vetustate
22416	veveriță
22417	vexare
22418	vexat
22419	vexatoriu
22420	vexațiune
22421	vexilar
22422	vexilologie
22423	vezeteu
22424	vezicant
22425	vezicator
22426	vezir
22427	vezirie
22428	vezuină
22429	vezunie
22430	vezurină
22431	veșcă
22432	veșmânt
22433	veșnici
22434	veșnicire
22435	veșnicit
22436	veșted
22437	veșteji
22438	veștejire
22439	veștezit
22440	veștmânt
22441	vibrare
22442	vibratil
22443	vibratoriu
22444	vibrațiune
22445	vibrion
22446	vicariat
22447	viceconsul
22448	viceprezident
22449	vicerege
22450	vicinal
22451	viclean
22452	vicleim
22453	viclenesc
22454	viclenie
22455	viclenire
22456	viclenit
22457	viclenitor
22458	vicleșug
22459	vicoli
22460	vidanjor
22461	videnie
22462	videocasetă
22463	videofon
22464	vidmă
22465	vidră
22466	vieneză
22467	vier
22468	viere
22469	viermișor
22470	viermușor
22471	viermănar
22472	viermănos
22473	viers
22474	viersui
22475	viesc
22476	viespar
22477	viespoi
22478	vietate
22479	viezuime
22480	viezuină
22481	viezunie
22482	viezure
22483	viezurimă
22484	viezurină
22485	viețuire
22486	viețuitor
22487	vifol
22488	vifor
22489	viforniță
22490	viforos
22491	viforât
22492	viforă
22493	vigan
22494	vigavor
22495	viglă
22496	viguros
22497	vihor
22498	viitorie
22499	viitorime
22500	viitorolog
22501	viișoară
22502	vijelie
22503	vijelios
22504	vijunie
22505	vilaiet
22506	vilayat
22507	vileag
22508	vilegiaturist
22509	vilegiatură
22510	viligiatură
22511	vin-ars
22512	vinars
22513	vinaț
22514	vindere
22515	vinderel
22516	vindereu
22517	vindic
22518	vineriță
22519	vinețea
22520	vinețeală
22521	vinețel
22522	vinețică
22523	vinețiu
22524	vinge
22525	vinghercă
22526	vini
22527	vinifica
22528	vinitură
22529	viniu
22530	vinișor
22531	vinograd
22532	vinovăți
22533	vinteș
22534	vintir
22535	vintre
22536	vinui
22537	vinuț
22538	vinărit
22539	vințeler
22540	vioiciune
22541	violație
22542	violațiune
22543	violentare
22544	violentat
22545	violină
22546	vior
22547	viore
22548	viorea
22549	viorică
22550	viorist
22551	vioristă
22552	vioriu
22553	vioșeală
22554	vioșie
22555	viperă
22556	vipie
22557	vipt
22558	vipușcă
22559	vir
22560	viranea
22561	virga
22562	virginal
22563	virgină
22564	viril
22565	virilitate
22566	viroagă
22567	virotic
22568	virtuoază
22569	virtuos
22570	virtuozitate
22571	viscer
22572	viscere
22573	viscoli
22574	viscolire
22575	viscozimetru
22576	vison
22577	vist
22578	vistavoi
22579	visterie
22580	visternic
22581	visternicie
22582	vistier
22583	vistierie
22584	vistiernic
22585	visător
22586	visătorie
22587	vitacee
22588	vitalism
22589	vitalist
22590	viteaz
22591	vitejesc
22592	vitejie
22593	vitelin
22594	vitellus
22595	vitregi
22596	vitregie
22597	vitrifica
22598	vitrig
22599	vitrină
22600	vitriol
22601	vitriolat
22602	vitrion
22603	vitupera
22604	vituță
22605	vivandieră
22606	vivant
22607	viveur
22608	vivifica
22609	vivipar
22610	vivisecționa
22611	vivliotică
22612	vivor
22613	vizigot
22614	vizir
22615	viziral
22616	vizirat
22617	viziresc
22618	vizirial
22619	vizitcă
22620	vizitiu
22621	viziună
22622	vizonie
22623	vizualitate
22624	vizuină
22625	vizunie
22626	vizurină
22627	vișeuan
22628	vișeuancă
22629	vișin
22630	vișinap
22631	viț
22632	vițea
22633	vițel
22634	vițelar
22635	vițelușă
22636	viți
22637	vițiat
22638	vițică
22639	vițios
22640	vițiu
22641	viță
22642	vladnic
22643	vlagă
22644	vlah
22645	vlahă
22646	vlastă
22647	vlavie
22648	vlădicesc
22649	vlădicie
22650	vlădică
22651	vlăgui
22652	vlăjgan
22653	vlăjgană
22654	vlăstar
22655	voal
22656	voalură
22657	voame
22658	voatră
22659	voavă
22660	vocabulariu
22661	vocalic
22662	vocaliză
22663	vocațiune
22664	vociferant
22665	vodevil
22666	voiagiu
22667	voiaj
22668	voiajat
22669	voievodat
22670	voinicească
22671	voinicel
22672	voinicesc
22673	voinicie
22674	voinicos
22675	voinică
22676	voios
22677	voioșie
22678	voire
22679	voitor
22680	voivod
22681	volburos
22682	volbură
22683	volcan
22684	vole
22685	volet
22686	volgă
22687	volintir
22688	volintiraș
22689	volintiresc
22690	volintiroi
22691	volițional
22692	volnic
22693	volnici
22694	volnicie
22695	volnicit
22696	voltaic
22697	voltare
22698	voltijă
22699	voltă
22700	volubil
22701	volubilitate
22702	volumaș
22703	voluntarism
22704	voluntarist
22705	voluptate
22706	voluptos
22707	voluptuos
22708	volută
22709	volănaș
22710	vomer
22711	vomic
22712	vomisment
22713	vomitare
22714	vomitiv
22715	vonicer
22716	vopaiță
22717	vopseală
22718	vorbar
22719	vorbareț
22720	vorbuliță
22721	vorbăraie
22722	vorbăreț
22723	vorbărie
22724	vornic
22725	vorniceasă
22726	vornicel
22727	vornici
22728	vornicie
22729	vornicit
22730	vorniciță
22731	voroavă
22732	voronețean
22733	vorovi
22734	vorovire
22735	vorovit
22736	vosgian
22737	vosgleșenie
22738	vospă
22739	vost
22740	votație
22741	votri
22742	votru
22743	votum
22744	vozglașenie
22745	vrace
22746	vraci
22747	vraf
22748	vraiște
22749	vrajbă
22750	vraje
22751	vrajmă
22752	vrajă
22753	vraniță
22754	vrană
22755	vrav
22756	vreasc
22757	vrecesc
22758	vrednici
22759	vrednicie
22760	vrej
22761	vremealnic
22762	vremelnic
22763	vremelnicesc
22764	vrere
22765	vroi
22766	vroință
22767	vroit
22768	vrun
22769	vrunul
22770	vrută
22771	vrâsnic
22772	vrâsta
22773	vrâstat
22774	vrâstnic
22775	vrâstă
22776	vrăbioară
22777	vrăbioi
22778	vrăbiuță
22779	vrăcesc
22780	vrăciță
22781	vrăjbit
22782	vrăji
22783	vrăjire
22784	vrăjit
22785	vrăjitoare
22786	vrăjitor
22787	vrăjitoresc
22788	vrăjitură
22789	vrăjmaș
22790	vrăjmășesc
22791	vrăjmăși
22792	vrăjmășie
22793	vrăjmășire
22794	vrăjmășit
22795	vrăjmășos
22796	vrășmaș
22797	vuet
22798	vuiet
22799	vuire
22800	vulcanism
22801	vulcaniza
22802	vulg
22803	vulgar
22804	vulgaritate
22805	vulgarizare
22806	vulgarizat
22807	vulgarizator
22808	vulnerar
22809	vulnerat
22810	vulpe
22811	vulpesc
22812	vulpoi
22813	vultan
22814	vultoare
22815	vultur
22816	vulturaș
22817	vulturesc
22818	vulturoaie
22819	vulvoare
22820	vutcă
22821	vâj
22822	vâjiitură
22823	vâjâială
22824	vâjâire
22825	vâjâit
22826	vâjâitor
22827	vâjâitură
22828	vâlced
22829	vâlcică
22830	vâlfă
22831	vâlnic
22832	vâltoare
22833	vâltora
22834	vâlvoare
22835	vâlvătaie
22836	vâna
22837	vânare
22838	vânat
22839	vânj
22840	vânjos
22841	vânos
22842	vânteș
22843	vântișor
22844	vântoase
22845	vântoasă
22846	vântrea
22847	vântui
22848	vântuleț
22849	vântura
22850	vânturar
22851	vânturare
22852	vânturel
22853	vânturos
22854	vânturătoare
22855	vânturător
22856	vânzoli
22857	vânăt
22858	vânător
22859	vânătoresc
22860	vânătorie
22861	vânătură
22862	vârcolac
22863	vârcă
22864	vârdină
22865	vârfui
22866	vârfuit
22867	vârfuleț
22868	vârghină
22869	vârlan
22870	vârlugă
22871	vârtecuș
22872	vârtej
22873	vârtejit
22874	vârtelniță
22875	vârtos
22876	vârtoșie
22877	vârtute
22878	vârv
22879	vârvar
22880	vârvare
22881	vârvuț
22882	vârî
22883	vârșă
22884	vâslaș
22885	vâslă
22886	vâzdoagă
22887	văcar
22888	văcsui
22889	văcsuit
22890	văcsuitor
22891	văcușoară
22892	văcăli
22893	văcălie
22894	văcărie
22895	văcărit
22896	vădan
22897	vădană
22898	vădi
22899	vădire
22900	vădrărit
22901	văduv
22902	văduvar
22903	văduvesc
22904	văduvie
22905	văduvioară
22906	văduvire
22907	văduviță
22908	văduvoi
22909	văgaș
22910	văgăună
22911	văicăreală
22912	văieta
22913	văietare
22914	văietat
22915	văita
22916	văitare
22917	văităreț
22918	văitător
22919	văitătură
22920	văiugă
22921	văl
22922	vălcea
22923	vălcică
22924	văleancă
22925	văleat
22926	vălmășag
22927	vălmășeală
22928	vălmășit
22929	vălug
22930	vălurat
22931	vălvătaie
22932	vălătuc
22933	vălău
22934	vălțui
22935	vămui
22936	văpaie
22937	văpaiță
22938	văpsea
22939	văpseală
22940	văpsi
22941	văpsit
22942	văpăiere
22943	văpăire
22944	văr
22945	văra
22946	vărare
22947	vărat
22948	văratic
22949	vărgat
22950	vărguță
22951	vărgățel
22952	văros
22953	vărsare
22954	vărsământ
22955	vărsătoare
22956	vărsătură
22957	vărui
22958	văruială
22959	vărvăresc
22960	vărvărie
22961	vărzar
22962	vărzare
22963	vărzui
22964	văsușor
22965	vătaf
22966	vătaj
22967	vătajniță
22968	vătav
22969	vătaș
22970	vătrai
22971	vătral
22972	vătrar
22973	vătui
22974	vătuie
22975	vătăjel
22976	vătăjesc
22977	vătăji
22978	vătăjie
22979	vătăjit
22980	vătăma
22981	vătăman
22982	vătămător
22983	vătămătură
22984	vătășel
22985	vătășesc
22986	vătăși
22987	vătășie
22988	vătășoaie
22989	văz
22990	văzduh
22991	wagnerian
22992	wagneriană
22993	weltanschauung
22994	whig
22995	whist
22996	wilayat
22997	wolframat
22998	wolframic
22999	xenie
23000	xenocrație
23001	xeres
23002	xerofit
23003	xerofită
23004	xerografia
23005	xerografie
23006	xeroxa
23007	xilofag
23008	xilografie
23009	xist
23010	yeoman
23011	yolă
23012	ytriu
23013	zaana
23014	zaara
23015	zabet
23016	zabit
23017	zabon
23018	zabrac
23019	zabun
23020	zacare
23021	zacaș
23022	zacherlină
23023	zacheză
23024	zacingui
23025	zaciuială
23026	zaciș
23027	zacon
23028	zaconic
23029	zacuții
23030	zacăș
23031	zad
23032	zadarnic
23033	zadie
23034	zadă
23035	zaerea
23036	zafir
23037	zagalaucă
23038	zagalovcă
23039	zagan
23040	zahan
23041	zaharagiu
23042	zahare
23043	zaharea
23044	zaharerie
23045	zaharica
23046	zaharicale
23047	zaharifiabil
23048	zaharifica
23049	zaharisi
23050	zaharisit
23051	zaharniță
23052	zaharos
23053	zaharărie
23054	zahere
23055	zaherea
23056	zaheregiu
23057	zaherărie
23058	zahirea
23059	zahrea
23060	zahărărie
23061	zaică
23062	zaif
23063	zaiflic
23064	zaiflâc
23065	zaim
23066	zaimf
23067	zalam
23068	zalfă
23069	zalhana
23070	zalisi
23071	zalisit
23072	zală
23073	zambil
23074	zambilică
23075	zambilie
23076	zambol
23077	zamcă
23078	zamfiră
23079	zamnată
23080	zampara
23081	zamparagiu
23082	zamparale
23083	zamparalâc
23084	zamparlâc
23085	zamă
23086	zapa
23087	zapateado
23088	zapcea
23089	zapcială
23090	zapcie
23091	zapcierie
23092	zapcii
23093	zapcilic
23094	zapcilâc
23095	zapciu
23096	zapis
23097	zapiscă
23098	zaplan
23099	zaplaz
23100	zapor
23101	zapt
23102	zaraf
23103	zarafir
23104	zarba
23105	zarf
23106	zarifior
23107	zariște
23108	zarmacliu
23109	zarmacup
23110	zarpa
23111	zarvă
23112	zarvăt
23113	zarzam
23114	zarzavagiu
23115	zarzavat
23116	zarzavela
23117	zarzăr
23118	zarzăre
23119	zarzără
23120	zară
23121	zatocenie
23122	zaton
23123	zaur
23124	zavatră
23125	zaveadă
23126	zaveasă
23127	zavergiu
23128	zaverisire
23129	zaveră
23130	zavescă
23131	zaveză
23132	zavisliv
23133	zavisnic
23134	zavist
23135	zavisti
23136	zavistic
23137	zavistie
23138	zavistii
23139	zavistiit
23140	zavistios
23141	zavistliv
23142	zavistnic
23143	zavistnicie
23144	zavistos
23145	zavistru
23146	zavistui
23147	zavistuire
23148	zavistuit
23149	zavistuitor
23150	zavrac
23151	zbanghiu
23152	zbanț
23153	zbate
23154	zbatere
23155	zbeg
23156	zbeng
23157	zbenguială
23158	zbenguit
23159	zbici
23160	zbiciui
23161	zbiciula
23162	zbiciulat
23163	zbierare
23164	zbierat
23165	zbieret
23166	zbierăt
23167	zbierătură
23168	zbihui
23169	zbilț
23170	zbir
23171	zbirlic
23172	zbocotire
23173	zboicoș
23174	zbornic
23175	zborș
23176	zborși
23177	zborșit
23178	zbrehui
23179	zbroatec
23180	zbrăhoiet
23181	zbuciuma
23182	zbuciumare
23183	zbucnire
23184	zbughi
23185	zburare
23186	zburatic
23187	zburdalnic
23188	zburdatic
23189	zburdă
23190	zburdăciune
23191	zburdălnicie
23192	zburdător
23193	zburli
23194	zburî
23195	zburător
23196	zburătui
23197	zburături
23198	zburătură
23199	zburătăcit
23200	zbâlci
23201	zbânțuit
23202	zbârc
23203	zbârci
23204	zbârciog
23205	zbârcitură
23206	zbârcă
23207	zbârli
23208	zbârlit
23209	zbârn
23210	zbârnâială
23211	zbârnâit
23212	zbârnâitoare
23213	zbârnâitor
23214	zbârnăit
23215	zbârâi
23216	zdelcă
23217	zdici
23218	zdrahon
23219	zdravăn
23220	zdreanță
23221	zdreavăn
23222	zdreli
23223	zdrențos
23224	zdrențuit
23225	zdrențuros
23226	zdrențăros
23227	zdrob
23228	zdrobi
23229	zdrobitoare
23230	zdrobitură
23231	zdronț
23232	zdroși
23233	zdrumica
23234	zdruncen
23235	zdruncina
23236	zdruncinare
23237	zdruncinătură
23238	zdrăngăni
23239	zdrăngănit
23240	zdrăveni
23241	zeală
23242	zebereală
23243	zeberi
23244	zebrat
23245	zebrea
23246	zebu
23247	zeche
23248	zeciueală
23249	zeciui
23250	zeciuială
23251	zeciuire
23252	zecnetă
23253	zee
23254	zeefet
23255	zefir
23256	zeflemea
23257	zeflemisi
23258	zeflemist
23259	zefliu
23260	zeghe
23261	zeie
23262	zeiesc
23263	zeifica
23264	zeitate
23265	zeiță
23266	zel
23267	zelemet
23268	zelos
23269	zelot
23270	zembil
23271	zemintită
23272	zemnic
23273	zenital
23274	zerbaf
23275	zerme
23276	zestraș
23277	zestre
23278	zestricică
23279	zestrișoară
23280	zevzec
23281	zețar
23282	zețui
23283	zgaibă
23284	zgaldazină
23285	zgancă
23286	zgardă
23287	zgheab
23288	zgleamăn
23289	zglobiu
23290	zglăvoacă
23291	zglăvoc
23292	zgomotos
23293	zgorni
23294	zgreben
23295	zgrepțăna
23296	zgribulit
23297	zgriburit
23298	zgripsor
23299	zgripsur
23300	zgripțor
23301	zgripțoroaică
23302	zgripțoroi
23303	zgripțur
23304	zgripțuroaică
23305	zgripțuroi
23306	zgrunț
23307	zgrunțur
23308	zgrunțuros
23309	zgrăbunț
23310	zgrăbunțos
23311	zgrăbunță
23312	zgudui
23313	zguduire
23314	zguduitor
23315	zguduitură
23316	zgulaș
23317	zgulit
23318	zgâi
23319	zgâlțâi
23320	zgâlțâna
23321	zgâmboi
23322	zgâmăi
23323	zgândări
23324	zgândărit
23325	zgârc
23326	zgârcenie
23327	zgârci
23328	zgâria
23329	zgârieci
23330	zgârietor
23331	zgâtie
23332	zgâțâi
23333	zgărdan
23334	zgăria
23335	zgău
23336	zgăura
23337	ziafet
23338	ziaristic
23339	ziaristică
23340	zibelină
23341	zicere
23342	zicătoare
23343	zicător
23344	zicătură
23345	zidi
23346	zidire
23347	ziditor
23348	zidui
23349	zigomorf
23350	zigospor
23351	zigzac
23352	zimberec
23353	zimberechi
23354	zimberic
23355	zimbil
23356	zimbire
23357	zimbru
23358	zimte
23359	zimț
23360	zimța
23361	zimțar
23362	zimțat
23363	zimți
23364	zimțui
23365	zimțuit
23366	zinca
23367	zincografia
23368	zincografic
23369	zincui
23370	zinghet
23371	zingirliu
23372	zinire
23373	zină
23374	ziori
23375	zipt
23376	ziulică
23377	ziuliță
23378	zizanie
23379	ziț
23380	zleamăn
23381	zloată
23382	zlobiv
23383	zlot
23384	zlotar
23385	zlotaș
23386	zlătar
23387	zlătăreasă
23388	zmei
23389	zmeiesc
23390	zmeoaică
23391	zmeoaie
23392	zmeoi
23393	zmeu
23394	zmeurar
23395	zmeuriu
23396	zmeuriș
23397	zminteală
23398	zminti
23399	zmintit
23400	zmirnă
23401	zmoală
23402	zmoc
23403	zmredui
23404	zmucitură
23405	zmugă
23406	zmulge
23407	zmult
23408	zmunci
23409	zmuncit
23410	zmuncitură
23411	zmău
23412	znamen
23413	znamenie
23414	znamăn
23415	znidă
23416	znop
23417	znopi
23418	znovos
23419	zoală
23420	zobon
23421	zobonaș
23422	zodiar
23423	zodiaș
23424	zodier
23425	zof
23426	zograf
23427	zografie
23428	zogrăfit
23429	zoi
23430	zoil
23431	zoios
23432	zolit
23433	zolniță
23434	zolomâzdră
23435	zolud
23436	zonar
23437	zonare
23438	zongoraș
23439	zongoră
23440	zoofit
23441	zoolatru
23442	zooloagă
23443	zoolog
23444	zoomorf
23445	zoomorfic
23446	zoospor
23447	zootehnician
23448	zor
23449	zoralie
23450	zoraliu
23451	zorbagiu
23452	zorbalic
23453	zorea
23454	zornet
23455	zornăi
23456	zornăitor
23457	zornăitură
23458	zorobi
23459	zoroboc
23460	zorzoană
23461	zorzoi
23462	zorzon
23463	zorzona
23464	zorzonat
23465	zovon
23466	zuf
23467	zugraf
23468	zugrav
23469	zugruma
23470	zugrumare
23471	zugrumat
23472	zugrăvală
23473	zugrăveală
23474	zugrăvi
23475	zugrăvie
23476	zugrăvire
23477	zugrăvitură
23478	zuhăit
23479	zule
23480	zuliar
23481	zulie
23482	zuluf
23483	zulum
23484	zumaricale
23485	zumzet
23486	zuralie
23487	zurba
23488	zurbagie
23489	zurbagiu
23490	zurbalâc
23491	zurbală
23492	zurbav
23493	zurbavă
23494	zurbă
23495	zurgălău
23496	zurliu
23497	zurui
23498	zuruitor
23499	zurăi
23500	zuvelca
23501	zuă
23502	zvanțig
23503	zvastică
23504	zvelt
23505	zver
23506	zvoană
23507	zvoară
23508	zvocotire
23509	zvon
23510	zvoni
23511	zvorac
23512	zvoriște
23513	zvâcnet
23514	zvâcnire
23515	zvâcnit
23516	zvâcnitură
23517	zvânta
23518	zvânturat
23519	zvârc
23520	zvârcolire
23521	zvârli
23522	zvârlitură
23523	zvârlugă
23524	zvăpăiat
23525	zvăpăiată
23526	zâmba
23527	zâmberec
23528	zâmbil
23529	zâmbire
23530	zâmbitor
23531	zâmbitură
23532	zâmbre
23533	zâmbri
23534	zâmbru
23535	zângănire
23536	zângănitor
23537	zânitură
23538	zânișoară
23539	zână
23540	zâzanie
23541	zăbală
23542	zăbavnic
23543	zăbavă
23544	zăblău
23545	zăbon
23546	zăbovi
23547	zăbovire
23548	zăbovitor
23549	zăbranic
23550	zăbrea
23551	zăbreli
23552	zăbum
23553	zăbun
23554	zăbunar
23555	zăbunaș
23556	zăbunel
23557	zăbălos
23558	zăbăuc
23559	zăbăvi
23560	zăbăvit
23561	zăcare
23562	zăcaș
23563	zăcere
23564	zăcnată
23565	zăcneată
23566	zăcut
23567	zăcătoare
23568	zăcător
23569	zădar
23570	zădarnic
23571	zăduf
23572	zădufos
23573	zădăreală
23574	zădări
23575	zădărnici
23576	zădărnicie
23577	zădărî
23578	zăgaz
23579	zăgaș
23580	zăgnadă
23581	zăgnat
23582	zăgnată
23583	zăgneată
23584	zăgneață
23585	zăgârnă
23586	zăgăzui
23587	zăhar
23588	zăhată
23589	zăhăi
23590	zăhăială
23591	zăhăit
23592	zăhărea
23593	zăhări
23594	zăhătui
23595	zăinată
23596	zălezit
23597	zăloagă
23598	zălog
23599	zălogi
23600	zălogire
23601	zăloji
23602	zălojire
23603	zălojit
23604	zălud
23605	zăminti
23606	zămisli
23607	zămislire
23608	zămnată
23609	zămneată
23610	zămnic
23611	zămorâre
23612	zămorât
23613	zămorî
23614	zămos
23615	zămoz
23616	zămuz
23617	zămuță
23618	zămărî
23619	zănatec
23620	zănatic
23621	zăngăneală
23622	zăngăni
23623	zăngănire
23624	zăngănitură
23625	zănoagă
23626	zăpcea
23627	zăpcială
23628	zăplad
23629	zăplaz
23630	zăpodie
23631	zăpor
23632	zăpsit
23633	zăpușeală
23634	zăpuși
23635	zăpăceală
23636	zăpăci
23637	zăpăcire
23638	zăpăcită
23639	zăpăit
23640	zăr
23641	zărea
23642	zărăfie
23643	zărăstit
23644	zăsti
23645	zăstimp
23646	zăt
23647	zăticneală
23648	zăticni
23649	zăticnire
23650	zăticnit
23651	zătigni
23652	zătignire
23653	zătihni
23654	zătoare
23655	zăton
23656	zătoni
23657	zător
23658	zăuita
23659	zăuitare
23660	zăuitat
23661	zăvadă
23662	zăvastră
23663	zăvastă
23664	zăveasă
23665	zăvează
23666	zăvelcă
23667	zăvistios
23668	zăvod
23669	zăvoi
23670	zăvor
23671	zăvorî
23672	zăvârdacă
23673	zăvăi
23674	zăzușă
23675	îmbelșugare
23676	îmbelșugat
23677	îmbi
23678	îmbia
23679	îmbibare
23680	îmbielșugare
23681	îmbielșugat
23682	îmbiere
23683	îmblare
23684	îmblet
23685	îmblânzi
23686	îmblânzitor
23687	îmblăci
23688	îmblăcit
23689	îmblăciu
23690	îmblănit
23691	îmblăti
23692	îmblătit
23693	îmblătitoare
23694	îmblătitor
23695	îmbobocire
23696	îmbobocit
23697	îmboborojit
23698	îmbolboji
23699	îmbold
23700	îmboldi
23701	îmboldire
23702	îmbondori
23703	îmbondorit
23704	îmboura
23705	îmbourat
23706	îmbrobodi
23707	îmbrobodire
23708	îmbrânceală
23709	îmbrânci
23710	îmbrățișa
23711	îmbrățoșa
23712	îmbrățoșare
23713	îmbrățoșat
23714	îmbuca
23715	îmbucare
23716	îmbucura
23717	îmbucătură
23718	îmbucătăți
23719	îmbucătățire
23720	îmbufna
23721	îmbuiba
23722	îmbuibare
23723	îmbujora
23724	îmbulzeală
23725	îmbulzi
23726	îmbulzire
23727	îmbumba
23728	îmbuna
23729	îmbunare
23730	îmburda
23731	îmburdat
23732	îmbutelia
23733	îmbâcsit
23734	îmbârliga
23735	îmbăia
23736	îmbăiera
23737	îmbăla
23738	îmbălsăma
23739	îmbălsămit
23740	îmbălțare
23741	îmbărbăta
23742	îmbărbătare
23743	îmbăta
23744	îmbătare
23745	îmbătrâni
23746	îmbătăciune
23747	îmbătător
23748	îmfla
23749	îmflare
23750	îmflat
23751	împelițat
23752	împenat
23753	împerechea
23754	împestrița
23755	împestrițare
23756	împestrițătură
23757	împeți
23758	împiedeca
23759	împiedecare
23760	împiedecat
23761	împiedicător
23762	împiegat
23763	împielițat
23764	împietri
23765	împietrire
23766	împila
23767	împilare
23768	împilator
23769	împilător
23770	împintena
23771	împintenat
23772	împistri
23773	împistrătoare
23774	împle
23775	împlea
23776	împletecit
23777	împleti
23778	împletici
23779	împleticire
23780	împletitură
23781	împlinitor
23782	împlut
23783	împlânta
23784	împlătoșat
23785	împodobire
23786	împodobit
23787	împoncișa
23788	împoncișare
23789	împoncișat
23790	împopora
23791	împoporare
23792	împoporat
23793	împopoța
23794	împopoțona
23795	împosesui
23796	împosesuire
23797	împosesuit
23798	împotrivire
23799	împotrivit
23800	împotrivitoare
23801	împotrivitor
23802	împotrivnic
23803	împovăra
23804	împovărare
23805	împovărată
23806	împrejmui
23807	împrejmuire
23808	împrejmuitor
23809	împrejura
23810	împrejuraș
23811	împrejurime
23812	împresura
23813	împresurare
23814	împreunare
23815	împreunat
23816	împricinat
23817	împricinată
23818	împrieteni
23819	împroprietări
23820	împroprietărire
23821	împrospăta
23822	împrotivitoare
23823	împrotivitor
23824	împrotivnic
23825	împroșca
23826	împroșcare
23827	împroșcătură
23828	împrumutare
23829	împrăștiat
23830	împrăștietor
23831	împuia
23832	împuncișare
23833	împungaci
23834	împunge
23835	împungător
23836	împunsătură
23837	împurpurat
23838	împuta
23839	împutare
23840	împuternici
23841	împutăciune
23842	împușca
23843	împușcătură
23844	împuți
23845	împuțiciune
23846	împuținare
23847	împuținat
23848	împuțitură
23849	împâclit
23850	împânzi
23851	împâsli
23852	împăca
23853	împăcare
23854	împăciui
23855	împăciuire
23856	împăciuitor
23857	împăciuitorist
23858	împăcăciune
23859	împăcătoare
23860	împăduri
23861	împăia
23862	împăienjeni
23863	împăinjenit
23864	împământeni
23865	împământenire
23866	împăna
23867	împăra
23868	împărechere
23869	împăroșa
23870	împărăteasă
23871	împărătesc
23872	împărătuș
23873	împărăție
23874	împărățire
23875	împărțeală
23876	împărțire
23877	împărțitor
23878	împătimire
23879	împătrit
23880	împătura
23881	împături
23882	înainta
23883	înaintare
23884	înaintaș
23885	înaintit
23886	înamorare
23887	înamorat
23888	înapoia
23889	înapoiere
23890	înaripa
23891	înarma
23892	înauri
23893	înaurit
23894	înavuți
23895	înavuțire
23896	încadrabil
23897	încarcera
23898	încarna
23899	încartirui
23900	încartiruire
23901	încasator
23902	încastra
23903	încazarma
23904	începătoare
23905	începătură
23906	încercui
23907	încercuire
23908	încetineală
23909	încetinel
23910	încetățeni
23911	încetățenire
23912	închega
23913	închegare
23914	închegător
23915	încheiare
23916	încheietoare
23917	încheietor
23918	închelbăra
23919	închina
23920	închinga
23921	închingat
23922	închinăciune
23923	închinătoare
23924	închinător
23925	închipuire
23926	închircit
23927	încifra
23928	încinci
23929	încincit
23930	încinde
23931	încinge
23932	încingătoare
23933	înciuda
23934	înclei
23935	încleiat
23936	încleiere
23937	încleșta
23938	încleștare
23939	înclina
23940	înclinare
23941	înclinațiune
23942	încoifat
23943	încolona
23944	încolăci
23945	încolăcire
23946	încolătăci
23947	încolătăcit
23948	încolți
23949	încondeia
23950	încondura
23951	înconjur
23952	înconjura
23953	înconjurare
23954	încopcia
23955	încorda
23956	încordare
23957	încordător
23958	încordătură
23959	încornorat
23960	încorona
23961	încoronare
23962	încorseta
23963	încotoșmănat
23964	încovoia
23965	încovoietură
23966	încovriga
23967	încrede
23968	încredința
23969	încredințare
23970	încremeni
23971	încremenire
23972	încresta
23973	încrezută
23974	încreștinare
23975	încreți
23976	încrețitură
23977	încrosna
23978	încrucișa
23979	încrunta
23980	încruntare
23981	încruntătură
23982	încrusta
23983	încuia
23984	încuibat
23985	încuiere
23986	încuietor
23987	încujba
23988	încujbare
23989	încujbat
23990	încumetare
23991	încunjur
23992	încunjura
23993	încunjurat
23994	încunjurime
23995	încunoștința
23996	încunoștințare
23997	încununa
23998	încura
23999	încurare
24000	încurca
24001	încurcală
24002	încurcare
24003	încurcătură
24004	încuscrire
24005	încuscrit
24006	încuviința
24007	încâinat
24008	încâinit
24009	încâlceală
24010	încâlci
24011	încâlcitură
24012	încântec
24013	încântic
24014	încântător
24015	încârjoia
24016	încârjoiat
24017	încârliga
24018	încârlionțat
24019	încăiera
24020	încăierare
24021	încăleca
24022	încălecare
24023	încălica
24024	încălicat
24025	încălâfat
24026	încălăfat
24027	încălărare
24028	încălărat
24029	încălța
24030	încălțare
24031	încălțător
24032	încăpea
24033	încăpui
24034	încăpuit
24035	încăpăținare
24036	încăpățânare
24037	încăpățânat
24038	încărcat
24039	încărunțit
24040	încătușa
24041	îndatora
24042	îndatori
24043	îndatorire
24044	îndatorit
24045	îndatoritor
24046	îndeletnicire
24047	îndelunga
24048	îndelungare
24049	îndemnare
24050	îndemnătură
24051	îndemânare
24052	îndemânatec
24053	îndemânatic
24054	îndemânos
24055	îndemănatec
24056	îndemănatic
24057	îndemănos
24058	îndesa
24059	îndesare
24060	îndesi
24061	îndesoare
24062	îndestul
24063	îndestula
24064	îndestulare
24065	îndestulător
24066	îndigui
24067	îndobitoci
24068	îndobitocire
24069	îndoctrina
24070	îndoeală
24071	îndoielnic
24072	îndoință
24073	îndoios
24074	îndoit
24075	îndoitură
24076	îndolia
24077	îndopa
24078	îndosi
24079	îndreptar
24080	îndreptui
24081	îndreptător
24082	îndreptăți
24083	îndreptățire
24084	îndritui
24085	îndrituire
24086	îndruga
24087	îndrăci
24088	îndrăcită
24089	îndrăgi
24090	îndrăsni
24091	îndrăzneală
24092	îndrăzneț
24093	îndrăzni
24094	îndrăznire
24095	îndrăznitor
24096	înduioșa
24097	înduioșare
24098	înduioși
24099	înduioșire
24100	îndulci
24101	îndumnezei
24102	îndumpleca
24103	îndupleca
24104	înduplecare
24105	înduplecător
24106	îndura
24107	îndurare
24108	îndurera
24109	îndurerare
24110	îndurător
24111	îndușmănit
24112	îndârji
24113	îndârjire
24114	îndămănatic
24115	îndărăpnic
24116	îndărăptnic
24117	îndărătnic
24118	îndărătnicie
24119	îndărătnicit
24120	îndătina
24121	înecare
24122	înecat
24123	înecăcios
24124	înecăciune
24125	înecătură
24126	înfeuda
24127	înfia
24128	înfiera
24129	înfierare
24130	înfierbânta
24131	înfierbântare
24132	înfiere
24133	înfige
24134	înfigăreț
24135	înfiora
24136	înfiorare
24137	înfiorător
24138	înfira
24139	înfirat
24140	înfiripa
24141	înfiripare
24142	înfla
24143	înflora
24144	înflorit
24145	înflăcăra
24146	înflăcărare
24147	înfoca
24148	înfocare
24149	înfocăciune
24150	înfocătură
24151	înfofoli
24152	înfoia
24153	înforma
24154	înformat
24155	înfricat
24156	înfricoșa
24157	înfricoșare
24158	înfrigurare
24159	înfrigurat
24160	înfrumuseța
24161	înfrunt
24162	înfruntare
24163	înfruntător
24164	înfrunzire
24165	înfrunzit
24166	înfrupta
24167	înfrâna
24168	înfrânge
24169	înfrăți
24170	înfrățire
24171	înfuleca
24172	înfumurat
24173	înfunda
24174	înfundătură
24175	înfurca
24176	înfurcat
24177	înfurcit
24178	înfurcitură
24179	înfurcătură
24180	înfuria
24181	înfăptuire
24182	înfăptuitor
24183	înfășa
24184	înfășare
24185	înfășura
24186	înfășurătoare
24187	înfășurător
24188	înfășățel
24189	înfăța
24190	înfățișare
24191	înfățișat
24192	înfățoșa
24193	înfățoșare
24194	înfățoșat
24195	îngemăna
24196	îngenunchea
24197	îngenunchere
24198	îngenunchia
24199	îngenunchiat
24200	îngeraș
24201	îngerel
24202	îngeresc
24203	îngheboșat
24204	înghimpa
24205	înghițit
24206	înghițitură
24207	înglobare
24208	înglobat
24209	înglodat
24210	înglotare
24211	înglotat
24212	îngloti
24213	înglotire
24214	îngreca
24215	îngrecat
24216	îngreuia
24217	îngreuiare
24218	îngrețoșa
24219	îngrețoșare
24220	îngrijare
24221	îngrijat
24222	îngrijitor
24223	îngrijura
24224	îngropa
24225	îngropare
24226	îngropăciune
24227	îngrozi
24228	îngrozire
24229	îngrozâtură
24230	îngroșa
24231	îngrădi
24232	îngrădire
24233	îngrăditură
24234	îngrămădeală
24235	îngrămădi
24236	îngrămădire
24237	îngrășător
24238	îngusta
24239	îngustime
24240	îngâmfare
24241	îngâmfat
24242	îngâna
24243	îngânare
24244	îngândurat
24245	îngârbovit
24246	îngădui
24247	îngăduială
24248	îngăduință
24249	îngăduire
24250	îngăduitor
24251	îngăima
24252	îngăimare
24253	îngăimeală
24254	îngăimăci
24255	îngălat
24256	îngălbeni
24257	îngălmăceală
24258	îngălăciune
24259	înholbat
24260	înhăma
24261	înhămaci
24262	înhăța
24263	înierba
24264	înjgheba
24265	înjghebare
24266	înjosi
24267	înjosire
24268	înjositor
24269	înjuga
24270	înjunghia
24271	înjura
24272	înjurătură
24273	înlemni
24274	înlesni
24275	înlesnire
24276	înlesnitor
24277	înlănțui
24278	înlănțuire
24279	înlăturat
24280	înmiit
24281	înmiresma
24282	înmlădia
24283	înmlădiitor
24284	înmormânta
24285	înmugurit
24286	înmulți
24287	înmundirat
24288	înmănunchea
24289	înmănușat
24290	înmărmuri
24291	înmărmurire
24292	înnebuni
24293	înneca
24294	înnecat
24295	înnegri
24296	înnegrire
24297	înnegura
24298	înnemeri
24299	înnemuri
24300	înnobila
24301	înnoda
24302	înnodare
24303	înnoi
24304	înnomoli
24305	înnomolit
24306	înnoptat
24307	înnoroi
24308	înnourat
24309	înnăbuși
24310	înnăbușit
24311	înnădit
24312	înnădușit
24313	înnămoli
24314	înnărăvi
24315	înnăscut
24316	înoire
24317	înoit
24318	înotare
24319	înregimenta
24320	înrobitor
24321	înrourat
24322	înroși
24323	înrudire
24324	înrudit
24325	înrâuri
24326	înrâurire
24327	înrâurită
24328	înrădăcinat
24329	înrăi
24330	înrămurat
24331	înscena
24332	înscăuna
24333	înseila
24334	însemn
24335	însemnare
24336	însemnătate
24337	însemnător
24338	însenina
24339	înseninare
24340	înseninat
24341	însera
24342	înserare
24343	înseria
24344	însetare
24345	însetat
24346	însetoșare
24347	însetoșat
24348	însiloza
24349	înspicat
24350	înspuma
24351	înspăimat
24352	înspăimânta
24353	înspăimântare
24354	înspăimântător
24355	înstelat
24356	înstreinare
24357	înstreinat
24358	înstrunat
24359	înstruța
24360	înstruțat
24361	înstrăina
24362	înstrăinare
24363	înstărit
24364	însufleți
24365	însuflețire
24366	însuflețitor
24367	însul
24368	însumativ
24369	însura
24370	însurare
24371	însurăciune
24372	însurătoare
24373	însurățel
24374	însuti
24375	însâmbra
24376	însâmbrat
24377	însângera
24378	însângerat
24379	însăcurat
24380	însăila
24381	însăilare
24382	însănătoșa
24383	însănătoșare
24384	însănătoșat
24385	însănătoși
24386	însărcina
24387	însărcinare
24388	întabula
24389	întemeia
24390	întemeiere
24391	întemeietoare
24392	întemeietor
24393	întemnița
24394	înteți
24395	întețire
24396	întimpina
24397	întimpinare
24398	întimpinat
24399	întina
24400	întinare
24401	întinerit
24402	întineritor
24403	întinge
24404	întinsoare
24405	întinzătură
24406	întinăciune
24407	întipărire
24408	întipărit
24409	întiri
24410	întitula
24411	întitulat
24412	întocmire
24413	întona
24414	întonare
24415	întonat
24416	întorcător
24417	întorsură
24418	întortochea
24419	întovărăși
24420	întovărășire
24421	întrare
24422	întraripa
24423	întraripare
24424	întrarma
24425	întrat
24426	întrauri
24427	întraurire
24428	întrebuințabil
24429	întrebuințare
24430	întrebăciune
24431	întrebător
24432	întrece
24433	întrecere
24434	întredeschide
24435	întregie
24436	întregire
24437	întregitor
24438	întregiune
24439	întreguț
24440	întrei
24441	întrema
24442	întremare
24443	întremător
24444	întrepozit
24445	întreprinzătoare
24446	întrepriză
24447	întrerumpe
24448	întrerumpere
24449	întrerumpt
24450	întretăiat
24451	întretăiere
24452	întrevedea
24453	întrevorbire
24454	întrezări
24455	întrețese
24456	întrista
24457	întristare
24458	întristăciune
24459	întristător
24460	întroduce
24461	întrodus
24462	întroienit
24463	întroloca
24464	întrolocare
24465	întrona
24466	întronare
24467	întruloca
24468	întruni
24469	întrunire
24470	întrupa
24471	întrupare
24472	întuneca
24473	întunecare
24474	întunecime
24475	întunecos
24476	întunerec
24477	întunerici
24478	întunericime
24479	întunericire
24480	înturna
24481	înturnare
24482	înturnat
24483	întâia
24484	întâietor
24485	întâmpina
24486	întâmpinare
24487	întârzia
24488	întârziare
24489	întăi
24490	întărat
24491	întăritură
24492	întărnița
24493	întărta
24494	întărtat
24495	întărâta
24496	întărâtare
24497	învecinici
24498	învedera
24499	înveli
24500	învelitoare
24501	învenina
24502	înveninare
24503	înverzi
24504	înverșuna
24505	înverșunare
24506	învescut
24507	înveseli
24508	înveselire
24509	înveselitor
24510	învesmântat
24511	învestmântat
24512	înveșmânta
24513	înveșnici
24514	învește
24515	învești
24516	învia
24517	învierșunare
24518	învierșunat
24519	învietor
24520	învifora
24521	învigora
24522	înviiare
24523	învincere
24524	învineți
24525	învingere
24526	învinovăți
24527	învinovățire
24528	învinui
24529	învinuire
24530	înviora
24531	înviorare
24532	înviorător
24533	învioșare
24534	învis
24535	învitare
24536	învitat
24537	învoi
24538	învoială
24539	învoința
24540	învoioșa
24541	învoire
24542	învolba
24543	învolbura
24544	învolburare
24545	învolt
24546	învrednici
24547	învrâsta
24548	învrâstat
24549	învrăjbi
24550	învrăjbire
24551	învrăjmăși
24552	învrăjmășire
24553	învârsta
24554	învârstat
24555	învârteală
24556	învârtecuș
24557	învârteji
24558	învârtejire
24559	învârti
24560	învârticuș
24561	învârtire
24562	învârtitoare
24563	învârtitor
24564	învârtitură
24565	învârtită
24566	învârtoșa
24567	învârtoșare
24568	învălitoare
24569	învălmășag
24570	învălmășeală
24571	învălmăși
24572	învălui
24573	învăluială
24574	învăluiare
24575	învăluitor
24576	învălura
24577	învălurat
24578	învălătuci
24579	învăpăiat
24580	învărga
24581	învăscut
24582	învățătoresc
24583	înzdrăveni
24584	înzdrăvenire
24585	înzeci
24586	înzeit
24587	înzestra
24588	înzorzona
24589	înzorzonare
24590	înzăbălat
24591	înzăpezi
24592	înzăua
24593	înzăuat
24594	înăbușeală
24595	înăbuși
24596	înăbușitor
24597	înăclăi
24598	înăcri
24599	înădușeală
24600	înăduși
24601	înălbi
24602	înălticel
24603	înăltuț
24604	înălțare
24605	înșalvarat
24606	înșelăcios
24607	înșelător
24608	înșeptit
24609	înșesit
24610	înșeua
24611	înșfăca
24612	înșira
24613	înșirare
24614	înșirui
24615	înștiința
24616	înțelegător
24617	înțeleni
24618	înțelepți
24619	înțelepție
24620	înțelepțit
24621	înțepa
24622	înțepeneală
24623	înțepeni
24624	înțesa
24625	înțestat
24626	înțina
24627	înțoli
24628	înțoțona
24629	înțărca
24630	ălălalt
24631	ăst
24632	ăstălalt
24633	șabac
24634	șabloniza
24635	șafer
24636	șagă
24637	șahmarand
24638	șahzadea
24639	șai
24640	șaiac
24641	șaică
24642	șaisprezecelea
24643	șaitău
24644	șaizecilea
24645	șal
24646	șalang
24647	șale
24648	șalgău
24649	șalon
24650	șalvaragiu
24651	șalvari
24652	șalvir
24653	șam
24654	șamalagea
24655	șambelan
24656	șamota
24657	șampaniza
24658	șancru
24659	șandrama
24660	șansonetă
24661	șanta
24662	șantagist
24663	șantan
24664	șanteză
24665	șapcă
24666	șapirografia
24667	șapirografiat
24668	șaptelea
24669	șaptesprezecelea
24670	șar
24671	șarbă
24672	șarg
24673	șarja
24674	șarjă
24675	șarlatan
24676	șarlatanerie
24677	șarlatanesc
24678	șarlatanie
24679	șarlatanism
24680	șarlă
24681	șarpie
24682	șart
24683	șasesprezecelea
24684	șasă
24685	șatrancă
24686	șatrang
24687	șatrange
24688	șatră
24689	șavgău
24690	șașiu
24691	șcheau
24692	șchelă
24693	șchiop
24694	șchiopat
24695	șcleampă
24696	școlariza
24697	școlăresc
24698	școlăriță
24699	școtuie
24700	șcătuie
24701	șcătulă
24702	șea
24703	șelar
24704	șele
24705	șelf
24706	șențuleț
24707	șeptar
24708	șepte
24709	șerb
24710	șerbet
24711	șerbie
24712	șerbire
24713	șerlai
24714	șerpar
24715	șerpe
24716	șerpesc
24717	șerpiu
24718	șerpoaică
24719	șerpoaie
24720	șerpoi
24721	șerpuind
24722	șerpuire
24723	șerpuitor
24724	șerpuitură
24725	șerui
24726	șervet
24727	șes
24728	șese
24729	șestină
24730	șetrar
24731	șeverui
24732	șezlong
24733	șezând
24734	șezătoare
24735	șezător
24736	șeștină
24737	șfară
24738	șfei
24739	șfenchel
24740	șfert
24741	șfichi
24742	șfichiuit
24743	șfichiuitor
24744	șiac
24745	șicana
24746	șicanatoare
24747	șicanator
24748	șicană
24749	șiclu
24750	șicui
24751	șicuire
24752	șif
24753	șifona
24754	șilboc
24755	șiler
24756	șimi
24757	șindili
24758	șindilit
24759	șindilă
24760	șindrilar
24761	șindrili
24762	șindrilă
24763	șindrui
24764	șineag
24765	șinor
24766	șintoist
24767	șinui
24768	șinur
24769	șinură
24770	șioi
24771	șip
24772	șipcă
24773	șipot
24774	șipușor
24775	șirag
24776	șireadă
24777	șireag
24778	șireclic
24779	șireglă
24780	șiret
24781	șiretenie
24782	șiretlic
24783	șireție
24784	șirincă
24785	șiroi
24786	șirui
24787	șiră
24788	șistos
24789	șivoi
24790	șiș
24791	șișcă
24792	șiștar
24793	șiștav
24794	șiștor
24795	șiță
24796	șlag
24797	șlaier
24798	șlaif
24799	șlaifăr
24800	șlam
24801	șlapă
24802	șleah
24803	șleahtă
24804	șleapcă
24805	șleapă
24806	șleau
24807	șlengher
24808	șlep
24809	șlic
24810	șlică
24811	șlif
24812	șling
24813	șlip
24814	șloag
24815	șluc
24816	șmecheresc
24817	șmotri
24818	șmotru
24819	șmotrui
24820	șnaidăr
24821	șnapan
24822	șnaps
24823	șnurui
24824	șoacăț
24825	șoaldă
24826	șoaptă
24827	șoarec
24828	șoarece
24829	șoaric
24830	șoarice
24831	șocant
24832	șocolată
24833	șod
24834	șofrăniu
24835	șogor
24836	șoim
24837	șoiman
24838	șoimane
24839	șoimulean
24840	șoimuleț
24841	șoimuț
24842	șol
24843	șoldan
24844	șoldi
24845	șolduros
24846	șoltic
24847	șoltuz
24848	șomcutean
24849	șomoiog
24850	șomoltoc
24851	șoncăi
24852	șont
24853	șontorog
24854	șonți
24855	șop
24856	șopot
24857	șopoti
24858	șopotitor
24859	șopron
24860	șopru
24861	șopti
24862	șoptire
24863	șoptitor
24864	șopârlariță
24865	șopârliță
24866	șopârlă
24867	șopăială
24868	șorecar
24869	șoreciu
24870	șoric
24871	șoricar
24872	șoriceasă
24873	șoricesc
24874	șoricioaică
24875	șoricuț
24876	șorț
24877	șosela
24878	șoselui
24879	șotie
24880	șovan
24881	șovar
24882	șovinism
24883	șovinist
24884	șovăială
24885	șovăielnic
24886	șovăind
24887	șovăire
24888	șovăitor
24889	șoș
24890	șoșoi
24891	șoșon
24892	șpais
24893	șpan
24894	șpanchiu
24895	șpangă
24896	șpargă
24897	șparhat
24898	șparli
24899	șperlă
24900	șperț
24901	șperțui
24902	șpil
24903	șpioană
24904	șpion
24905	șpirt
24906	șpițer
24907	șpor
24908	șporoli
24909	șpraiț
24910	șpraițui
24911	șpur
24912	șpuroaică
24913	șpăclui
24914	șpăltui
24915	șrapnel
24916	ștablon
24917	ștaer
24918	ștafetar
24919	ștal
24920	ștalău
24921	ștangă
24922	ștanță
24923	șteamp
24924	șteap
24925	ștearsă
24926	ștează
24927	ștempel
24928	ștemplu
24929	ștemplui
24930	ștempluire
24931	ștempluit
24932	ștemui
24933	ștergar
24934	ștergură
24935	șterpeli
24936	ștersură
24937	ștersătură
24938	șterț
24939	știmă
24940	știoacă
24941	știob
24942	știol
24943	știr
24944	știrb
24945	știrbire
24946	știrbit
24947	știrbitură
24948	știrici
24949	știrică
24950	știriță
24951	știubei
24952	știucă
24953	știuhă
24954	știuldic
24955	știulete
24956	știutor
24957	ștocăli
24958	ștofă
24959	ștos
24960	ștraf
24961	ștraif
24962	ștrapaț
24963	ștreang
24964	ștrec
24965	ștrecui
24966	ștrefui
24967	ștrengar
24968	ștrengăresc
24969	ștrengărie
24970	ștrengăriță
24971	ștric
24972	ștrudel
24973	ștrulubatic
24974	ștuc
24975	ștudentă
24976	șturț
24977	ștănțui
24978	șubler
24979	șubred
24980	șubă
24981	șuc
24982	șucată
24983	șuchea
24984	șucheat
24985	șuchi
24986	șucăr
24987	șucări
24988	șugar
24989	șugubeț
24990	șugubină
24991	șugubăț
24992	șugui
24993	șugărel
24994	șuharcă
24995	șui
24996	șuiera
24997	șuierar
24998	șuierare
24999	șuierător
25000	șuierătură
25001	șuiet
25002	șular
25003	șuler
25004	șulerie
25005	șulhetic
25006	șumen
25007	șumăn
25008	șupi
25009	șurgăn
25010	șurlui
25011	șuroaie
25012	șurubar
25013	șurubui
25014	șură
25015	șuta
25016	șuti
25017	șutili
25018	șutău
25019	șuvar
25020	șuviță
25021	șuvoi
25022	șușanea
25023	șușlete
25024	șușoteală
25025	șușotit
25026	șuștac
25027	șușter
25028	șuștor
25029	șuștăr
25030	șușui
25031	șvab
25032	șvarț
25033	șveadă
25034	șved
25035	șvedă
25036	șvezesc
25037	șvăboaică
25038	șâșâi
25039	șădere
25040	șăgaci
25041	șăgalnic
25042	șăinăli
25043	șălvirie
25044	șănțuleț
25045	șătrar
25046	șăuaș
25047	țag
25048	țaglă
25049	țal
25050	țambalagiu
25051	țanc
25052	țandură
25053	țandără
25054	țanțoș
25055	țap
25056	țapin
25057	țapinar
25058	țapină
25059	țar
25060	țarat
25061	țarc
25062	țarcă
25063	țarevici
25064	țarigrădeancă
25065	țarină
25066	țarism
25067	țarist
25068	țarnă
25069	țarțam
25070	țață
25071	țeapă
25072	țeapăn
25073	țeară
25074	țeastă
25075	țeche
25076	țeft
25077	țeh
25078	țel
25079	țelinos
25080	țelovanie
25081	țelui
25082	țenchi
25083	țencușă
25084	țep
25085	țepoi
25086	țepos
25087	țepter
25088	țepușă
25089	țepălău
25090	țepăruie
25091	țeremonie
25092	țernă
25093	țesală
25094	țestos
25095	țesăla
25096	țesălare
25097	țesătoare
25098	țesător
25099	țevie
25100	țevșoară
25101	țiclete
25102	țiclă
25103	țiclău
25104	țicneală
25105	țicnire
25106	țicnit
25107	țicui
25108	țică
25109	țidulă
25110	țifrășag
25111	țigaie
25112	țigan
25113	țigancă
25114	țigană
25115	țigare
25116	țigarea
25117	țigaretă
25118	țigher
25119	țighir
25120	țiglar
25121	țiglău
25122	țignal
25123	țigăncușă
25124	țigănesc
25125	țigănie
25126	țigănime
25127	țigănuș
25128	țigănărit
25129	țigărit
25130	țihliș
25131	țihlă
25132	țiitoare
25133	țiitor
25134	țiitorie
25135	țil
25136	țilindru
25137	țimară
25138	țimbular
25139	țiment
25140	țimir
25141	țimp
25142	țimpor
25143	ținc
25144	țincuș
25145	țincușă
25146	țincvais
25147	țincă
25148	ținere
25149	țingălău
25150	țingău
25151	țintar
25152	țintat
25153	țintaș
25154	ținterim
25155	ținteș
25156	ținti
25157	țintirim
25158	țintitor
25159	țintui
25160	țintuire
25161	ținutal
25162	ținutaș
25163	ținutașă
25164	țipa
25165	țipar
25166	țipenie
25167	țiperig
25168	țipet
25169	țipiș
25170	țipoi
25171	țipăt
25172	țipătoare
25173	țipătură
25174	țipău
25175	țirculă
25176	țircălam
25177	țircălan
25178	țirulic
25179	țiră
25180	țiteră
25181	țitroană
25182	țitron
25183	țiu
25184	țiuitor
25185	țiuitură
25186	țivil
25187	țivilie
25188	țivilitate
25189	țițeică
25190	țiță
25191	țoagă
25192	țoală
25193	țoapă
25194	țobâc
25195	țoc
25196	țocli
25197	țocăi
25198	țof
25199	țoft
25200	țog
25201	țoghie
25202	țoi
25203	țoic
25204	țol
25205	țolincă
25206	țolină
25207	țolitură
25208	țop
25209	țopârlan
25210	țopârlăni
25211	țov
25212	țuc
25213	țucat
25214	țucor
25215	țucur
25216	țucăr
25217	țug
25218	țugui
25219	țuguia
25220	țugări
25221	țuiculiță
25222	țuică
25223	țundră
25224	țupăi
25225	țurană
25226	țurcă
25227	țurcănească
25228	țurcănesc
25229	țurloi
25230	țurțur
25231	țurțure
25232	țușc
25233	țuști
25234	țuț
25235	țuțui
25236	țuțula
25237	țuțur
25238	țuțura
25239	țâf
25240	țâflă
25241	țâfnos
25242	țâfnă
25243	țâfă
25244	țâmp
25245	țâmpor
25246	țânc
25247	țâncuș
25248	țâncușă
25249	țâncă
25250	țânțar
25251	țâpuri
25252	țâpătură
25253	țâr
25254	țârcovnic
25255	țârcâi
25256	țârfă
25257	țârâi
25258	țâră
25259	țâșnire
25260	țâșnit
25261	țâșnitor
25262	țâșnitură
25263	țâț
25264	țâțână
25265	țâță
25266	țăcălie
25267	țăcăneală
25268	țăcăni
25269	țăcănitură
25270	țăcănită
25271	țălegraf
25272	țăncuș
25273	țăncușă
25274	țăndăros
25275	țăpoaie
25276	țăpoi
25277	țărancă
25278	țărcălam
25279	țărcălan
25280	țărcălui
25281	țărcălău
25282	țărigrădeancă
25283	țărișoară
25284	țărm
25285	țărmur
25286	țărmure
25287	țărmurean
25288	țărmureană
25289	țărmurire
25290	țărmurit
25291	țărmuros
25292	țărnă
25293	țăruș
25294	țărușă
25295	țărânos
25296	țărână
25297	țărănatic
25298	țărăncuță
25299	țărănească
25300	țărănie
25301	țărănime
25302	țărănism
25303	țărănist
25304	țărănoi
25305	țățică
25306	aciu
25307	activant
25308	acționară
25309	adresare
25310	adâncire
25311	aeriform
25312	aerolit
25313	aflare
25314	aghesmuit
25315	agrariană
25316	agrementa
25317	agrest
25318	aistalalt
25319	alambic
25320	albui
25321	albumeală
25322	albăstreală
25323	alidadă
25324	alienabil
25325	alini
25326	alintător
25327	alivancă
25328	altaic
25329	alunel
25330	aluviune
25331	ambigen
25332	amibă
25333	amnistiat
25334	amuța
25335	amăriu
25336	anafora
25337	analizare
25338	andezită
25339	anexare
25340	anin
25341	antepus
25342	anticanceros
25343	antipirină
25344	antroponimic
25345	antroponimie
25346	anunțare
25347	apucare
25348	arbiu
25349	argăsitor
25350	argăți
25351	arhitravă
25352	ariană
25353	ariditate
25354	aripat
25355	arsenios
25356	arvuni
25357	ascundere
25358	asmuțire
25359	asonanță
25360	astâmpărat
25361	asud
25362	atacare
25363	aterizaj
25364	autogir
25365	avară
25366	azura
25367	baccea
25368	bahorniță
25369	balaoacheș
25370	balie
25371	balistă
25372	balivernă
25373	banalizat
25374	batere
25375	batjocuri
25376	batojit
25377	batracian
25378	berceuse
25379	betegi
25380	bețivă
25381	biber
25382	biciului
25383	bilingvism
25384	birocrată
25385	bisextil
25386	blamare
25387	bleojdi
25388	bleot
25389	boace
25390	boambă
25391	bocitor
25392	bocănitură
25393	boieros
25394	boiște
25395	bombardă
25396	boroană
25397	borti
25398	borză
25399	borțos
25400	bostangiu
25401	boxeur
25402	broscăresc
25403	brudnic
25404	brânduș
25405	brădiș
25406	brădui
25407	bubat
25408	buburuz
25409	buchisi
25410	bucălai
25411	bucăliu
25412	buft
25413	buged
25414	buimăcire
25415	bulbucat
25416	bunețe
25417	butucos
25418	bușă
25419	băbușcă
25420	bădărănesc
25421	bălmăji
25422	bălăel
25423	bărzăun
25424	bășicuță
25425	cadră
25426	calamandros
25427	calicesc
25428	calici
25429	calomniere
25430	camerist
25431	campanulă
25432	capsoman
25433	captar
25434	captă
25435	carcer
25436	cargou
25437	catalogare
25438	ceasornicărie
25439	cehesc
25440	cehoslovacă
25441	cercui
25442	cesăla
25443	chefal
25444	chelnăr
25445	chia
25446	chihăi
25447	chilioară
25448	chimval
25449	chisea
25450	chițibuș
25451	cihăi
25452	cimbal
25453	cinaș
25454	ciocoiesc
25455	ciocălău
25456	ciotur
25457	cireșiu
25458	cislui
25459	ciuciur
25460	ciuhurez
25461	clampa
25462	claponi
25463	clarobscur
25464	clocă
25465	clănțău
25466	clătinătură
25467	clătări
25468	cocleț
25469	cocoloși
25470	codină
25471	codârlă
25472	colaționa
25473	colectivistă
25474	coleră
25475	colăcer
25476	comentare
25477	complecta
25478	complinire
25479	complinit
25480	compozită
25481	computa
25482	condeier
25483	conferire
25484	conjunctivă
25485	consfințire
25486	contrarietate
25487	conăcar
25488	coptă
25489	coralier
25490	corespondentă
25491	coreu
25492	corimb
25493	cornuț
25494	coropcar
25495	coruptibil
25496	cositorit
25497	cotare
25498	cotcodăci
25499	cotropitoare
25500	covergă
25501	coșară
25502	coșcov
25503	cristă
25504	crosnă
25505	crucifer
25506	crucișă
25507	crustaceu
25508	crâmpoți
25509	crăcan
25510	cucurig
25511	cufundar
25512	culm
25513	cupeț
25514	cupi
25515	cuprindere
25516	curbare
25517	curcubetă
25518	curm
25519	curteni
25520	cuțitoi
25521	cârni
25522	câștigare
25523	căciular
25524	căinare
25525	călină
25526	călăfătui
25527	căpresc
25528	cătăniță
25529	căzător
25530	cățelandru
25531	dactil
25532	dactilografă
25533	dalmațian
25534	datat
25535	dejă
25536	delator
25537	demobilizat
25538	democratizat
25539	demonstrare
25540	denega
25541	dentală
25542	deputată
25543	descoji
25544	descrucișa
25545	desculța
25546	desfereca
25547	desfăt
25548	despreuna
25549	detunet
25550	devlă
25551	devotă
25552	dezbrăcare
25553	dezdoi
25554	dezmânia
25555	deznodat
25556	dezordona
25557	dezvinui
25558	deșertat
25559	deșurubat
25560	diamantină
25561	diferențială
25562	diforma
25563	difterică
25564	digeste
25565	diriguitoare
25566	discutare
25567	dispunere
25568	divinizare
25569	divizion
25570	dobitoacă
25571	doftorici
25572	dornă
25573	dreptar
25574	drișcă
25575	dropioi
25576	drăcărie
25577	drămălui
25578	dubălar
25579	duduit
25580	duduitură
25581	duplu
25582	dupuros
25583	durd
25584	durdui
25585	dăinuitor
25586	dănănaie
25587	dăscălici
25588	dăula
25589	ebenist
25590	eclesiastic
25591	eleat
25592	elinesc
25593	elogiere
25594	elucidare
25595	encomion
25596	epentetic
25597	epicureic
25598	estropia
25599	etală
25600	etimolog
25601	evaza
25602	excerpta
25603	executantă
25604	exilare
25605	exoflisi
25606	exordiu
25607	expre
25608	factotum
25609	fanerogamă
25610	farafastâc
25611	fasule
25612	favus
25613	ferfenița
25614	ferie
25615	feșteală
25616	filare
25617	filetă
25618	filigrana
25619	firfiric
25620	flamba
25621	flocoșică
25622	fluturatic
25623	fofează
25624	fonfăit
25625	forțare
25626	francat
25627	frăsinel
25628	fulmicoton
25629	furnicare
25630	gangă
25631	gasteropod
25632	generar
25633	ghemuleț
25634	ghili
25635	ghint
25636	gineri
25637	giumbuș
25638	glauc
25639	gloanță
25640	globi
25641	globulare
25642	glădici
25643	golomoz
25644	gonitoare
25645	gorgonă
25646	gravare
25647	grenadină
25648	grijit
25649	grimă
25650	grindei
25651	grupat
25652	gubav
25653	guralivă
25654	gâdili
25655	gârneț
25656	găbji
25657	găinărie
25658	găsire
25659	găunoși
25660	găurea
25661	habotnicie
25662	haidamac
25663	haiducit
25664	halalaie
25665	halca
25666	helice
25667	herdeli
25668	hindichi
25669	hiperbolic
25670	hlujan
25671	hoanghină
25672	holbat
25673	hotărnici
25674	hoțesc
25675	humos
25676	humui
25677	huscă
25678	hârău
25679	hârșâi
25680	hâțâna
25681	hăit
25682	hălălaie
25683	hăți
25684	icră
25685	ideografic
25686	ieniceresc
25687	iest
25688	iezuitic
25689	igienist
25690	igliță
25691	igrasios
25692	ijderi
25693	ilimitat
25694	imerge
25695	imineu
25696	imitatoare
25697	impoliteță
25698	imponderabil
25699	importuna
25700	includere
25701	incrustație
25702	indelicateță
25703	indicare
25704	indigenat
25705	indrușaim
25706	influențare
25707	infuz
25708	ingenuă
25709	insubordonat
25710	interpolat
25711	inventare
25712	investire
25713	ispol
25714	izvorâtoare
25715	jepi
25716	jochei
25717	jordie
25718	jugula
25719	jugului
25720	jujeu
25721	jumătăți
25722	justițiară
25723	juvăț
25724	juxtapus
25725	jălitor
25726	jărăgai
25727	latifundiu
25728	latinizant
25729	lavalieră
25730	lecuitor
25731	lefteri
25732	legitimist
25733	lehău
25734	leicuță
25735	leorcăi
25736	linchi
25737	lingav
25738	liniat
25739	litografiat
25740	litotă
25741	locomobil
25742	lopăta
25743	lumeț
25744	lăieț
25745	lănțui
25746	lănțuș
25747	lăpăi
25748	lăstări
25749	macrocosm
25750	magnetizat
25751	maimuți
25752	malaric
25753	manelă
25754	manin
25755	marghiolie
25756	mariaș
25757	martă
25758	marulă
25759	masat
25760	mascare
25761	matracucă
25762	matricul
25763	matriculă
25764	mașinație
25765	mediat
25766	mediatoare
25767	medicinist
25768	megiaș
25769	megieșesc
25770	melițat
25771	meridiană
25772	metahirisi
25773	metalifer
25774	metamorfozare
25775	meșteresc
25776	miaun
25777	micuțel
25778	mijă
25779	minciunea
25780	miorlăitor
25781	mitralie
25782	mișea
25783	mișun
25784	mițui
25785	modelor
25786	modoroi
25787	modulat
25788	mojică
25789	molcomi
25790	molipsire
25791	molotru
25792	momire
25793	monahicesc
25794	morcoviu
25795	mormăitură
25796	morocăni
25797	mototoli
25798	motroși
25799	mozaică
25800	mozoli
25801	moșit
25802	moșmoană
25803	mucar
25804	mucea
25805	mulgere
25806	murmurând
25807	muschetar
25808	mustru
25809	mâglisi
25810	mânat
25811	mârli
25812	măcelăresc
25813	măciuci
25814	mărunțire
25815	mărăcinos
25816	măsai
25817	măselariță
25818	namiază
25819	narcotiza
25820	neangajat
25821	neasimilat
25822	necalculabil
25823	nechez
25824	nechitit
25825	necomestibil
25826	nedelicateță
25827	neflexibil
25828	nemaicunoscut
25829	nemernică
25830	neprecugetat
25831	nepregetător
25832	nerecunoștință
25833	neroadă
25834	nervat
25835	neteza
25836	netrebnică
25837	neuzitat
25838	nevertebrată
25839	nevolnici
25840	nisipi
25841	noctambul
25842	noduroasă
25843	nonă
25844	norie
25845	normat
25846	nuanțare
25847	nubil
25848	nuntit
25849	năclăi
25850	nămiază
25851	nămoli
25852	năpaste
25853	năzărire
25854	oarzăn
25855	oaspăt
25856	oaspătă
25857	obsecvios
25858	observatoare
25859	observatoriu
25860	ocina
25861	ocări
25862	odagaci
25863	odogaci
25864	oferire
25865	oficiere
25866	ologi
25867	omitere
25868	omnivoră
25869	opreg
25870	optativă
25871	optzecilea
25872	oscilă
25873	osmanliu
25874	osmană
25875	ostoia
25876	paceaură
25877	pachebot
25878	pahiderm
25879	palatal
25880	paleoslavă
25881	palinodie
25882	panacee
25883	pandoră
25884	pansea
25885	papagalicesc
25886	paraliză
25887	parcan
25888	parcheta
25889	parnasianism
25890	pasivism
25891	patrontaș
25892	pavă
25893	penetrabil
25894	pepenărie
25895	percal
25896	perier
25897	perj
25898	persiană
25899	pescăriță
25900	pestrița
25901	picoteală
25902	picur
25903	picuș
25904	pieptăraș
25905	pietricea
25906	pilit
25907	piscoi
25908	pistruia
25909	pișcător
25910	piț
25911	placardă
25912	planare
25913	pleasnă
25914	plenison
25915	pleoscăit
25916	plesnire
25917	pletoric
25918	pleșcar
25919	plinuț
25920	ploconeală
25921	plodi
25922	plonjeu
25923	pluguleț
25924	plumburie
25925	plăsea
25926	plăvan
25927	pocit
25928	podgoriu
25929	poftăreț
25930	poghircă
25931	poleacă
25932	poligamă
25933	poliglotă
25934	pologi
25935	pomăda
25936	ponegritor
25937	ponivos
25938	porcesc
25939	porcoi
25940	porcăi
25941	positiv
25942	posmăgi
25943	postavă
25944	postăvar
25945	potcaș
25946	potcovi
25947	potolitor
25948	potricăli
25949	povarnagiu
25950	pozitivistă
25951	practicare
25952	pragmatist
25953	praxiu
25954	prepozit
25955	preromantic
25956	prezicere
25957	prezisă
25958	prigonitoare
25959	prigorie
25960	pripoană
25961	priporos
25962	priveghe
25963	probant
25964	probare
25965	procreație
25966	prodig
25967	profetiza
25968	profilă
25969	prohibi
25970	prorocesc
25971	prorupe
25972	prostană
25973	prosticel
25974	prostire
25975	prostovol
25976	protestatară
25977	proșca
25978	prunar
25979	prunet
25980	prăfăraie
25981	prăpăditor
25982	prăvălatic
25983	prășcău
25984	puia
25985	puturoasă
25986	pâclos
25987	pâslos
25988	păciui
25989	păduchea
25990	păios
25991	păltinaș
25992	păretar
25993	părinție
25994	părtini
25995	părâng
25996	părădui
25997	pătrare
25998	pătăranie
25999	quiproquo
26000	rabotat
26001	radere
26002	rambleu
26003	rapăn
26004	rariță
26005	readucere
26006	recurbat
26007	refectoriu
26008	regicid
26009	remaia
26010	remorcat
26011	repeziș
26012	reprehensibil
26013	repugnant
26014	retez
26015	retoromană
26016	retractare
26017	retrasa
26018	reîntrona
26019	reînturna
26020	ridicată
26021	rimat
26022	riverană
26023	robaci
26024	rocoșit
26025	roire
26026	roit
26027	romboidal
26028	rosătură
26029	rotacism
26030	rotilat
26031	rotondă
26032	rumenel
26033	rumeniu
26034	râșnit
26035	rădăciniu
26036	rămânere
26037	răscol
26038	răspopă
26039	răvar
26040	răzleți
26041	răzuș
26042	rășlui
26043	rășpălui
26044	sabină
26045	sacristie
26046	saigiu
26047	sanhedrin
26048	santă
26049	satara
26050	saturare
26051	savură
26052	scapete
26053	schif
26054	schimă
26055	scitic
26056	sclavaj
26057	sclifoseală
26058	sclipit
26059	sclipui
26060	scobire
26061	scopit
26062	scormonire
26063	scroambă
26064	scrobos
26065	scrânti
26066	scufiță
26067	scumpeturi
26068	scurtare
26069	scârnăvi
26070	secătuire
26071	semnalment
26072	semnificat
26073	semălui
26074	semănare
26075	seniorie
26076	septentrional
26077	sepulcral
26078	serpent
26079	sfarog
26080	sfeștoc
26081	sfredeleac
26082	sfârâitor
26083	sfărâmătură
26084	sibilic
26085	sicativ
26086	sifilitică
26087	silepsă
26088	silnici
26089	simbolistă
26090	sincopat
26091	sinodic
26092	situare
26093	slomni
26094	slugări
26095	slujitorie
26096	sluți
26097	slăvire
26098	smintă
26099	smălțui
26100	solecism
26101	soll
26102	solvabil
26103	solzișor
26104	somnișor
26105	soresc
26106	sotnic
26107	spaniolesc
26108	spartană
26109	specificare
26110	spectroscop
26111	spelcă
26112	spirtos
26113	spondeu
26114	sprinteior
26115	spumegat
26116	spurc
26117	spusă
26118	spârc
26119	spăimos
26120	spătăresc
26121	statuă
26122	steblă
26123	stenografic
26124	stenografie
26125	stereotipa
26126	stoică
26127	streșini
26128	structurare
26129	strunea
26130	strunji
26131	strâmta
26132	străduitor
26133	străfiga
26134	străjac
26135	sturlubatic
26136	stărosti
26137	subalpin
26138	subalternă
26139	subdiviza
26140	subtilizat
26141	subîmpărțire
26142	succedaneu
26143	succedare
26144	sucire
26145	suflătoare
26146	sugrumare
26147	sugrumător
26148	superarbitru
26149	sutelea
26150	suvenire
26151	sâneață
26152	sângerat
26153	sălbătăci
26154	sămădău
26155	săpunel
26156	sărbătorire
26157	tabă
26158	tahigraf
26159	talan
26160	tandur
26161	tangentă
26162	tangou
26163	tarhan
26164	telamon
26165	teleleică
26166	tentaculă
26167	teratologic
26168	tergiman
26169	testă
26170	teutonic
26171	teșmenit
26172	tildă
26173	tinerie
26174	tins
26175	tintă
26176	tipi
26177	tocmă
26178	tontolete
26179	tontălău
26180	torcător
26181	trambala
26182	trampă
26183	transferare
26184	trebnic
26185	treier
26186	triera
26187	tropăitură
26188	trosnitor
26189	trucă
26190	trăgace
26191	trăgătoare
26192	trăsnitor
26193	tufecciu
26194	tută
26195	tânguit
26196	târâi
26197	târâre
26198	tăicuță
26199	tălpoi
26200	tăpși
26201	ugilit
26202	ultragia
26203	umbeliferă
26204	undula
26205	uneltitor
26206	urar
26207	urgisit
26208	urloi
26209	urător
26210	uscățel
26211	uzare
26212	vaccină
26213	valiu
26214	variațional
26215	vatală
26216	vatăm
26217	velă
26218	venust
26219	vergă
26220	verziu
26221	vesperal
26222	veștejit
26223	vicisitudine
26224	viforatic
26225	vineție
26226	vingalac
26227	vinișoară
26228	vintrea
26229	vinărici
26230	viscolos
26231	vizare
26232	vizuine
26233	voinicit
26234	vrăjmașă
26235	vuvuit
26236	vârteji
26237	văcăriță
26238	vălmăși
26239	văluros
26240	vărga
26241	vătășiță
26242	zadarnici
26243	zavragiu
26244	zburdare
26245	zburătăci
26246	zdruncin
26247	zguduială
26248	ziler
26249	zincografie
26250	zobi
26251	zobit
26252	zootehnică
26253	zorit
26254	zoriu
26255	zuzet
26256	zvânturatic
26257	zvârlit
26258	zârnă
26259	zănat
26260	zăngănitor
26261	zăngăt
26262	zăplan
26263	zăpsi
26264	zăpuc
26265	zăpușitor
26266	zăpăcitor
26267	zărghit
26268	îmbelșuga
26269	îmblăni
26270	îmbodoli
26271	îmbrăcare
26272	împiedicare
26273	împătimi
26274	împătri
26275	încingere
26276	încolțire
26277	încornora
26278	încotoșmăna
26279	încăputa
26280	îndobitocit
26281	îndrumătoare
26282	înfloritură
26283	înfumurare
26284	înghioldi
26285	îngurzi
26286	îngândura
26287	îngăla
26288	înmii
26289	înnădi
26290	înstruna
26291	înstări
26292	însăma
26293	întregit
26294	întroieni
26295	întunec
26296	înveselit
26297	învioșa
26298	învrăjbit
26299	înăbușire
26300	înădi
26301	înădușitor
26302	înălbit
26303	înăltișor
26304	înșiruit
26305	șapirograf
26306	șarampoi
26307	șchiopătare
26308	șerbi
26309	șerpișor
26310	șfichiui
26311	șiboi
26312	șinuit
26313	șoimar
26314	șoldit
26315	șoldiu
26316	șonț
26317	șonțit
26318	șoșoni
26319	șpalt
26320	șprițui
26321	ștab
26322	știrba
26323	șuier
26324	șurup
26325	șănțui
26326	țaică
26327	țepeni
26328	țiclean
26329	țigănos
26330	țipirig
26331	țistui
26332	țuluc
26333	țurcană
26334	țușcă
26335	țuțuian
26336	țângău
26337	țărcui
26338	țărmuri
26339	abecedare
26340	acrit
26341	afâna
26342	ageri
26343	agățător
26344	aiurită
26345	ajunsă
26346	arendat
26347	asiriană
26348	asupritoare
26349	ațintit
26350	ațâțat
26351	bocit
26352	bravă
26353	bât
26354	caște
26355	cercetătoare
26356	cheltuitoare
26357	cită
26358	ciucuri
26359	ciungi
26360	coborâtoare
26361	coconi
26362	combinare
26363	crăci
26364	cucute
26365	cufund
26366	cuibare
26367	cutezătoare
26368	cutreier
26369	cârmuit
26370	cârtit
26371	căiesc
26372	căpița
26373	căruțele
26374	darwinistă
26375	dementă
26376	depeșa
26377	descusut
26378	desfătat
26379	deziluziona
26380	dezmierdat
26381	fanariotă
26382	fanatică
26383	flamandă
26384	frigări
26385	frământ
26386	fugară
26387	fălit
26388	galeșă
26389	grefat
26390	ignorantă
26391	impresionistă
26392	incultă
26393	indispensabili
26394	intrigantă
26395	iscodit
26396	izbândit
26397	izbăvitoare
26398	jignea
26399	jupoi
26400	lapidare
26401	lașă
26402	leșia
26403	liberare
26404	lingușit
26405	lisă
26406	milostive
26407	moscovită
26408	mânioasă
26409	naturalistă
26410	nebăgate
26411	necredincioasă
26412	neghioabă
26413	neguțători
26414	neisprăvită
26415	nerecunoscătoare
26416	nevoiașă
26417	năprasnică
26418	nătângă
26419	obraznică
26420	parazită
26421	pedantă
26422	percepere
26423	perifraza
26424	ponegrit
26425	presar
26426	preumblat
26427	pribeagă
26428	primejduit
26429	proptea
26430	prădătoare
26431	puțului
26432	raționalistă
26433	răsfrânt
26434	răsuflu
26435	răzbun
26436	răzbătut
26437	scald
26438	scobituri
26439	scrâșnit
26440	seci
26441	sfâșii
26442	slută
26443	soarbă
26444	somnoroasă
26445	sperioasă
26446	spulber
26447	strâmtori
26448	stârpit
26449	stăpânitoare
26450	subjugare
26451	săgetat
26452	sărutată
26453	sărăcesc
26454	toantă
26455	tocă
26456	trâmbițat
26457	trădătoare
26458	tăgăduit
26459	valahă
26460	versifica
26461	vindec
26462	vineți
26463	voit
26464	vorbăreață
26465	vâltori
26466	vântos
26467	vânturat
26468	vădea
26469	zburători
26470	zgâlțâit
26471	îmbiat
26472	îmbunat
26473	îmbăiat
26474	îndărătnică
26475	îngânat
26476	înnoura
26477	înstreina
26478	întrevăzut
26479	țărănistă
26480	abonată
26481	abrutiza
26482	absolutistă
26483	acioală
26484	acoace
26485	acsizar
26486	acusa
26487	adimeni
26488	adoratoare
26489	aesta
26490	agarlâc
26491	agialâc
26492	aiurat
26493	aldin
26494	alhimist
26495	amerințător
26496	amuțire
26497	andaluză
26498	anemonă
26499	angara
26500	anticipațiune
26501	anți
26502	aprinzător
26503	aprobație
26504	aprobațiune
26505	arangiament
26506	archivă
26507	arcuire
26508	ardeiu
26509	arhimilionar
26510	arsenical
26511	atentiv
26512	aureală
26513	azard
26514	bacă
26515	bană
26516	batalama
26517	batjocuritor
26518	bectimis
26519	benedictină
26520	bernardin
26521	bisa
26522	biu
26523	blanșa
26524	blasfem
26525	bogasierie
26526	bogătașă
26527	bolniță
26528	bordee
26529	borticică
26530	brâuleț
26531	brăileancă
26532	buchie
26533	bufnitură
26534	bufă
26535	bunar
26536	buzișoară
26537	buși
26538	bârfitoare
26539	bănueală
26540	calicime
26541	calicos
26542	cangrenat
26543	capitălaș
26544	capod
26545	capoțel
26546	caprin
26547	caret
26548	catadicsi
26549	cașă
26550	celnic
26551	cheltueală
26552	chibzueală
26553	chinoviu
26554	chivernisit
26555	ciocănea
26556	ciorchin
26557	ciparos
26558	cirezar
26559	clasificație
26560	cletina
26561	clocitoare
26562	clătinător
26563	coabă
26564	coconei
26565	cocotier
26566	cocuță
26567	codaci
26568	colivar
26569	comediană
26570	comptabil
26571	concuistă
26572	confidentă
26573	congedia
26574	congestiune
26575	consecuință
26576	consimțimânt
26577	consorte
26578	consternație
26579	constrictor
26580	consultațiune
26581	conturba
26582	copeică
26583	copilandră
26584	coprin
26585	corijent
26586	coristă
26587	corobană
26588	cotropire
26589	crispare
26590	cristei
26591	crăpăt
26592	cuminicătură
26593	cumnățel
26594	cunoscătoare
26595	curiosa
26596	cuvertă
26597	cârciumăriță
26598	cârtitor
26599	căini
26600	călimar
26601	căpățină
26602	cărturăreasă
26603	damicelă
26604	dantist
26605	daradaică
26606	daurit
26607	deală
26608	delătura
26609	desacord
26610	descolorat
26611	desdoi
26612	desgropa
26613	desmoșteni
26614	desrădăcina
26615	deziluziune
26616	dezolație
26617	diaconeasă
26618	dogal
26619	dotal
26620	dracilă
26621	dulcișor
26622	dumnezee
26623	dumnialui
26624	duruitură
26625	dârdâitor
26626	dârî
26627	eclipsat
26628	econoamă
26629	efeb
26630	emfasă
26631	equator
26632	esagerațiune
26633	espediție
26634	esperimentat
26635	etu
26636	etă
26637	exagerațiune
26638	exaltațiune
26639	fantasc
26640	fasolică
26641	faustian
26642	ferbințeală
26643	fiitor
26644	firtă
26645	fisic
26646	flușturatec
26647	fondament
26648	fortificațiune
26649	frigăruie
26650	frigătoare
26651	frământător
26652	fulguire
26653	fâlfăi
26654	fărșerot
26655	galb
26656	galetă
26657	galonat
26658	garanță
26659	garnisi
26660	gemat
26661	germine
26662	giruetă
26663	goluț
26664	gospodărit
26665	grandoman
26666	grecoman
26667	gârliciu
26668	halucinare
26669	hemiciclu
26670	hirotonisi
26671	horcăitor
26672	horăitură
26673	hramă
26674	hursuzlâc
26675	hârși
26676	hărșie
26677	ianicer
26678	ichi
26679	ieroglifă
26680	ilichie
26681	inamică
26682	inchietudine
26683	incomoditate
26684	incomplect
26685	indigestiune
26686	indispozițiune
26687	indomptabil
26688	infama
26689	inie
26690	inimoșie
26691	intermediator
26692	intonațiune
26693	invidioasă
26694	invocare
26695	irupție
26696	izvorâtor
26697	jartieră
26698	jerfă
26699	jic
26700	jidaucă
26701	jând
26702	lașa
26703	lefușoară
26704	legato
26705	lighian
26706	limă
26707	localizator
26708	loculă
26709	lăncer
26710	lăvicioară
26711	maledicție
26712	mamiță
26713	mavrofor
26714	mesalină
26715	mesă
26716	milord
26717	minghinea
26718	ministreasă
26719	miriadă
26720	mistificat
26721	monstră
26722	moron
26723	munculiță
26724	munificență
26725	murin
26726	mușir
26727	mănușat
26728	mărginașă
26729	mătăsică
26730	măzărică
26731	naică
26732	nematerial
26733	neobrăzare
26734	neomenesc
26735	neorândueală
26736	nepedepsire
26737	nerevocabil
26738	neronian
26739	nestăpânire
26740	neurastenic
26741	nevropat
26742	nizam
26743	nobilat
26744	nourel
26745	ocaziona
26746	octavin
26747	oficiant
26748	ohavnic
26749	oleo
26750	opaieț
26751	opor
26752	opresor
26753	ostracism
26754	ovație
26755	oțeri
26756	paciință
26757	paiajen
26758	paneraș
26759	paralitică
26760	parete
26761	paricid
26762	pechi
26763	pedagogă
26764	pelagros
26765	pericolos
26766	persuada
26767	peticel
26768	pistolaș
26769	pituli
26770	planșete
26771	plicui
26772	plăzmuitoare
26773	poclad
26774	podobă
26775	polială
26776	pomăzuit
26777	potea
26778	preoteșică
26779	pretensiune
26780	pretin
26781	prietinos
26782	prigon
26783	primăreasă
26784	priu
26785	pronuncie
26786	prostituțiune
26787	prostrațiune
26788	prășilă
26789	pumnișor
26790	pălici
26791	pătimitor
26792	pătișor
26793	rachie
26794	radiar
26795	rancă
26796	randevu
26797	recela
26798	reclamațiune
26799	reconduce
26800	reconvalescență
26801	recreare
26802	recrută
26803	regenerațiune
26804	repercutat
26805	resimțimânt
26806	respectos
26807	respirațiune
26808	resuvenire
26809	reutate
26810	revărs
26811	rezăma
26812	rezămat
26813	rips
26814	riză
26815	rondel
26816	roșatec
26817	roșcovă
26818	roșiatec
26819	rumenită
26820	ruxandră
26821	râpit
26822	răcea
26823	rădan
26824	răsbi
26825	răsbit
26826	răsteală
26827	răsvrăti
26828	răufăcătoare
26829	samavolnicie
26830	sapient
26831	sbir
26832	sburli
26833	scelerată
26834	schin
26835	scoborâtor
26836	scotă
26837	scrintit
26838	scrumelniță
26839	scrâșnitură
26840	scurteicuță
26841	scutier
26842	scârțiit
26843	scăpărătură
26844	sdreanță
26845	sdreli
26846	sdruncina
26847	semplu
26848	sensațiune
26849	sensualitate
26850	sfărmătură
26851	sfășia
26852	sglobiu
26853	sgândări
26854	sgârci
26855	sgâriat
26856	simțiment
26857	sirocco
26858	slugărime
26859	solidificat
26860	sorțar
26861	spânatec
26862	stafidit
26863	stampilă
26864	sterpiciune
26865	storci
26866	strejui
26867	strânsătură
26868	străgănire
26869	stânjinire
26870	stârci
26871	stârnitor
26872	stăricică
26873	sublimat
26874	subtiliza
26875	sucă
26876	suflețire
26877	sugestiona
26878	suin
26879	supozițiune
26880	supția
26881	surmenat
26882	suteran
26883	sânțenie
26884	săltătură
26885	tenculeț
26886	titulă
26887	toroapă
26888	transacțiune
26889	transițiune
26890	transmutare
26891	trapăt
26892	trebșoară
26893	tresăritură
26894	troteur
26895	tuliu
26896	târnă
26897	uim
26898	ultrademocrat
26899	uranisc
26900	urcător
26901	urătoare
26902	utopist
26903	ușcioară
26904	veget
26905	venusian
26906	vibrător
26907	vicecomite
26908	viconte
26909	violință
26910	voala
26911	voltairian
26912	vulnera
26913	vâjiit
26914	zgrebulit
26915	zmerit
26916	zmuci
26917	zăvori
26918	zăvorit
26919	îmblânzitoare
26920	îmbrâncitură
26921	îmbâcsi
26922	împleteci
26923	încreț
26924	încrimina
26925	îndrăgostire
26926	îndulcire
26927	înfrânat
26928	înfulica
26929	îngemănare
26930	îngrijurat
26931	îngălbini
26932	înmlădiere
26933	înnăbușitor
26934	înnăduși
26935	întremat
26936	învesmânta
26937	învita
26938	învoeală
26939	învăpăiere
26940	șarje
26941	șeptelea
26942	șmoc
26943	țui
